#F mu_McMaster.dat
#UT Photon-atom total cross sections for X-ray attenuation (McMaster)
#C  Derived from the ESRF DABAX file CrossSec_McMaster.dat (dated 2001-09-18),
#C  itself generated with the mucal subroutine (P. Bandyopadhyay) from:
#C    W. H. McMaster, N. Kerr Del Grande, J. H. Mallett & J. H. Hubbell (1969),
#C    Compilation of X-ray Cross Sections, UCRL-50174 Sec. II Rev. 1.
#C  Modifications for pxrd-refine (see ATTRIBUTION.md):
#C    - energy-trimmed to 2-120 keV (lab + synchrotron powder-XRD band)
#C    - columns reduced to PhotonEnergy / Photoelectric / Total
#C      (the photoelectric column is kept to detect absorption-edge
#C       intervals: it is the only component that jumps at an edge)
#C  Elements Z=84,85,87,88,89,91,93 are absent from the McMaster compilation.
#UD Column description:
#UD   1: PhotonEnergy[eV]  2: Photoelectric[barn/atom]  3: Total[barn/atom]
#S   1 H
#N 3
#L PhotonEnergy[eV]  Photoelectric[barn/atom]  Total[barn/atom]
2004.49 1.10518 1.77904
2043.68 1.03465 1.70336
2083.64 0.968603 1.63235
2124.38 0.906749 1.56574
2165.92 0.848825 1.50325
2208.27 0.794582 1.44464
2251.44 0.743791 1.38967
2295.47 0.696229 1.33811
2340.35 0.651695 1.28977
2386.11 0.609995 1.24445
2432.76 0.570952 1.20196
2480.33 0.534396 1.16214
2528.82 0.50017 1.12481
2578.27 0.468128 1.08985
2628.68 0.438129 1.05709
2680.08 0.410044 1.02641
2732.48 0.383752 0.997692
2785.91 0.359139 0.970807
2840.38 0.336097 0.945649
2895.92 0.314529 0.922115
2952.54 0.294339 0.900109
3010.27 0.27544 0.879539
3069.12 0.257751 0.860321
3129.14 0.241192 0.842373
3190.32 0.225694 0.825621
3252.7 0.211189 0.809993
3316.3 0.197611 0.795422
3381.14 0.184905 0.781847
3447.25 0.173012 0.769208
3514.65 0.161882 0.75745
3583.37 0.151465 0.746521
3653.43 0.141717 0.736371
3724.87 0.132594 0.726955
3797.7 0.124056 0.71823
3871.95 0.116067 0.710154
3947.66 0.108591 0.702689
4024.84 0.101595 0.695799
4103.54 0.095048 0.68945
4183.77 0.0889221 0.683609
4265.58 0.08319 0.678246
4348.98 0.0778265 0.673333
4434.02 0.0728078 0.668843
4520.71 0.0681121 0.66475
4609.1 0.0637183 0.661029
4699.22 0.0596076 0.65766
4791.1 0.0557614 0.65462
4884.78 0.0521627 0.651889
4980.29 0.0487959 0.649447
5077.67 0.0456458 0.647278
5176.95 0.0426988 0.645363
5278.17 0.0399417 0.643687
5381.37 0.0373623 0.642234
5486.59 0.0349491 0.640989
5593.87 0.0326916 0.639941
5703.24 0.0305796 0.639074
5814.75 0.0286039 0.638377
5928.45 0.0267556 0.637838
6044.36 0.0250265 0.637446
6162.55 0.0234091 0.637191
6283.04 0.021896 0.637063
6405.89 0.0204807 0.637052
6531.14 0.0191567 0.637149
6658.84 0.0179182 0.637346
6789.04 0.0167596 0.637635
6921.78 0.015676 0.638007
7057.11 0.0146623 0.638456
7195.1 0.0137141 0.638975
7335.78 0.0128272 0.639557
7479.22 0.0119976 0.640195
7625.45 0.0112216 0.640884
7774.55 0.0104958 0.641618
7926.56 0.00981689 0.642392
8081.55 0.00918187 0.6432
8239.56 0.00858793 0.644038
8400.67 0.00803238 0.6449
8564.92 0.00751278 0.645782
8732.38 0.00702677 0.646681
8903.12 0.00657219 0.647591
9077.2 0.00614702 0.64851
9254.69 0.00574935 0.649433
9435.64 0.00537742 0.650356
9620.13 0.00502954 0.651278
9808.22 0.00470418 0.652193
10000 0.00439986 0.6531
10195.5 0.00411525 0.653996
10394.9 0.00384904 0.654877
10598.1 0.00360007 0.655741
10805.3 0.00336721 0.656586
11016.6 0.00314941 0.657409
11232 0.00294572 0.658208
11451.6 0.0027552 0.658981
11675.5 0.00257702 0.659725
11903.8 0.00241038 0.66044
12136.6 0.00225451 0.661123
12373.9 0.00210874 0.661773
12615.8 0.0019724 0.662387
12862.5 0.00184488 0.662965
13114 0.00172562 0.663505
13370.4 0.00161408 0.664005
13631.8 0.00150975 0.664464
13898.4 0.00141218 0.664882
14170.1 0.00132092 0.665257
14447.1 0.00123557 0.665588
14729.6 0.00115574 0.665874
15017.6 0.00108108 0.666114
15311.3 0.00101125 0.666307
15610.6 0.000945938 0.666453
15915.9 0.000884853 0.666551
16227.1 0.000827717 0.666601
16544.3 0.00077428 0.666601
16867.8 0.000724297 0.666551
17197.6 0.00067755 0.666451
17533.9 0.000633824 0.666301
17876.7 0.000592928 0.666099
18226.3 0.000554675 0.665847
18582.6 0.000518897 0.665543
18946 0.000485431 0.665187
19316.4 0.000454131 0.664779
19694.1 0.000424852 0.664319
20079.2 0.000397466 0.663807
20471.8 0.000371851 0.663244
20872 0.00034789 0.662628
21280.1 0.000325478 0.66196
21696.2 0.000304513 0.66124
22120.4 0.000284904 0.660469
22552.9 0.00026656 0.659646
22993.9 0.000249401 0.658771
23443.5 0.000233351 0.657846
23901.9 0.000218336 0.65687
24369.2 0.000204291 0.655843
24845.7 0.000191152 0.654765
25331.5 0.000178861 0.653639
25826.8 0.000167363 0.652462
26331.8 0.000156607 0.651236
26846.6 0.000146545 0.649962
27371.5 0.000137131 0.64864
27906.7 0.000128324 0.647269
28452.3 0.000120086 0.645852
29008.7 0.000112377 0.644388
29575.9 0.000105167 0.642878
30154.1 9.84199e-05 0.641322
30743.7 9.21077e-05 0.639722
31344.8 8.62023e-05 0.638077
31957.7 8.06767e-05 0.636388
32582.6 7.55073e-05 0.634656
33219.7 7.06701e-05 0.632882
33869.2 6.61445e-05 0.631066
34531.4 6.19099e-05 0.629209
35206.6 5.79475e-05 0.627311
35894.9 5.42401e-05 0.625374
36596.8 5.07707e-05 0.623398
37312.3 4.75246e-05 0.621383
38041.9 4.44869e-05 0.619331
38785.7 4.16442e-05 0.617243
39544.1 3.89842e-05 0.615118
40317.3 3.64949e-05 0.612958
41105.6 3.41654e-05 0.610763
41909.3 3.19853e-05 0.608535
42728.7 2.99451e-05 0.606274
43564.2 2.80357e-05 0.60398
44416 2.62486e-05 0.601656
45284.4 2.45762e-05 0.5993
46169.8 2.30109e-05 0.596916
47072.6 2.15458e-05 0.594501
47992.9 2.01746e-05 0.592059
48931.3 1.88911e-05 0.58959
49888.1 1.76898e-05 0.587093
50863.5 1.65652e-05 0.584572
51858 1.55126e-05 0.582025
52871.9 1.45273e-05 0.579454
53905.7 1.3605e-05 0.57686
54959.7 1.27415e-05 0.574243
56034.3 1.19332e-05 0.571604
57129.9 1.11766e-05 0.568944
58247 1.04682e-05 0.566265
59385.8 9.80495e-06 0.563566
60547 9.18403e-06 0.560848
61730.8 8.6027e-06 0.558113
62937.8 8.0584e-06 0.55536
64168.4 7.54878e-06 0.552591
65423.1 7.07159e-06 0.549807
66702.2 6.6248e-06 0.547007
68006.4 6.20643e-06 0.544195
69336.1 5.81466e-06 0.541369
70691.8 5.4478e-06 0.53853
72074.1 5.10424e-06 0.53568
73483.3 4.78252e-06 0.532818
74920.1 4.48121e-06 0.529946
76384.9 4.19905e-06 0.527066
77878.4 3.93477e-06 0.524175
79401.2 3.68725e-06 0.521277
80953.6 3.45543e-06 0.518372
82536.5 3.23829e-06 0.515459
84150.3 3.03491e-06 0.51254
85795.6 2.8444e-06 0.509617
87473.2 2.66594e-06 0.506688
89183.5 2.49877e-06 0.503756
90927.2 2.34216e-06 0.500819
92705.1 2.19546e-06 0.49788
94517.8 2.05801e-06 0.494939
96365.8 1.92925e-06 0.491996
98249.9 1.80861e-06 0.489052
100171 1.69557e-06 0.486108
102130 1.58967e-06 0.483164
104126 1.49043e-06 0.480221
106162 1.39745e-06 0.47728
108238 1.31031e-06 0.47434
110354 1.22866e-06 0.471403
112512 1.15214e-06 0.468468
114712 1.08043e-06 0.465537
116955 1.01323e-06 0.46261
119242 9.50239e-07 0.459688
#S   2 He
#N 3
#L PhotonEnergy[eV]  Photoelectric[barn/atom]  Total[barn/atom]
2004.49 41.6649 44.1517
2043.68 38.9949 41.4625
2083.64 36.4939 38.9422
2124.38 34.1513 36.5803
2165.92 31.9574 34.3668
2208.27 29.9027 32.2926
2251.44 27.9786 30.3489
2295.47 26.1769 28.5275
2340.35 24.4899 26.8209
2386.11 22.9104 25.2217
2432.76 21.4317 23.7233
2480.33 20.0474 22.3193
2528.82 18.7515 21.0039
2578.27 17.5386 19.7714
2628.68 16.4032 18.6166
2680.08 15.3406 17.5346
2732.48 14.3462 16.5209
2785.91 13.4155 15.5712
2840.38 12.5447 14.6813
2895.92 11.7298 13.8476
2952.54 10.9674 13.0664
3010.27 10.254 12.3345
3069.12 9.5867 11.6488
3129.14 8.96234 11.0063
3190.32 8.37833 10.4043
3252.7 7.83203 9.84028
3316.3 7.32102 9.31173
3381.14 6.84309 8.8165
3447.25 6.39607 8.35242
3514.65 5.97804 7.91757
3583.37 5.5871 7.51007
3653.43 5.22152 7.12819
3724.87 4.87967 6.77032
3797.7 4.56004 6.43492
3871.95 4.26119 6.12059
3947.66 3.98177 5.82598
4024.84 3.72054 5.54984
4103.54 3.47633 5.29102
4183.77 3.24804 5.0484
4265.58 3.03463 4.82098
4348.98 2.83516 4.60779
4434.02 2.6487 4.40792
4520.71 2.47444 4.22055
4609.1 2.31156 4.04487
4699.22 2.15934 3.88016
4791.1 2.01708 3.72573
4884.78 1.88414 3.58091
4980.29 1.75991 3.44512
5077.67 1.64382 3.31777
5176.95 1.53535 3.19836
5278.17 1.434 3.08636
5381.37 1.3393 2.98133
5486.59 1.25083 2.88282
5593.87 1.16817 2.79042
5703.24 1.09094 2.70376
5814.75 1.0188 2.62247
5928.45 0.951406 2.54623
6044.36 0.888449 2.4747
6162.55 0.82964 2.40761
6283.04 0.774707 2.34467
6405.89 0.723398 2.28563
6531.14 0.675471 2.23025
6658.84 0.63071 2.17829
6789.04 0.5889 2.12955
6921.78 0.549856 2.08383
7057.11 0.51339 2.04093
7195.1 0.479333 2.00069
7335.78 0.447529 1.96295
7479.22 0.417828 1.92753
7625.45 0.390093 1.89431
7774.55 0.364194 1.86315
7926.56 0.340009 1.83392
8081.55 0.317426 1.80649
8239.56 0.29634 1.78076
8400.67 0.276651 1.75663
8564.92 0.258267 1.73399
8732.38 0.241102 1.71276
8903.12 0.225076 1.69283
9077.2 0.210113 1.67414
9254.69 0.196143 1.6566
9435.64 0.183101 1.64015
9620.13 0.170924 1.62471
9808.22 0.159556 1.61022
10000 0.148943 1.59663
10195.5 0.139036 1.58386
10394.9 0.129786 1.57188
10598.1 0.121152 1.56062
10805.3 0.113092 1.55005
11016.6 0.105567 1.54012
11232 0.0985431 1.53078
11451.6 0.091986 1.522
11675.5 0.0858654 1.51373
11903.8 0.0801519 1.50596
12136.6 0.0748185 1.49863
12373.9 0.0698401 1.49172
12615.8 0.0651931 1.4852
12862.5 0.0608554 1.47904
13114 0.0568065 1.47321
13370.4 0.0530271 1.4677
13631.8 0.0494993 1.46247
13898.4 0.0462065 1.4575
14170.1 0.0431329 1.45278
14447.1 0.040264 1.44828
14729.6 0.0375861 1.44399
15017.6 0.0350867 1.43988
15311.3 0.0327536 1.43595
15610.6 0.030576 1.43217
15915.9 0.0285434 1.42852
16227.1 0.0266461 1.425
16544.3 0.0248753 1.4216
16867.8 0.0232223 1.41829
17197.6 0.0216795 1.41507
17533.9 0.0202393 1.41192
17876.7 0.0188951 1.40885
18226.3 0.0176404 1.40582
18582.6 0.0164693 1.40284
18946 0.0153761 1.3999
19316.4 0.0143557 1.39699
19694.1 0.0134032 1.3941
20079.2 0.0125142 1.39122
20471.8 0.0116843 1.38834
20872 0.0109096 1.38547
21280.1 0.0101865 1.38259
21696.2 0.00951148 1.3797
22120.4 0.00888139 1.37678
22552.9 0.00829318 1.37385
22993.9 0.00774411 1.37089
23443.5 0.00723154 1.36789
23901.9 0.00675304 1.36486
24369.2 0.00630636 1.36179
24845.7 0.00588934 1.35868
25331.5 0.00550005 1.35552
25826.8 0.00513661 1.35231
26331.8 0.00479731 1.34904
26846.6 0.00448053 1.34572
27371.5 0.00418478 1.34235
27906.7 0.00390867 1.33891
28452.3 0.00365087 1.33541
29008.7 0.00341017 1.33185
29575.9 0.00318543 1.32823
30154.1 0.0029756 1.32453
30743.7 0.00277967 1.32078
31344.8 0.00259672 1.31695
31957.7 0.00242588 1.31305
32582.6 0.00226637 1.30909
33219.7 0.0021174 1.30505
33869.2 0.0019783 1.30094
34531.4 0.0018484 1.29677
35206.6 0.00172708 1.29252
35894.9 0.00161379 1.2882
36596.8 0.00150798 1.28381
37312.3 0.00140916 1.27935
38041.9 0.00131687 1.27482
38785.7 0.00123066 1.27022
39544.1 0.00115015 1.26555
40317.3 0.00107494 1.26081
41105.6 0.00100469 1.256
41909.3 0.000939074 1.25113
42728.7 0.000877775 1.24618
43564.2 0.000820513 1.24118
44416 0.000767017 1.23611
45284.4 0.000717042 1.23097
46169.8 0.000670352 1.22578
47072.6 0.000626728 1.22052
47992.9 0.00058597 1.2152
48931.3 0.000547887 1.20983
49888.1 0.000512304 1.20439
50863.5 0.000479053 1.1989
51858 0.000447982 1.19336
52871.9 0.000418947 1.18776
53905.7 0.000391811 1.18211
54959.7 0.000366452 1.17642
56034.3 0.00034275 1.17067
57129.9 0.000320599 1.16487
58247 0.000299894 1.15904
59385.8 0.000280541 1.15315
60547 0.00026245 1.14723
61730.8 0.000245539 1.14126
62937.8 0.00022973 1.13526
64168.4 0.000214951 1.12922
65423.1 0.000201132 1.12314
66702.2 0.000188214 1.11703
68006.4 0.000176135 1.11089
69336.1 0.00016484 1.10471
70691.8 0.000154278 1.09851
72074.1 0.000144401 1.09228
73483.3 0.000135165 1.08603
74920.1 0.000126527 1.07975
76384.9 0.000118448 1.07346
77878.4 0.000110892 1.06714
79401.2 0.000103824 1.0608
80953.6 9.72125e-05 1.05445
82536.5 9.10275e-05 1.04808
84150.3 8.52417e-05 1.0417
85795.6 7.98287e-05 1.0353
87473.2 7.47641e-05 1.0289
89183.5 7.00254e-05 1.02249
90927.2 6.55913e-05 1.01607
92705.1 6.14422e-05 1.00964
94517.8 5.75592e-05 1.00322
96365.8 5.39254e-05 0.996785
98249.9 5.05245e-05 0.990354
100171 4.73411e-05 0.983923
102130 4.43615e-05 0.977495
104126 4.15723e-05 0.971071
106162 3.89612e-05 0.964653
108238 3.65167e-05 0.958241
110354 3.42281e-05 0.951837
112512 3.20851e-05 0.945441
114712 3.00786e-05 0.939058
116955 2.81996e-05 0.932687
119242 2.644e-05 0.926328
#S   3 Li
#N 3
#L PhotonEnergy[eV]  Photoelectric[barn/atom]  Total[barn/atom]
2004.49 294.769 298.976
2043.68 277.492 281.683
2083.64 261.191 265.365
2124.38 245.814 249.97
2165.92 231.311 235.448
2208.27 217.634 221.752
2251.44 204.738 208.837
2295.47 192.581 196.659
2340.35 181.122 185.179
2386.11 170.322 174.357
2432.76 160.145 164.159
2480.33 150.558 154.549
2528.82 141.525 145.494
2578.27 133.019 136.964
2628.68 125.008 128.929
2680.08 117.465 121.361
2732.48 110.363 114.235
2785.91 103.678 107.525
2840.38 97.3864 101.208
2895.92 91.4656 95.2615
2952.54 85.8946 89.6646
3010.27 80.6535 84.3972
3069.12 75.7236 79.4409
3129.14 71.0865 74.7771
3190.32 66.726 70.3899
3252.7 62.626 66.2629
3316.3 58.7712 62.3809
3381.14 55.1478 58.7302
3447.25 51.7419 55.297
3514.65 48.5413 52.0689
3583.37 45.5338 49.0339
3653.43 42.7081 46.1806
3724.87 40.0535 43.4984
3797.7 37.5601 40.9774
3871.95 35.2183 38.6081
3947.66 33.0192 36.3815
4024.84 30.9543 34.2891
4103.54 29.0156 32.323
4183.77 27.1958 30.4758
4265.58 25.4875 28.7404
4348.98 23.8844 27.1102
4434.02 22.3799 25.5787
4520.71 20.9683 24.1403
4609.1 19.6439 22.7892
4699.22 18.4015 21.5204
4791.1 17.2361 20.3287
4884.78 16.1431 19.2096
4980.29 15.1181 18.1588
5077.67 14.1569 17.172
5176.95 13.2558 16.2454
5278.17 12.4109 15.3754
5381.37 11.6189 14.5586
5486.59 10.8766 13.7916
5593.87 10.1809 13.0716
5703.24 9.52895 12.3956
5814.75 8.91805 11.7609
5928.45 8.34566 11.165
6044.36 7.80941 10.6056
6162.55 7.30708 10.0804
6283.04 6.83655 9.58737
6405.89 6.39587 9.12447
6531.14 5.98315 8.68986
6658.84 5.59669 8.28184
6789.04 5.23481 7.89873
6921.78 4.89601 7.53905
7057.11 4.57884 7.20132
7195.1 4.28191 6.88419
7335.78 4.004 6.58641
7479.22 3.74388 6.30677
7625.45 3.50045 6.04416
7774.55 3.27264 5.79753
7926.56 3.05947 5.56588
8081.55 2.86002 5.3483
8239.56 2.67342 5.14392
8400.67 2.49885 4.95191
8564.92 2.33556 4.77152
8732.38 2.18282 4.60202
8903.12 2.03995 4.44274
9077.2 1.90634 4.29306
9254.69 1.78139 4.15237
9435.64 1.66455 4.02012
9620.13 1.55529 3.89579
9808.22 1.45314 3.77889
10000 1.35763 3.66896
10195.5 1.26835 3.56557
10394.9 1.18488 3.46832
10598.1 1.10686 3.37682
10805.3 1.03394 3.29073
11016.6 0.965774 3.2097
11232 0.902072 3.13344
11451.6 0.842538 3.06163
11675.5 0.786906 2.99401
11903.8 0.73492 2.93033
12136.6 0.686345 2.87033
12373.9 0.640958 2.81379
12615.8 0.598554 2.7605
12862.5 0.558937 2.71026
13114 0.521928 2.66288
13370.4 0.487354 2.61819
13631.8 0.455058 2.57602
13898.4 0.424891 2.53622
14170.1 0.396713 2.49864
14447.1 0.370395 2.46314
14729.6 0.345815 2.4296
15017.6 0.322859 2.3979
15311.3 0.30142 2.36792
15610.6 0.2814 2.33957
15915.9 0.262705 2.31273
16227.1 0.245247 2.28732
16544.3 0.228946 2.26325
16867.8 0.213724 2.24044
17197.6 0.199512 2.21881
17533.9 0.186243 2.19828
17876.7 0.173854 2.17879
18226.3 0.162287 2.16028
18582.6 0.151489 2.14268
18946 0.141408 2.12594
19316.4 0.131997 2.11001
19694.1 0.123211 2.09483
20079.2 0.11501 2.08035
20471.8 0.107354 2.06654
20872 0.100207 2.05335
21280.1 0.0935363 2.04075
21696.2 0.0873092 2.02869
22120.4 0.0814971 2.01713
22552.9 0.0760717 2.00606
22993.9 0.071008 1.99543
23443.5 0.0662815 1.98522
23901.9 0.0618699 1.9754
24369.2 0.0577524 1.96594
24845.7 0.0539092 1.95682
25331.5 0.0503224 1.94802
25826.8 0.0469745 1.93952
26331.8 0.0438499 1.93129
26846.6 0.0409336 1.92331
27371.5 0.0382118 1.91557
27906.7 0.0356715 1.90805
28452.3 0.0333006 1.90073
29008.7 0.0310878 1.8936
29575.9 0.0290226 1.88665
30154.1 0.027095 1.87985
30743.7 0.025296 1.8732
31344.8 0.023617 1.86669
31957.7 0.0220498 1.8603
32582.6 0.0205872 1.85402
33219.7 0.019222 1.84784
33869.2 0.0179479 1.84176
34531.4 0.0167587 1.83576
35206.6 0.0156487 1.82984
35894.9 0.0146126 1.82398
36596.8 0.0136455 1.81818
37312.3 0.0127429 1.81243
38041.9 0.0119004 1.80673
38785.7 0.0111139 1.80106
39544.1 0.0103798 1.79543
40317.3 0.00969453 1.78982
41105.6 0.00905484 1.78424
41909.3 0.00845768 1.77867
42728.7 0.0079002 1.77311
43564.2 0.00737979 1.76756
44416 0.00689392 1.76201
45284.4 0.00644036 1.75646
46169.8 0.00601689 1.7509
47072.6 0.0056215 1.74534
47992.9 0.00525234 1.73976
48931.3 0.00490767 1.73417
49888.1 0.00458584 1.72856
50863.5 0.00428532 1.72293
51858 0.0040047 1.71727
52871.9 0.00374266 1.71159
53905.7 0.00349794 1.70588
54959.7 0.00326942 1.70015
56034.3 0.00305598 1.69438
57129.9 0.00285664 1.68858
58247 0.00267046 1.68274
59385.8 0.00249656 1.67687
60547 0.00233413 1.67096
61730.8 0.0021824 1.66501
62937.8 0.00204065 1.65902
64168.4 0.00190824 1.65299
65423.1 0.00178453 1.64692
66702.2 0.00166896 1.6408
68006.4 0.00156097 1.63465
69336.1 0.00146007 1.62845
70691.8 0.00136579 1.6222
72074.1 0.00127769 1.61592
73483.3 0.00119535 1.60958
74920.1 0.0011184 1.60321
76384.9 0.00104649 1.59678
77878.4 0.000979265 1.59032
79401.2 0.000916434 1.58381
80953.6 0.000857701 1.57725
82536.5 0.000802792 1.57065
84150.3 0.000751461 1.564
85795.6 0.000703468 1.55731
87473.2 0.000658594 1.55057
89183.5 0.000616635 1.54379
90927.2 0.000577396 1.53697
92705.1 0.000540701 1.53011
94517.8 0.000506381 1.5232
96365.8 0.000474282 1.51625
98249.9 0.000444258 1.50926
100171 0.00041617 1.50223
102130 0.000389895 1.49515
104126 0.000365311 1.48804
106162 0.000342311 1.48089
108238 0.000320788 1.4737
110354 0.000300647 1.46648
112512 0.000281798 1.45922
114712 0.000264158 1.45192
116955 0.000247644 1.44458
119242 0.000232188 1.43722
#S   4 Be
#N 3
#L PhotonEnergy[eV]  Photoelectric[barn/atom]  Total[barn/atom]
2004.49 1074.84 1081.91
2043.68 1012.28 1019.3
2083.64 953.252 960.223
2124.38 897.554 904.478
2165.92 845.01 851.885
2208.27 795.448 802.274
2251.44 748.708 755.484
2295.47 704.631 711.358
2340.35 663.073 669.749
2386.11 623.895 630.52
2432.76 586.966 593.54
2480.33 552.161 558.683
2528.82 519.362 525.832
2578.27 488.459 494.877
2628.68 459.345 465.709
2680.08 431.919 438.23
2732.48 406.087 412.345
2785.91 381.76 387.965
2840.38 358.853 365.004
2895.92 337.285 343.382
2952.54 316.981 323.025
3010.27 297.869 303.859
3069.12 279.882 285.817
3129.14 262.954 268.835
3190.32 247.026 252.853
3252.7 232.04 237.814
3316.3 217.942 223.662
3381.14 204.681 210.347
3447.25 192.208 197.821
3514.65 180.48 186.039
3583.37 169.451 174.957
3653.43 159.081 164.534
3724.87 149.332 154.732
3797.7 140.168 145.516
3871.95 131.555 136.851
3947.66 123.461 128.704
4024.84 115.854 121.046
4103.54 108.707 113.848
4183.77 101.992 107.082
4265.58 95.6836 100.723
4348.98 89.7582 94.7477
4434.02 84.1927 89.1325
4520.71 78.9662 83.8568
4609.1 74.058 78.8997
4699.22 69.4496 74.243
4791.1 65.123 69.8685
4884.78 61.0609 65.7591
4980.29 57.2482 61.8995
5077.67 53.6693 58.2742
5176.95 50.3107 54.8697
5278.17 47.1587 51.6724
5381.37 44.201 48.6699
5486.59 41.4259 45.8506
5593.87 38.8223 43.2034
5703.24 36.3799 40.7178
5814.75 34.0889 38.3843
5928.45 31.9399 36.1934
6044.36 29.9245 34.1366
6162.55 28.0344 32.2058
6283.04 26.2621 30.3933
6405.89 24.6003 28.6919
6531.14 23.0421 27.0948
6658.84 21.5815 25.5958
6789.04 20.2121 24.1887
6921.78 18.9286 22.868
7057.11 17.7255 21.6284
7195.1 16.598 20.4649
7335.78 15.5413 19.3729
7479.22 14.5511 18.348
7625.45 13.6233 17.3861
7774.55 12.7539 16.4832
7926.56 11.9394 15.6358
8081.55 11.1764 14.8405
8239.56 10.4616 14.094
8400.67 9.79202 13.3934
8564.92 9.1649 12.7357
8732.38 8.57752 12.1184
8903.12 8.02743 11.539
9077.2 7.51227 10.9951
9254.69 7.02987 10.4845
9435.64 6.57818 10.0052
9620.13 6.15524 9.55516
9808.22 5.75927 9.13267
10000 5.38854 8.73598
10195.5 5.04151 8.36352
10394.9 4.71662 8.01375
10598.1 4.41253 7.6853
10805.3 4.1279 7.37682
11016.6 3.86148 7.08707
11232 3.61214 6.81492
11451.6 3.37878 6.55923
11675.5 3.16042 6.31903
11903.8 2.95606 6.09332
12136.6 2.76484 5.88121
12373.9 2.58592 5.68186
12615.8 2.4185 5.49448
12862.5 2.26187 5.31833
13114 2.11533 5.15271
13370.4 1.97823 4.99696
13631.8 1.84997 4.85047
13898.4 1.72999 4.71266
14170.1 1.61776 4.58301
14447.1 1.51278 4.461
14729.6 1.41458 4.34615
15017.6 1.32273 4.23804
15311.3 1.23682 4.13622
15610.6 1.15648 4.04033
15915.9 1.08133 3.94998
16227.1 1.01105 3.86484
16544.3 0.945335 3.78458
16867.8 0.883872 3.70891
17197.6 0.826399 3.63753
17533.9 0.772653 3.57018
17876.7 0.722396 3.50661
18226.3 0.675402 3.44658
18582.6 0.631461 3.38989
18946 0.590374 3.33632
19316.4 0.551958 3.28567
19694.1 0.516039 3.23777
20079.2 0.482456 3.19244
20471.8 0.451057 3.14953
20872 0.421701 3.10889
21280.1 0.394255 3.07037
21696.2 0.368596 3.03385
22120.4 0.344607 2.9992
22552.9 0.32218 2.96629
22993.9 0.301214 2.93504
23443.5 0.281614 2.90532
23901.9 0.26329 2.87705
24369.2 0.24616 2.85013
24845.7 0.230146 2.82448
25331.5 0.215176 2.80003
25826.8 0.201181 2.77668
26331.8 0.188099 2.75438
26846.6 0.175869 2.73306
27371.5 0.164437 2.71266
27906.7 0.153749 2.69311
28452.3 0.143759 2.67437
29008.7 0.134419 2.65637
29575.9 0.125689 2.63908
30154.1 0.117528 2.62245
30743.7 0.109898 2.60642
31344.8 0.102766 2.59098
31957.7 0.0960986 2.57606
32582.6 0.0898658 2.56165
33219.7 0.0840389 2.54771
33869.2 0.0785919 2.53419
34531.4 0.0734996 2.52109
35206.6 0.0687391 2.50836
35894.9 0.0642886 2.49598
36596.8 0.0601278 2.48392
37312.3 0.056238 2.47217
38041.9 0.0526013 2.4607
38785.7 0.0492014 2.44949
39544.1 0.0460225 2.43852
40317.3 0.0430506 2.42777
41105.6 0.0402718 2.41723
41909.3 0.0376738 2.40687
42728.7 0.0352445 2.39669
43564.2 0.0329731 2.38667
44416 0.0308492 2.37679
45284.4 0.0288633 2.36705
46169.8 0.0270063 2.35743
47072.6 0.0252697 2.34791
47992.9 0.0236458 2.3385
48931.3 0.0221272 2.32917
49888.1 0.0207071 2.31993
50863.5 0.0193789 2.31076
51858 0.0181367 2.30165
52871.9 0.016975 2.29259
53905.7 0.0158884 2.28359
54959.7 0.0148721 2.27462
56034.3 0.0139215 2.26569
57129.9 0.0130323 2.25679
58247 0.0122005 2.24791
59385.8 0.0114225 2.23905
60547 0.0106946 2.2302
61730.8 0.0100136 2.22137
62937.8 0.00937652 2.21253
64168.4 0.00878048 2.2037
65423.1 0.00822276 2.19486
66702.2 0.00770096 2.18602
68006.4 0.00721267 2.17717
69336.1 0.00675576 2.1683
70691.8 0.0063282 2.15942
72074.1 0.00592804 2.15052
73483.3 0.00555355 2.14161
74920.1 0.00520304 2.13266
76384.9 0.00487499 2.1237
77878.4 0.00456792 2.11471
79401.2 0.00428048 2.10569
80953.6 0.0040114 2.09664
82536.5 0.00375949 2.08757
84150.3 0.00352366 2.07846
85795.6 0.00330285 2.06932
87473.2 0.00309611 2.06014
89183.5 0.00290252 2.05093
90927.2 0.00272123 2.04169
92705.1 0.00255147 2.03241
94517.8 0.00239247 2.0231
96365.8 0.00224355 2.01375
98249.9 0.00210408 2.00436
100171 0.00197342 1.99494
102130 0.00185103 1.98548
104126 0.00173637 1.97599
106162 0.00162895 1.96646
108238 0.0015283 1.95689
110354 0.00143399 1.94729
112512 0.00134562 1.93765
114712 0.0012628 1.92797
116955 0.00118518 1.91826
119242 0.00111243 1.90852
#S   5 B
#N 3
#L PhotonEnergy[eV]  Photoelectric[barn/atom]  Total[barn/atom]
2004.49 2828.84 2840.28
2043.68 2668.62 2679.95
2083.64 2517.15 2528.38
2124.38 2373.99 2385.12
2165.92 2238.7 2249.72
2208.27 2110.86 2121.77
2251.44 1990.08 2000.89
2295.47 1875.99 1886.7
2340.35 1768.22 1778.83
2386.11 1666.45 1676.95
2432.76 1570.36 1580.75
2480.33 1479.63 1489.92
2528.82 1393.99 1404.17
2578.27 1313.16 1323.24
2628.68 1236.87 1246.84
2680.08 1164.88 1174.75
2732.48 1096.96 1106.73
2785.91 1032.89 1042.56
2840.38 972.458 982.017
2895.92 915.46 924.916
2952.54 861.712 871.064
3010.27 811.033 820.283
3069.12 763.255 772.403
3129.14 718.215 727.262
3190.32 675.766 684.712
3252.7 635.761 644.606
3316.3 598.062 606.808
3381.14 562.543 571.191
3447.25 529.081 537.63
3514.65 497.561 506.013
3583.37 467.874 476.229
3653.43 439.915 448.175
3724.87 413.588 421.752
3797.7 388.8 396.87
3871.95 365.464 373.441
3947.66 343.498 351.381
4024.84 322.821 330.613
4103.54 303.362 311.063
4183.77 285.051 292.662
4265.58 267.821 275.344
4348.98 251.611 259.046
4434.02 236.362 243.709
4520.71 222.018 229.28
4609.1 208.527 215.704
4699.22 195.84 202.933
4791.1 183.909 190.92
4884.78 172.691 179.62
4980.29 162.145 168.993
5077.67 152.23 158.999
5176.95 142.911 149.601
5278.17 134.152 140.764
5381.37 125.92 132.456
5486.59 118.184 124.645
5593.87 110.916 117.303
5703.24 104.086 110.4
5814.75 97.6708 103.913
5928.45 91.644 97.8155
6044.36 85.9829 92.0849
6162.55 80.6661 86.6996
6283.04 75.6728 81.6389
6405.89 70.984 76.8838
6531.14 66.5811 72.4158
6658.84 62.4475 68.2181
6789.04 58.5664 64.2741
6921.78 54.9234 60.5692
7057.11 51.5037 57.0888
7195.1 48.2938 53.8192
7335.78 45.2815 50.7482
7479.22 42.4543 47.8636
7625.45 39.8015 45.1543
7774.55 37.3122 42.6096
7926.56 34.9767 40.2198
8081.55 32.7856 37.9753
8239.56 30.73 35.8675
8400.67 28.8018 33.888
8564.92 26.9932 32.0292
8732.38 25.2969 30.2836
8903.12 23.7059 28.6444
9077.2 22.214 27.1051
9254.69 20.8149 25.6597
9435.64 19.503 24.3025
9620.13 18.2729 23.0279
9808.22 17.1197 21.8312
10000 16.0385 20.7074
10195.5 15.025 19.6521
10394.9 14.0749 18.6612
10598.1 13.1844 17.7307
10805.3 12.3497 16.8569
11016.6 11.5673 16.0363
11232 10.8342 15.2657
11451.6 10.1471 14.5419
11675.5 9.50324 13.8623
11903.8 8.89992 13.2239
12136.6 8.33462 12.6243
12373.9 7.80497 12.0611
12615.8 7.30873 11.5321
12862.5 6.84384 11.0351
13114 6.40832 10.5682
13370.4 6.00034 10.1295
13631.8 5.61817 9.71732
13898.4 5.2602 9.32999
14170.1 4.92491 8.96597
14447.1 4.61088 8.62385
14729.6 4.31675 8.30225
15017.6 4.0413 7.99993
15311.3 3.78334 7.71566
15610.6 3.54177 7.44837
15915.9 3.31556 7.19699
16227.1 3.10373 6.96052
16544.3 2.90539 6.73807
16867.8 2.71966 6.52874
17197.6 2.54578 6.33174
17533.9 2.38297 6.14631
17876.7 2.23054 5.97172
18226.3 2.08783 5.8073
18582.6 1.95423 5.65243
18946 1.82916 5.50651
19316.4 1.71207 5.36899
19694.1 1.60247 5.23935
20079.2 1.49986 5.1171
20471.8 1.40382 5.00177
20872 1.31392 4.89295
21280.1 1.22977 4.79023
21696.2 1.151 4.69322
22120.4 1.07727 4.60158
22552.9 1.00827 4.51497
22993.9 0.94368 4.43308
23443.5 0.88323 4.35561
23901.9 0.82665 4.28229
24369.2 0.773699 4.21286
24845.7 0.724138 4.14707
25331.5 0.677758 4.08471
25826.8 0.634348 4.02556
26331.8 0.593723 3.96941
26846.6 0.555703 3.91607
27371.5 0.520121 3.86538
27906.7 0.486822 3.81717
28452.3 0.455659 3.77128
29008.7 0.426495 3.72756
29575.9 0.399203 3.68588
30154.1 0.373661 3.64611
30743.7 0.349758 3.60813
31344.8 0.327389 3.57182
31957.7 0.306455 3.53709
32582.6 0.286865 3.50382
33219.7 0.268531 3.47193
33869.2 0.251374 3.44132
34531.4 0.235317 3.41192
35206.6 0.220291 3.38365
35894.9 0.206229 3.35644
36596.8 0.193067 3.33021
37312.3 0.180751 3.30491
38041.9 0.169224 3.28046
38785.7 0.158437 3.25683
39544.1 0.148341 3.23394
40317.3 0.138892 3.21176
41105.6 0.130048 3.19024
41909.3 0.121772 3.16933
42728.7 0.114025 3.14899
43564.2 0.106774 3.12919
44416 0.0999881 3.10988
45284.4 0.0936364 3.09104
46169.8 0.0876912 3.07263
47072.6 0.0821261 3.05461
47992.9 0.0769172 3.03697
48931.3 0.0720412 3.01968
49888.1 0.0674769 3.00272
50863.5 0.0632044 2.98605
51858 0.0592046 2.96965
52871.9 0.0554603 2.95352
53905.7 0.0519549 2.93762
54959.7 0.0486732 2.92195
56034.3 0.0456008 2.90647
57129.9 0.0427243 2.89119
58247 0.0400311 2.87608
59385.8 0.0375094 2.86113
60547 0.0351482 2.84632
61730.8 0.0329373 2.83166
62937.8 0.030867 2.81711
64168.4 0.0289283 2.80268
65423.1 0.0271127 2.78835
66702.2 0.0254125 2.77412
68006.4 0.0238202 2.75998
69336.1 0.0223289 2.74591
70691.8 0.0209321 2.73192
72074.1 0.0196238 2.71799
73483.3 0.0183984 2.70412
74920.1 0.0172504 2.6903
76384.9 0.0161751 2.67654
77878.4 0.0151677 2.66281
79401.2 0.014224 2.64912
80953.6 0.0133398 2.63546
82536.5 0.0125114 2.62184
84150.3 0.0117352 2.60824
85795.6 0.0110078 2.59467
87473.2 0.0103263 2.58111
89183.5 0.00968755 2.56758
90927.2 0.00908898 2.55406
92705.1 0.00852799 2.54055
94517.8 0.00800217 2.52705
96365.8 0.00750934 2.51357
98249.9 0.00704737 2.50009
100171 0.00661429 2.48662
102130 0.00620831 2.47315
104126 0.00582767 2.45969
106162 0.0054708 2.44624
108238 0.00513617 2.43278
110354 0.00482241 2.41933
112512 0.00452815 2.40588
114712 0.00425221 2.39244
116955 0.0039934 2.37899
119242 0.00375067 2.36555
#S   6 C
#N 3
#L PhotonEnergy[eV]  Photoelectric[barn/atom]  Total[barn/atom]
2004.49 6066.96 6084.32
2043.68 5728.35 5745.53
2083.64 5408 5425
2124.38 5104.98 5121.8
2165.92 4818.39 4835.03
2208.27 4547.34 4563.81
2251.44 4291.08 4307.36
2295.47 4048.8 4064.9
2340.35 3819.76 3835.68
2386.11 3603.28 3619.03
2432.76 3398.7 3414.27
2480.33 3205.39 3220.78
2528.82 3022.74 3037.95
2578.27 2850.2 2865.24
2628.68 2687.22 2702.08
2680.08 2533.3 2547.98
2732.48 2387.94 2402.44
2785.91 2250.69 2265.02
2840.38 2121.1 2135.26
2895.92 1998.78 2012.76
2952.54 1883.32 1897.13
3010.27 1774.35 1788
3069.12 1671.53 1685
3129.14 1574.5 1587.81
3190.32 1482.97 1496.11
3252.7 1396.62 1409.6
3316.3 1315.18 1327.98
3381.14 1238.36 1251.01
3447.25 1165.92 1178.4
3514.65 1097.62 1109.94
3583.37 1033.23 1045.39
3653.43 972.527 984.529
3724.87 915.305 927.151
3797.7 861.374 873.066
3871.95 810.551 822.089
3947.66 762.658 774.045
4024.84 717.533 728.77
4103.54 675.021 686.11
4183.77 634.973 645.916
4265.58 597.252 608.05
4348.98 561.726 572.381
4434.02 528.268 538.781
4520.71 496.764 507.138
4609.1 467.1 477.337
4699.22 439.175 449.275
4791.1 412.886 422.852
4884.78 388.14 397.974
4980.29 364.85 374.554
5077.67 342.931 352.506
5176.95 322.305 331.754
5278.17 302.897 312.221
5381.37 284.638 293.838
5486.59 267.459 276.539
5593.87 251.3 260.26
5703.24 236.1 244.944
5814.75 221.805 230.533
5928.45 208.361 216.975
6044.36 195.718 204.221
6162.55 183.83 192.223
6283.04 172.653 180.938
6405.89 162.146 170.324
6531.14 152.267 160.342
6658.84 142.982 150.954
6789.04 134.255 142.126
6921.78 126.052 133.825
7057.11 118.344 126.02
7195.1 111.1 118.681
7335.78 104.294 111.782
7479.22 97.8992 105.295
7625.45 91.8913 99.1972
7774.55 86.2471 93.4649
7926.56 80.9453 88.0767
8081.55 75.9651 83.0118
8239.56 71.2877 78.2514
8400.67 66.8948 73.7772
8564.92 62.7694 69.5722
8732.38 58.8954 65.6201
8903.12 55.2578 61.9061
9077.2 51.8424 58.4158
9254.69 48.6357 55.1358
9435.64 45.6254 52.0537
9620.13 42.7992 49.1573
9808.22 40.1465 46.4358
10000 37.6564 43.8785
10195.5 35.3193 41.4756
10394.9 33.1258 39.2177
10598.1 31.0673 37.0963
10805.3 29.1356 35.103
11016.6 27.3228 33.23
11232 25.6219 31.4702
11451.6 24.0259 29.8166
11675.5 22.5286 28.263
11903.8 21.1238 26.8032
12136.6 19.8059 25.4315
12373.9 18.5696 24.1426
12615.8 17.4099 22.9315
12862.5 16.3221 21.7935
13114 15.3018 20.7241
13370.4 14.3448 19.7192
13631.8 13.4473 18.7748
13898.4 12.6055 17.8872
14170.1 11.8162 17.0531
14447.1 11.076 16.2691
14729.6 10.3818 15.5322
15017.6 9.73098 14.8395
15311.3 9.12067 14.1884
15610.6 8.54848 13.5762
15915.9 8.012 13.0007
16227.1 7.50901 12.4596
16544.3 7.03748 11.9507
16867.8 6.5954 11.4722
17197.6 6.181 11.0221
17533.9 5.79252 10.5987
17876.7 5.42837 10.2004
18226.3 5.08703 9.82567
18582.6 4.76709 9.47304
18946 4.4672 9.14116
19316.4 4.18613 8.82878
19694.1 3.92268 8.53467
20079.2 3.67578 8.25774
20471.8 3.44438 7.99692
20872 3.22752 7.75123
21280.1 3.02429 7.51975
21696.2 2.83382 7.30159
22120.4 2.65534 7.09594
22552.9 2.48808 6.90204
22993.9 2.33135 6.71916
23443.5 2.18448 6.54663
23901.9 2.04686 6.3838
24369.2 1.9179 6.23009
24845.7 1.79706 6.08492
25331.5 1.68384 5.94779
25826.8 1.57775 5.81818
26331.8 1.47835 5.69565
26846.6 1.38521 5.57974
27371.5 1.29794 5.47005
27906.7 1.21618 5.36621
28452.3 1.13957 5.26785
29008.7 1.06779 5.17462
29575.9 1.00055 5.08622
30154.1 0.93754 5.00234
30743.7 0.878509 4.9227
31344.8 0.823203 4.84705
31957.7 0.771385 4.77513
32582.6 0.722839 4.70671
33219.7 0.677354 4.64157
33869.2 0.634741 4.57952
34531.4 0.594817 4.52036
35206.6 0.557412 4.46391
35894.9 0.522368 4.40999
36596.8 0.489534 4.35845
37312.3 0.458773 4.30915
38041.9 0.429952 4.26194
38785.7 0.40295 4.21669
39544.1 0.377651 4.17328
40317.3 0.353948 4.13158
41105.6 0.33174 4.0915
41909.3 0.310933 4.05293
42728.7 0.291437 4.01578
43564.2 0.273171 3.97995
44416 0.256056 3.94536
45284.4 0.24002 3.91194
46169.8 0.224994 3.8796
47072.6 0.210915 3.84827
47992.9 0.197722 3.8179
48931.3 0.185361 3.78842
49888.1 0.173778 3.75978
50863.5 0.162923 3.73191
51858 0.152752 3.70477
52871.9 0.14322 3.67831
53905.7 0.134288 3.65249
54959.7 0.125918 3.62727
56034.3 0.118073 3.6026
57129.9 0.110721 3.57845
58247 0.103831 3.55478
59385.8 0.097374 3.53156
60547 0.0913218 3.50877
61730.8 0.0856493 3.48638
62937.8 0.0803326 3.46435
64168.4 0.0753491 3.44266
65423.1 0.0706778 3.42129
66702.2 0.0662991 3.40022
68006.4 0.0621945 3.37943
69336.1 0.0583467 3.3589
70691.8 0.0547396 3.33861
72074.1 0.0513579 3.31855
73483.3 0.0481875 3.2987
74920.1 0.045215 3.27904
76384.9 0.0424282 3.25956
77878.4 0.0398151 3.24026
79401.2 0.0373649 3.22111
80953.6 0.0350674 3.20211
82536.5 0.0329129 3.18325
84150.3 0.0308926 3.16452
85795.6 0.0289979 3.14591
87473.2 0.0272209 3.12741
89183.5 0.0255543 3.10901
90927.2 0.0239912 3.09072
92705.1 0.022525 3.07251
94517.8 0.0211497 3.0544
96365.8 0.0198597 3.03636
98249.9 0.0186495 3.0184
100171 0.0175141 3.00051
102130 0.0164489 2.98269
104126 0.0154495 2.96494
106162 0.0145118 2.94725
108238 0.0136319 2.92961
110354 0.0128062 2.91203
112512 0.0120314 2.8945
114712 0.0113043 2.87703
116955 0.0106218 2.8596
119242 0.00998127 2.84223
#S   7 N
#N 3
#L PhotonEnergy[eV]  Photoelectric[barn/atom]  Total[barn/atom]
2004.49 11393 11418.2
2043.68 10769.5 10794.4
2083.64 10178.9 10203.5
2124.38 9619.54 9643.91
2165.92 9089.86 9113.96
2208.27 8588.36 8612.19
2251.44 8113.6 8137.17
2295.47 7664.22 7687.52
2340.35 7238.9 7261.93
2386.11 6836.42 6859.18
2432.76 6455.6 6478.1
2480.33 6095.32 6117.55
2528.82 5754.52 5776.48
2578.27 5432.19 5453.89
2628.68 5127.37 5148.79
2680.08 4839.12 4860.28
2732.48 4566.6 4587.49
2785.91 4308.98 4329.61
2840.38 4065.47 4085.83
2895.92 3835.32 3855.42
2952.54 3617.83 3637.67
3010.27 3412.33 3431.91
3069.12 3218.18 3237.5
3129.14 3034.76 3053.83
3190.32 2861.53 2880.34
3252.7 2697.92 2716.47
3316.3 2543.41 2561.71
3381.14 2397.53 2415.57
3447.25 2259.79 2277.59
3514.65 2129.77 2147.32
3583.37 2007.04 2024.34
3653.43 1891.2 1908.27
3724.87 1781.89 1798.71
3797.7 1678.75 1695.33
3871.95 1581.43 1597.78
3947.66 1489.62 1505.73
4024.84 1403.02 1418.9
4103.54 1321.34 1336.98
4183.77 1244.3 1259.72
4265.58 1171.66 1186.85
4348.98 1103.16 1118.13
4434.02 1038.58 1053.33
4520.71 977.7 992.234
4609.1 920.311 934.63
4699.22 866.223 880.33
4791.1 815.248 829.146
4884.78 767.209 780.901
4980.29 721.947 735.435
5077.67 679.3 692.587
5176.95 639.125 652.215
5278.17 601.279 614.173
5381.37 565.632 578.334
5486.59 532.059 544.572
5593.87 500.442 512.768
5703.24 470.669 482.811
5814.75 442.637 454.598
5928.45 416.244 428.027
6044.36 391.397 403.005
6162.55 368.008 379.445
6283.04 345.993 357.261
6405.89 325.274 336.375
6531.14 305.775 316.712
6658.84 287.426 298.203
6789.04 270.16 280.779
6921.78 253.916 264.38
7057.11 238.633 248.946
7195.1 224.256 234.419
7335.78 210.733 220.75
7479.22 198.012 207.886
7625.45 186.049 195.782
7774.55 174.798 184.393
7926.56 164.219 173.678
8081.55 154.27 163.597
8239.56 144.916 154.114
8400.67 136.122 145.192
8564.92 127.855 136.801
8732.38 120.084 128.907
8903.12 112.778 121.483
9077.2 105.912 114.499
9254.69 99.4589 107.932
9435.64 93.3944 101.756
9620.13 87.695 95.9469
9808.22 82.3397 90.4847
10000 77.3077 85.3481
10195.5 72.58 80.5182
10394.9 68.1381 75.9763
10598.1 63.9654 71.706
10805.3 60.0456 67.6908
11016.6 56.3634 63.9155
11232 52.905 60.366
11451.6 49.6566 57.0287
11675.5 46.6059 53.8913
11903.8 43.7408 50.9415
12136.6 41.0504 48.1682
12373.9 38.5239 45.561
12615.8 36.1516 43.1099
12862.5 33.9242 40.8056
13114 31.8329 38.6393
13370.4 29.8695 36.6027
13631.8 28.0263 34.688
13898.4 26.296 32.888
14170.1 24.6717 31.1957
14447.1 23.1471 29.6048
14729.6 21.7159 28.109
15017.6 20.3728 26.7028
15311.3 19.1121 25.3805
15610.6 17.929 24.1374
15915.9 16.8187 22.9686
16227.1 15.7767 21.8695
16544.3 14.799 20.836
16867.8 13.8814 19.8641
17197.6 13.0206 18.9502
17533.9 12.2127 18.0907
17876.7 11.4548 17.2824
18226.3 10.7438 16.522
18582.6 10.0766 15.8068
18946 9.45072 15.134
19316.4 8.86356 14.5011
19694.1 8.31273 13.9056
20079.2 7.79602 13.3452
20471.8 7.31131 12.8179
20872 6.85664 12.3216
21280.1 6.43017 11.8544
21696.2 6.03014 11.4147
22120.4 5.65494 11.0006
22552.9 5.30303 10.6107
22993.9 4.97297 10.2435
23443.5 4.66341 9.89758
23901.9 4.37309 9.57168
24369.2 4.10082 9.26458
24845.7 3.84546 8.97512
25331.5 3.606 8.70225
25826.8 3.38143 8.44495
26331.8 3.17084 8.20226
26846.6 2.97335 7.9733
27371.5 2.78816 7.75723
27906.7 2.6145 7.55326
28452.3 2.45166 7.36067
29008.7 2.29895 7.17873
29575.9 2.15578 7.00682
30154.1 2.02151 6.84431
30743.7 1.89562 6.69063
31344.8 1.77758 6.54525
31957.7 1.66689 6.40764
32582.6 1.56311 6.27734
33219.7 1.4658 6.15389
33869.2 1.37456 6.03688
34531.4 1.28901 5.92591
35206.6 1.20879 5.8206
35894.9 1.13358 5.72062
36596.8 1.06306 5.62562
37312.3 0.996942 5.53532
38041.9 0.934945 5.44939
38785.7 0.876818 5.3676
39544.1 0.822316 5.28967
40317.3 0.771214 5.21537
41105.6 0.7233 5.14447
41909.3 0.678376 5.07676
42728.7 0.636251 5.01205
43564.2 0.596756 4.95015
44416 0.559722 4.89087
45284.4 0.524999 4.83406
46169.8 0.492441 4.77957
47072.6 0.46191 4.72724
47992.9 0.433285 4.67695
48931.3 0.406442 4.62856
49888.1 0.381273 4.58196
50863.5 0.357671 4.53703
51858 0.33554 4.49366
52871.9 0.314787 4.45177
53905.7 0.295325 4.41125
54959.7 0.277076 4.37202
56034.3 0.259962 4.33399
57129.9 0.243913 4.2971
58247 0.228861 4.26126
59385.8 0.214746 4.22641
60547 0.201509 4.19249
61730.8 0.189094 4.15944
62937.8 0.17745 4.12721
64168.4 0.166529 4.09573
65423.1 0.156286 4.06496
66702.2 0.14668 4.03487
68006.4 0.137668 4.00539
69336.1 0.129216 3.9765
70691.8 0.121288 3.94815
72074.1 0.113851 3.92032
73483.3 0.106874 3.89297
74920.1 0.10033 3.86606
76384.9 0.0941901 3.83958
77878.4 0.0884302 3.81349
79401.2 0.0830264 3.78776
80953.6 0.0779565 3.76239
82536.5 0.0731996 3.73733
84150.3 0.0687365 3.71258
85795.6 0.0645486 3.68811
87473.2 0.060619 3.66391
89183.5 0.0569316 3.63997
90927.2 0.0534713 3.61625
92705.1 0.050224 3.59276
94517.8 0.0471764 3.56948
96365.8 0.0443163 3.5464
98249.9 0.0416319 3.52351
100171 0.0391122 3.50078
102130 0.0367473 3.47823
104126 0.0345272 3.45583
106162 0.0324433 3.43359
108238 0.0304869 3.41148
110354 0.0286504 3.38951
112512 0.0269261 3.36767
114712 0.0253072 3.34596
116955 0.0237871 3.32436
119242 0.0223598 3.30287
#S   8 O
#N 3
#L PhotonEnergy[eV]  Photoelectric[barn/atom]  Total[barn/atom]
2004.49 18608.9 18643.5
2043.68 17615.6 17649.9
2083.64 16673.2 16707.2
2124.38 15779.4 15813
2165.92 14931.7 14964.9
2208.27 14127.8 14160.7
2251.44 13365.6 13398.2
2295.47 12643.1 12675.3
2340.35 11958.2 11990
2386.11 11309.1 11340.5
2432.76 10693.9 10725.1
2480.33 10111.1 10141.9
2528.82 9558.99 9589.39
2578.27 9036 9066.04
2628.68 8540.66 8570.33
2680.08 8071.57 8100.89
2732.48 7627.4 7656.36
2785.91 7206.89 7235.48
2840.38 6808.82 6837.06
2895.92 6432.04 6459.92
2952.54 6075.48 6103
3010.27 5738.07 5765.23
3069.12 5418.83 5445.64
3129.14 5116.81 5143.26
3190.32 4831.14 4857.24
3252.7 4560.94 4586.69
3316.3 4305.41 4330.81
3381.14 4063.8 4088.86
3447.25 3835.35 3860.06
3514.65 3619.41 3643.77
3583.37 3415.27 3439.3
3653.43 3222.34 3246.03
3724.87 3040.01 3063.36
3797.7 2867.73 2890.75
3871.95 2704.96 2727.64
3947.66 2551.18 2573.54
4024.84 2405.92 2427.96
4103.54 2268.73 2290.44
4183.77 2139.16 2160.55
4265.58 2016.81 2037.89
4348.98 1901.29 1922.06
4434.02 1792.23 1812.68
4520.71 1689.28 1709.42
4609.1 1592.09 1611.94
4699.22 1500.38 1519.92
4791.1 1413.83 1433.08
4884.78 1332.15 1351.11
4980.29 1255.09 1273.76
5077.67 1182.39 1200.78
5176.95 1113.81 1131.92
5278.17 1049.13 1066.95
5381.37 988.119 1005.67
5486.59 930.585 947.867
5593.87 876.332 893.348
5703.24 825.178 841.932
5814.75 776.952 793.448
5928.45 731.489 747.73
6044.36 688.634 704.624
6162.55 648.242 663.985
6283.04 610.175 625.675
6405.89 574.303 589.564
6531.14 540.5 555.526
6658.84 508.652 523.447
6789.04 478.646 493.214
6921.78 450.38 464.725
7057.11 423.755 437.881
7195.1 398.676 412.586
7335.78 375.058 388.756
7479.22 352.815 366.306
7625.45 331.871 345.157
7774.55 312.15 325.236
7926.56 293.582 306.472
8081.55 276.102 288.799
8239.56 259.647 272.155
8400.67 244.158 256.481
8564.92 229.58 241.721
8732.38 215.859 227.822
8903.12 202.947 214.736
9077.2 190.796 202.414
9254.69 179.363 190.814
9435.64 168.606 179.893
9620.13 158.485 169.612
9808.22 148.964 159.934
10000 140.007 150.823
10195.5 131.583 142.249
10394.9 123.659 134.178
10598.1 116.207 126.581
10805.3 109.198 119.432
11016.6 102.607 112.704
11232 96.4101 106.372
11451.6 90.5826 100.412
11675.5 85.1037 94.8051
11903.8 79.9526 89.5283
12136.6 75.11 84.5629
12373.9 70.5577 79.8906
12615.8 66.2785 75.4942
12862.5 62.2564 71.3576
13114 58.4761 67.4654
13370.4 54.9231 63.8031
13631.8 51.584 60.3573
13898.4 48.4461 57.1152
14170.1 45.4974 54.0648
14447.1 42.7268 51.1947
14729.6 40.1233 48.4943
15017.6 37.6773 45.9535
15311.3 35.3792 43.5629
15610.6 33.2203 41.3137
15915.9 31.1921 39.1973
16227.1 29.2868 37.2059
16544.3 27.4972 35.3322
16867.8 25.816 33.569
17197.6 24.2371 31.91
17533.9 22.7541 30.3487
17876.7 21.3613 28.8794
18226.3 20.0532 27.4967
18582.6 18.8248 26.1954
18946 17.6712 24.9706
19316.4 16.5879 23.8178
19694.1 15.5707 22.7326
20079.2 14.6156 21.7111
20471.8 13.7188 20.7493
20872 12.8768 19.8438
21280.1 12.0862 18.9912
21696.2 11.344 18.1883
22120.4 10.6472 17.4322
22552.9 9.99297 16.72
22993.9 9.37886 16.0491
23443.5 8.80237 15.417
23901.9 8.26119 14.8214
24369.2 7.7532 14.2601
24845.7 7.27635 13.7311
25331.5 6.82878 13.2324
25826.8 6.40866 12.7622
26331.8 6.01434 12.3187
26846.6 5.64424 11.9004
27371.5 5.29688 11.5058
27906.7 4.97086 11.1334
28452.3 4.66489 10.782
29008.7 4.37772 10.4501
29575.9 4.10824 10.1367
30154.1 3.85532 9.84066
30743.7 3.61797 9.5609
31344.8 3.39523 9.29645
31957.7 3.18619 9.04638
32582.6 2.99004 8.80985
33219.7 2.80596 8.586
33869.2 2.63323 8.37411
34531.4 2.47113 8.17342
35206.6 2.31902 7.98328
35894.9 2.1763 7.80304
36596.8 2.04236 7.63209
37312.3 1.91668 7.4699
38041.9 1.79875 7.31591
38785.7 1.68809 7.16963
39544.1 1.58425 7.0306
40317.3 1.48682 6.89838
41105.6 1.39539 6.77256
41909.3 1.3096 6.65275
42728.7 1.2291 6.53858
43564.2 1.15357 6.42971
44416 1.08269 6.32582
45284.4 1.01619 6.22661
46169.8 0.953786 6.1318
47072.6 0.895228 6.04111
47992.9 0.840283 5.9543
48931.3 0.788723 5.87114
49888.1 0.740343 5.7914
50863.5 0.694945 5.71487
51858 0.652344 5.64136
52871.9 0.61237 5.57069
53905.7 0.574857 5.50269
54959.7 0.539657 5.43719
56034.3 0.506623 5.37404
57129.9 0.475626 5.3131
58247 0.446536 5.25424
59385.8 0.419237 5.19733
60547 0.393618 5.14225
61730.8 0.369576 5.0889
62937.8 0.347013 5.03717
64168.4 0.325838 4.98697
65423.1 0.305964 4.93819
66702.2 0.287312 4.89077
68006.4 0.269806 4.84461
69336.1 0.253376 4.79964
70691.8 0.237955 4.7558
72074.1 0.22348 4.71301
73483.3 0.209894 4.67122
74920.1 0.197141 4.63036
76384.9 0.185171 4.59039
77878.4 0.173934 4.55125
79401.2 0.163386 4.51289
80953.6 0.153484 4.47528
82536.5 0.144187 4.43835
84150.3 0.135461 4.4021
85795.6 0.127267 4.36646
87473.2 0.119575 4.33142
89183.5 0.112353 4.29694
90927.2 0.105572 4.26298
92705.1 0.0992052 4.22953
94517.8 0.0932266 4.19654
96365.8 0.0876129 4.16402
98249.9 0.0823414 4.13192
100171 0.0773907 4.10023
102130 0.0727418 4.06893
104126 0.0683755 4.038
106162 0.064275 4.00742
108238 0.0604234 3.97718
110354 0.056806 3.94727
112512 0.0534081 3.91766
114712 0.0502164 3.88836
116955 0.0472181 3.85934
119242 0.0444015 3.8306
#S   9 F
#N 3
#L PhotonEnergy[eV]  Photoelectric[barn/atom]  Total[barn/atom]
2004.49 29511.7 29557.6
2043.68 27987.1 28032.6
2083.64 26537.5 26582.6
2124.38 25159.5 25204.2
2165.92 23849.8 23894
2208.27 22605 22648.9
2251.44 21422.4 21465.8
2295.47 20298.9 20341.9
2340.35 19231.7 19274.2
2386.11 18218.2 18260.2
2432.76 17255.8 17297.4
2480.33 16342.1 16383.2
2528.82 15474.7 15515.4
2578.27 14651.5 14691.8
2628.68 13870.3 13910.1
2680.08 13129 13168.4
2732.48 12425.8 12464.7
2785.91 11758.8 11797.2
2840.38 11126.1 11164.1
2895.92 10526.3 10563.8
2952.54 9957.49 9994.52
3010.27 9418.31 9454.88
3069.12 8907.24 8943.35
3129.14 8422.88 8458.52
3190.32 7963.91 7999.1
3252.7 7529.08 7563.8
3316.3 7117.12 7151.39
3381.14 6726.95 6760.76
3447.25 6357.41 6390.76
3514.65 6007.49 6040.39
3583.37 5676.19 5708.63
3653.43 5362.55 5394.54
3724.87 5065.68 5097.22
3797.7 4784.71 4815.8
3871.95 4518.83 4549.48
3947.66 4267.26 4297.47
4024.84 4029.26 4059.03
4103.54 3804.13 3833.46
4183.77 3591.19 3620.09
4265.58 3389.82 3418.3
4348.98 3199.41 3227.46
4434.02 3019.38 3047
4520.71 2849.2 2876.4
4609.1 2688.32 2715.11
4699.22 2536.29 2562.67
4791.1 2392.61 2418.59
4884.78 2256.85 2282.42
4980.29 2128.58 2153.76
5077.67 2007.41 2032.2
5176.95 1892.96 1917.36
5278.17 1784.87 1808.88
5381.37 1682.79 1706.42
5486.59 1586.4 1609.65
5593.87 1495.39 1518.28
5703.24 1409.48 1432
5814.75 1328.39 1350.55
5928.45 1251.85 1273.65
6044.36 1179.62 1201.07
6162.55 1111.45 1132.56
6283.04 1047.14 1067.9
6405.89 986.465 1006.89
6531.14 929.226 949.323
6658.84 875.237 895.008
6789.04 824.316 843.766
6921.78 776.297 795.431
7057.11 731.016 749.839
7195.1 688.319 706.837
7335.78 648.069 666.286
7479.22 610.123 628.044
7625.45 574.356 591.987
7774.55 540.644 557.99
7926.56 508.874 525.939
8081.55 478.935 495.724
8239.56 450.726 467.245
8400.67 424.147 440.401
8564.92 399.108 415.101
8732.38 375.521 391.258
8903.12 353.303 368.79
9077.2 332.378 347.619
9254.69 312.671 327.671
9435.64 294.113 308.877
9620.13 276.638 291.171
9808.22 260.186 274.491
10000 244.696 258.78
10195.5 230.114 243.981
10394.9 216.388 230.041
10598.1 203.469 216.913
10805.3 191.31 204.55
11016.6 179.867 192.907
11232 169.098 181.944
11451.6 158.965 171.619
11675.5 149.432 161.899
11903.8 140.463 152.747
12136.6 132.024 144.13
12373.9 124.087 136.017
12615.8 116.62 128.38
12862.5 109.597 121.19
13114 102.993 114.422
13370.4 96.7809 108.051
13631.8 90.9397 102.054
13898.4 85.4469 96.4094
14170.1 80.2823 91.0962
14447.1 75.4266 86.0955
14729.6 70.8613 81.3884
15017.6 66.5697 76.9585
15311.3 62.5351 72.7888
15610.6 58.7429 68.8647
15915.9 55.1784 65.1715
16227.1 51.8281 61.6955
16544.3 48.6795 58.4242
16867.8 45.7203 55.3452
17197.6 42.9396 52.4477
17533.9 40.3266 49.7205
17876.7 37.8713 47.1538
18226.3 35.5642 44.7381
18582.6 33.3967 42.4644
18946 31.3603 40.3244
19316.4 29.4472 38.3103
19694.1 27.65 36.4143
20079.2 25.9617 34.6297
20471.8 24.3758 32.9497
20872 22.8862 31.3683
21280.1 21.4871 29.8795
21696.2 20.173 28.4778
22120.4 18.9389 27.1581
22552.9 17.7798 25.9154
22993.9 16.6913 24.7453
23443.5 15.6692 23.6434
23901.9 14.7093 22.6055
24369.2 13.808 21.628
24845.7 12.9616 20.7072
25331.5 12.167 19.8397
25826.8 11.4209 19.0223
26331.8 10.7203 18.2521
26846.6 10.0626 17.5262
27371.5 9.44517 16.8419
27906.7 8.86548 16.1969
28452.3 8.32129 15.5887
29008.7 7.8104 15.0152
29575.9 7.33083 14.4742
30154.1 6.88064 13.9638
30743.7 6.45806 13.4822
31344.8 6.06139 13.0277
31957.7 5.68904 12.5986
32582.6 5.33956 12.1934
33219.7 5.01151 11.8107
33869.2 4.70362 11.4491
34531.4 4.41464 11.1074
35206.6 4.1434 10.7843
35894.9 3.88884 10.4788
36596.8 3.64991 10.1898
37312.3 3.42568 9.91631
38041.9 3.21523 9.65737
38785.7 3.01772 9.41212
39544.1 2.83236 9.17975
40317.3 2.65841 8.95947
41105.6 2.49515 8.75058
41909.3 2.34194 8.55236
42728.7 2.19815 8.36419
43564.2 2.06322 8.18546
44416 1.93658 8.01561
45284.4 1.81775 7.85409
46169.8 1.70623 7.70042
47072.6 1.60157 7.55411
47992.9 1.50335 7.41472
48931.3 1.41118 7.28184
49888.1 1.32468 7.15508
50863.5 1.24351 7.03407
51858 1.16733 6.91846
52871.9 1.09584 6.80793
53905.7 1.02875 6.70218
54959.7 0.965784 6.60092
56034.3 0.906693 6.50387
57129.9 0.851241 6.4108
58247 0.799198 6.32145
59385.8 0.750356 6.23561
60547 0.704517 6.15306
61730.8 0.661497 6.07362
62937.8 0.621121 5.99709
64168.4 0.583228 5.92331
65423.1 0.54766 5.8521
66702.2 0.51428 5.78333
68006.4 0.482949 5.71684
69336.1 0.453541 5.6525
70691.8 0.42594 5.59018
72074.1 0.400031 5.52976
73483.3 0.375712 5.47115
74920.1 0.352884 5.41422
76384.9 0.331456 5.35888
77878.4 0.311341 5.30504
79401.2 0.292458 5.25261
80953.6 0.274733 5.20152
82536.5 0.258091 5.15168
84150.3 0.242469 5.10304
85795.6 0.227802 5.05551
87473.2 0.214031 5.00904
89183.5 0.201102 4.96358
90927.2 0.188963 4.91905
92705.1 0.177565 4.87543
94517.8 0.166862 4.83264
96365.8 0.156813 4.79066
98249.9 0.147376 4.74944
100171 0.138514 4.70894
102130 0.130192 4.66912
104126 0.122376 4.62995
106162 0.115036 4.59141
108238 0.108142 4.55344
110354 0.101667 4.51605
112512 0.0955842 4.47918
114712 0.0898715 4.44283
116955 0.0845046 4.40696
119242 0.0794633 4.37156
#S  10 Ne
#N 3
#L PhotonEnergy[eV]  Photoelectric[barn/atom]  Total[barn/atom]
2004.49 41894.3 41953.2
2043.68 39738.3 39796.7
2083.64 37688.3 37746.3
2124.38 35739.5 35797
2165.92 33887.2 33944.3
2208.27 32126.9 32183.4
2251.44 30454.3 30510.3
2295.47 28865.2 28920.7
2340.35 27355.6 27410.6
2386.11 25921.8 25976.3
2432.76 24560.2 24614.2
2480.33 23267.3 23320.8
2528.82 22039.9 22092.8
2578.27 20874.8 20927.1
2628.68 19768.8 19820.6
2680.08 18719.4 18770.6
2732.48 17723.5 17774.2
2785.91 16778.8 16828.9
2840.38 15882.5 15932
2895.92 15032.5 15081.4
2952.54 14226.3 14274.7
3010.27 13461.8 13509.7
3069.12 12737.1 12784.4
3129.14 12050 12096.7
3190.32 11398.8 11444.9
3252.7 10781.6 10827.1
3316.3 10196.6 10241.6
3381.14 9642.47 9686.87
3447.25 9117.42 9161.24
3514.65 8620.09 8663.33
3583.37 8149.03 8191.7
3653.43 7702.91 7745.01
3724.87 7280.48 7322
3797.7 6880.51 6921.45
3871.95 6501.88 6542.25
3947.66 6143.45 6183.26
4024.84 5804.21 5843.45
4103.54 5483.17 5521.85
4183.77 5179.38 5217.51
4265.58 4891.96 4929.53
4348.98 4620.05 4657.06
4434.02 4362.83 4399.29
4520.71 4119.56 4155.47
4609.1 3889.48 3924.85
4699.22 3671.92 3706.75
4791.1 3466.22 3500.51
4884.78 3271.74 3305.5
4980.29 3087.9 3121.14
5077.67 2914.12 2946.84
5176.95 2749.89 2782.1
5278.17 2594.69 2626.38
5381.37 2448.04 2479.22
5486.59 2309.48 2340.16
5593.87 2178.58 2208.76
5703.24 2054.92 2084.62
5814.75 1938.13 1967.34
5928.45 1827.83 1856.56
6044.36 1723.66 1751.92
6162.55 1625.3 1653.09
6283.04 1532.43 1559.76
6405.89 1444.76 1471.63
6531.14 1361.99 1388.42
6658.84 1283.87 1309.86
6789.04 1210.14 1235.68
6921.78 1140.56 1165.67
7057.11 1074.9 1099.59
7195.1 1012.94 1037.21
7335.78 954.489 978.349
7479.22 899.344 922.798
7625.45 847.327 870.382
7774.55 798.262 820.923
7926.56 751.986 774.261
8081.55 708.345 730.24
8239.56 667.192 688.714
8400.67 628.389 649.543
8564.92 591.804 612.597
8732.38 557.313 577.751
8903.12 524.798 544.888
9077.2 494.149 513.897
9254.69 465.261 484.674
9435.64 438.036 457.119
9620.13 412.378 431.138
9808.22 388.201 406.644
10000 365.419 383.551
10195.5 343.956 361.782
10394.9 323.733 341.261
10598.1 304.684 321.919
10805.3 286.739 303.687
11016.6 269.836 286.503
11232 253.917 270.309
11451.6 238.923 255.046
11675.5 224.804 240.663
11903.8 211.509 227.109
12136.6 198.989 214.337
12373.9 187.202 202.302
12615.8 176.104 190.963
12862.5 165.656 180.279
13114 155.821 170.213
13370.4 146.563 160.729
13631.8 137.85 151.794
13898.4 129.648 143.376
14170.1 121.929 135.446
14447.1 114.665 127.976
14729.6 107.829 120.939
15017.6 101.397 114.31
15311.3 95.344 108.065
15610.6 89.6494 102.183
15915.9 84.2917 96.6425
16227.1 79.2511 91.4232
16544.3 74.5094 86.507
16867.8 70.0487 81.876
17197.6 65.853 77.5142
17533.9 61.9064 73.4054
17876.7 58.1945 69.5352
18226.3 54.7034 65.8896
18582.6 51.42 62.4557
18946 48.3324 59.221
19316.4 45.4288 56.174
19694.1 42.6984 53.3038
20079.2 40.131 50.5999
20471.8 37.7169 48.0528
20872 35.4472 45.6532
21280.1 33.3132 43.3926
21696.2 31.3069 41.2627
22120.4 29.4208 39.2561
22552.9 27.6476 37.3653
22993.9 25.9808 35.5838
23443.5 24.414 33.9051
23901.9 22.9411 32.323
24369.2 21.5568 30.8322
24845.7 20.2555 29.427
25331.5 19.0326 28.1025
25826.8 17.8831 26.854
26331.8 16.8028 25.6771
26846.6 15.7875 24.5674
27371.5 14.8334 23.5211
27906.7 13.9368 22.5345
28452.3 13.0942 21.604
29008.7 12.3023 20.7263
29575.9 11.5583 19.8983
30154.1 10.8591 19.1172
30743.7 10.2022 18.3801
31344.8 9.58492 17.6845
31957.7 9.00491 17.0278
32582.6 8.45997 16.4079
33219.7 7.94793 15.8225
33869.2 7.46687 15.2697
34531.4 7.0149 14.7475
35206.6 6.59026 14.2541
35894.9 6.19133 13.7878
36596.8 5.81651 13.3469
37312.3 5.46442 12.9301
38041.9 5.13362 12.5359
38785.7 4.82286 12.163
39544.1 4.53092 11.81
40317.3 4.25666 11.4759
41105.6 3.99902 11.1594
41909.3 3.757 10.8597
42728.7 3.52964 10.5756
43564.2 3.31606 10.3063
44416 3.11543 10.0509
45284.4 2.92697 9.8086
46169.8 2.74993 9.57857
47072.6 2.58361 9.3601
47992.9 2.42739 9.15253
48931.3 2.28064 8.95521
49888.1 2.14279 8.76754
50863.5 2.0133 8.58895
51858 1.89166 8.41891
52871.9 1.7774 8.2569
53905.7 1.67006 8.10245
54959.7 1.56924 7.95513
56034.3 1.47452 7.81451
57129.9 1.38555 7.6802
58247 1.30197 7.55183
59385.8 1.22346 7.42904
60547 1.14971 7.31151
61730.8 1.08043 7.19892
62937.8 1.01534 7.09101
64168.4 0.954201 6.98748
65423.1 0.896762 6.88807
66702.2 0.842804 6.79257
68006.4 0.792113 6.70072
69336.1 0.74449 6.61232
70691.8 0.699752 6.52717
72074.1 0.657719 6.44507
73483.3 0.618231 6.36586
74920.1 0.581129 6.28935
76384.9 0.546273 6.21542
77878.4 0.513524 6.14388
79401.2 0.482753 6.07461
80953.6 0.453843 6.0075
82536.5 0.426677 5.94239
84150.3 0.401153 5.87919
85795.6 0.377169 5.81778
87473.2 0.354633 5.75807
89183.5 0.333456 5.69996
90927.2 0.313555 5.64335
92705.1 0.294854 5.58818
94517.8 0.27728 5.53434
96365.8 0.260764 5.48178
98249.9 0.245243 5.43043
100171 0.230654 5.38021
102130 0.216944 5.33106
104126 0.204057 5.28293
106162 0.191945 5.23578
108238 0.180561 5.18953
110354 0.169859 5.14415
112512 0.1598 5.09959
114712 0.150344 5.05582
116955 0.141454 5.01278
119242 0.133097 4.97046
#S  11 Na
#N 3
#L PhotonEnergy[eV]  Photoelectric[barn/atom]  Total[barn/atom]
2004.49 59391.3 59458
2043.68 56480.1 56546.4
2083.64 53702.8 53768.7
2124.38 51053.5 51118.9
2165.92 48527 48592
2208.27 46118.1 46182.6
2251.44 43821.7 43885.7
2295.47 41632.9 41696.5
2340.35 39547.2 39610.2
2386.11 37560 37622.5
2432.76 35667 35729
2480.33 33864.2 33925.6
2528.82 32147.5 32208.4
2578.27 30513.1 30573.5
2628.68 28957.4 29017.2
2680.08 27476.9 27536.2
2732.48 26068.1 26126.8
2785.91 24727.8 24786
2840.38 23453 23510.5
2895.92 22240.6 22297.6
2952.54 21087.9 21144.2
3010.27 19991.9 20047.7
3069.12 18950.2 19005.4
3129.14 17960.2 18014.7
3190.32 17019.5 17073.5
3252.7 16125.9 16179.2
3316.3 15276.9 15329.6
3381.14 14470.7 14522.8
3447.25 13705.1 13756.6
3514.65 12978.3 13029.2
3583.37 12288.4 12338.6
3653.43 11633.5 11683.1
3724.87 11012.1 11061.1
3797.7 10422.5 10470.9
3871.95 9863.25 9910.98
3947.66 9332.75 9379.85
4024.84 8829.62 8876.09
4103.54 8352.56 8398.41
4183.77 7900.28 7945.5
4265.58 7471.54 7516.14
4348.98 7065.21 7109.19
4434.02 6680.13 6723.49
4520.71 6315.28 6358.03
4609.1 5969.62 6011.75
4699.22 5642.22 5683.75
4791.1 5332.14 5373.06
4884.78 5038.49 5078.81
4980.29 4760.47 4800.18
5077.67 4497.26 4536.38
5176.95 4248.12 4286.65
5278.17 4012.33 4050.26
5381.37 3789.2 3826.55
5486.59 3578.08 3614.85
5593.87 3378.35 3414.54
5703.24 3189.42 3225.04
5814.75 3010.73 3045.79
5928.45 2841.75 2876.25
6044.36 2681.96 2715.91
6162.55 2530.9 2564.3
6283.04 2388.1 2420.95
6405.89 2253.12 2285.44
6531.14 2125.56 2157.34
6658.84 2005.02 2036.27
6789.04 1891.12 1921.86
6921.78 1783.52 1813.75
7057.11 1681.88 1711.6
7195.1 1585.88 1615.1
7335.78 1495.22 1523.94
7479.22 1409.6 1437.84
7625.45 1328.77 1356.52
7774.55 1252.45 1279.73
7926.56 1180.42 1207.23
8081.55 1112.42 1138.77
8239.56 1048.25 1074.15
8400.67 987.697 1013.15
8564.92 930.561 955.571
8732.38 876.655 901.231
8903.12 825.801 849.951
9077.2 777.833 801.563
9254.69 732.591 755.909
9435.64 689.926 712.838
9620.13 649.692 672.205
9808.22 611.758 633.88
10000 575.992 597.729
10195.5 542.278 563.636
10394.9 510.497 531.484
10598.1 480.544 501.167
10805.3 452.315 472.58
11016.6 425.713 445.627
11232 400.648 420.218
11451.6 377.032 396.264
11675.5 354.784 373.684
11903.8 333.826 352.402
12136.6 314.084 332.343
12373.9 295.491 313.438
12615.8 277.981 295.622
12862.5 261.492 278.834
13114 245.966 263.016
13370.4 231.347 248.11
13631.8 217.584 234.067
13898.4 204.628 220.837
14170.1 192.432 208.372
14447.1 180.952 196.631
14729.6 170.148 185.57
15017.6 159.981 175.151
15311.3 150.412 165.338
15610.6 141.409 156.095
15915.9 132.938 147.39
16227.1 124.968 139.19
16544.3 117.47 131.469
16867.8 110.416 124.197
17197.6 103.781 117.35
17533.9 97.5409 110.901
17876.7 91.6714 104.828
18226.3 86.1514 99.1102
18582.6 80.9603 93.7257
18946 76.0788 88.6555
19316.4 71.4888 83.8815
19694.1 67.173 79.3862
20079.2 63.1154 75.1534
20471.8 59.3006 71.1678
20872 55.7144 67.4151
21280.1 52.3433 63.8816
21696.2 49.1744 60.5544
22120.4 46.1959 57.4216
22552.9 43.3964 54.4716
22993.9 40.7653 51.694
23443.5 38.2926 49.0785
23901.9 35.9689 46.6155
24369.2 33.7853 44.2962
24845.7 31.7333 42.112
25331.5 29.8053 40.0551
25826.8 27.9937 38.118
26331.8 26.2916 36.2936
26846.6 24.6924 34.5753
27371.5 23.1901 32.9568
27906.7 21.7787 31.4322
28452.3 20.4529 29.9961
29008.7 19.2074 28.6432
29575.9 18.0374 27.3686
30154.1 16.9385 26.1676
30743.7 15.9063 25.0359
31344.8 14.9368 23.9695
31957.7 14.0262 22.9644
32582.6 13.171 22.0171
33219.7 12.3678 21.1241
33869.2 11.6135 20.2822
34531.4 10.905 19.4884
35206.6 10.2398 18.7398
35894.9 9.6151 18.0339
36596.8 9.02841 17.3679
37312.3 8.47755 16.7396
38041.9 7.96025 16.1468
38785.7 7.47451 15.5873
39544.1 7.01841 15.0592
40317.3 6.59014 14.5606
41105.6 6.18803 14.0898
41909.3 5.81047 13.6451
42728.7 5.45596 13.2249
43564.2 5.12312 12.8279
44416 4.8106 12.4526
45284.4 4.51719 12.0977
46169.8 4.24172 11.7621
47072.6 3.98307 11.4446
47992.9 3.74023 11.1441
48931.3 3.51225 10.8597
49888.1 3.29821 10.5903
50863.5 3.09725 10.335
51858 2.90858 10.0931
52871.9 2.73145 9.86375
53905.7 2.56514 9.64615
54959.7 2.40901 9.43967
56034.3 2.26243 9.2436
57129.9 2.12481 9.05736
58247 1.9956 8.88033
59385.8 1.87429 8.71199
60547 1.7604 8.55182
61730.8 1.65347 8.39932
62937.8 1.55307 8.25404
64168.4 1.45882 8.11555
65423.1 1.37032 7.98345
66702.2 1.28722 7.85735
68006.4 1.20921 7.73691
69336.1 1.13595 7.62177
70691.8 1.06717 7.51163
72074.1 1.00259 7.40618
73483.3 0.941948 7.30515
74920.1 0.885004 7.20827
76384.9 0.831536 7.1153
77878.4 0.781327 7.02599
79401.2 0.734179 6.94014
80953.6 0.689904 6.85753
82536.5 0.648324 6.77797
84150.3 0.609277 6.70127
85795.6 0.572606 6.62728
87473.2 0.538167 6.55582
89183.5 0.505822 6.48674
90927.2 0.475443 6.4199
92705.1 0.44691 6.35516
94517.8 0.420109 6.2924
96365.8 0.394937 6.2315
98249.9 0.371291 6.17235
100171 0.349079 6.11485
102130 0.328213 6.05888
104126 0.308611 6.00437
106162 0.290197 5.95123
108238 0.272896 5.89936
110354 0.256641 5.8487
112512 0.241369 5.79918
114712 0.22702 5.75072
116955 0.213535 5.70326
119242 0.200865 5.65675
#S  12 Mg
#N 3
#L PhotonEnergy[eV]  Photoelectric[barn/atom]  Total[barn/atom]
2004.49 78065.8 78142.5
2043.68 74365.2 74441.4
2083.64 70827.1 70902.9
2124.38 67445.2 67520.5
2165.92 64213.3 64288
2208.27 61125.2 61199.5
2251.44 58175.7 58249.4
2295.47 55358.5 55431.7
2340.35 52668.6 52741.2
2386.11 50100.7 50172.8
2432.76 47649.9 47721.3
2480.33 45311.2 45382
2528.82 43079.9 43150.2
2578.27 40951.6 41021.3
2628.68 38922 38991
2680.08 36986.8 37055.2
2732.48 35141.9 35209.7
2785.91 33383.7 33450.8
2840.38 31708.2 31774.7
2895.92 30111.9 30177.8
2952.54 28591.5 28656.6
3010.27 27143.4 27208
3069.12 25764.7 25828.5
3129.14 24452.1 24515.3
3190.32 23202.8 23265.3
3252.7 22014 22075.8
3316.3 20882.8 20943.9
3381.14 19806.7 19867.1
3447.25 18783.2 18842.9
3514.65 17810 17869
3583.37 16884.7 16943
3653.43 16005 16062.6
3724.87 15169 15225.9
3797.7 14374.6 14430.8
3871.95 13619.8 13675.3
3947.66 12902.8 12957.6
4024.84 12221.8 12275.8
4103.54 11575.1 11628.5
4183.77 10961.1 11013.8
4265.58 10378.2 10430.2
4348.98 9825.05 9876.3
4434.02 9300.04 9350.59
4520.71 8801.93 8851.78
4609.1 8329.35 8378.5
4699.22 7881.14 7929.59
4791.1 7456.05 7503.81
4884.78 7052.96 7100.03
4980.29 6670.82 6717.2
5077.67 6308.56 6354.26
5176.95 5965.23 6010.26
5278.17 5639.87 5684.22
5381.37 5331.6 5375.28
5486.59 5039.56 5082.57
5593.87 4762.93 4805.27
5703.24 4500.94 4542.63
5814.75 4252.86 4293.9
5928.45 4017.97 4058.36
6044.36 3795.6 3835.36
6162.55 3585.13 3624.26
6283.04 3385.94 3424.44
6405.89 3197.46 3235.34
6531.14 3019.11 3056.38
6658.84 2850.42 2887.07
6789.04 2690.83 2726.88
6921.78 2539.92 2575.37
7057.11 2397.21 2432.07
7195.1 2262.27 2296.55
7335.78 2134.7 2168.41
7479.22 2014.12 2047.25
7625.45 1900.15 1932.73
7774.55 1792.44 1824.47
7926.56 1690.67 1722.15
8081.55 1594.52 1625.46
8239.56 1503.69 1534.1
8400.67 1417.9 1447.78
8564.92 1336.87 1366.24
8732.38 1260.35 1289.21
8903.12 1188.1 1216.46
9077.2 1119.89 1147.75
9254.69 1055.49 1082.87
9435.64 994.716 1021.62
9620.13 937.35 963.781
9808.22 883.217 909.186
10000 832.136 857.649
10195.5 783.944 809.01
10394.9 738.478 763.104
10598.1 695.592 719.787
10805.3 655.144 678.914
11016.6 616.996 640.348
11232 581.024 603.967
11451.6 547.104 569.646
11675.5 515.126 537.274
11903.8 484.98 506.74
12136.6 456.563 477.944
12373.9 429.779 450.788
12615.8 404.538 425.182
12862.5 380.751 401.037
13114 358.338 378.274
13370.4 337.22 356.813
13631.8 317.325 336.582
13898.4 298.584 317.511
14170.1 280.932 299.536
14447.1 264.306 282.594
14729.6 248.647 266.626
15017.6 233.902 251.579
15311.3 220.018 237.399
15610.6 206.946 224.037
15915.9 194.638 211.447
16227.1 183.052 199.584
16544.3 172.146 188.407
16867.8 161.881 177.877
17197.6 152.219 167.958
17533.9 143.127 158.613
17876.7 134.571 149.81
18226.3 126.519 141.517
18582.6 118.944 133.707
18946 111.817 126.35
19316.4 105.111 119.42
19694.1 98.8037 112.894
20079.2 92.8703 106.747
20471.8 87.2894 100.957
20872 82.0404 95.5049
21280.1 77.1038 90.3701
21696.2 72.4613 85.534
22120.4 68.0958 80.9798
22552.9 63.9907 76.6906
22993.9 60.1309 72.6514
23443.5 56.502 68.8475
23901.9 53.0901 65.265
24369.2 49.8827 61.8914
24845.7 46.8674 58.7141
25331.5 44.0332 55.7219
25826.8 41.3691 52.9038
26331.8 38.865 50.2497
26846.6 36.5115 47.75
27371.5 34.2996 45.3956
27906.7 32.2209 43.1782
28452.3 30.2675 41.0895
29008.7 28.4317 39.122
29575.9 26.7068 37.2688
30154.1 25.086 35.5229
30743.7 23.5632 33.8782
31344.8 22.1323 32.3286
31957.7 20.788 30.8686
32582.6 19.5251 29.493
33219.7 18.3385 28.1966
33869.2 17.2239 26.9749
34531.4 16.1768 25.8235
35206.6 15.1932 24.7383
35894.9 14.2693 23.7153
36596.8 13.4014 22.7508
37312.3 12.5862 21.8414
38041.9 11.8205 20.9839
38785.7 11.1014 20.1752
39544.1 10.4259 19.4125
40317.3 9.79153 18.6929
41105.6 9.19573 18.014
41909.3 8.63618 17.3734
42728.7 8.11067 16.7687
43564.2 7.61717 16.198
44416 7.15369 15.6591
45284.4 6.71846 15.1502
46169.8 6.30974 14.6694
47072.6 5.9259 14.2153
47992.9 5.56547 13.7861
48931.3 5.227 13.3804
49888.1 4.90917 12.9969
50863.5 4.61071 12.6341
51858 4.33045 12.2909
52871.9 4.06728 11.9661
53905.7 3.82015 11.6587
54959.7 3.5881 11.3675
56034.3 3.3702 11.0917
57129.9 3.16559 10.8303
58247 2.97346 10.5825
59385.8 2.79304 10.3474
60547 2.62363 10.1244
61730.8 2.46455 9.91266
62937.8 2.31517 9.71155
64168.4 2.1749 9.52044
65423.1 2.04318 9.33874
66702.2 1.91949 9.16589
68006.4 1.80334 9.00136
69336.1 1.69427 8.84466
70691.8 1.59184 8.69532
72074.1 1.49566 8.55291
73483.3 1.40533 8.41701
74920.1 1.3205 8.28724
76384.9 1.24084 8.16323
77878.4 1.16602 8.04464
79401.2 1.09576 7.93115
80953.6 1.02977 7.82245
82536.5 0.967795 7.71825
84150.3 0.909587 7.61829
85795.6 0.854916 7.52231
87473.2 0.803566 7.43008
89183.5 0.755334 7.34136
90927.2 0.710029 7.25596
92705.1 0.667474 7.17367
94517.8 0.627498 7.09429
96365.8 0.589947 7.01767
98249.9 0.554671 6.94363
100171 0.52153 6.87202
102130 0.490396 6.80268
104126 0.461145 6.73549
106162 0.433664 6.67032
108238 0.407842 6.60703
110354 0.383581 6.54552
112512 0.360783 6.48567
114712 0.339361 6.4274
116955 0.31923 6.37059
119242 0.300313 6.31517
#S  13 Al
#N 3
#L PhotonEnergy[eV]  Photoelectric[barn/atom]  Total[barn/atom]
2004.49 102612 102673
2043.68 97736.4 97797.5
2083.64 93077.9 93138.6
2124.38 88627.4 88687.8
2165.92 84376.4 84436.4
2208.27 80316.9 80376.5
2251.44 76441 76500.1
2295.47 72741 72799.7
2340.35 69209.3 69267.6
2386.11 65839.2 65897.1
2432.76 62623.8 62681.3
2480.33 59556.5 59613.5
2528.82 56631 56687.5
2578.27 53841.3 53897.4
2628.68 51181.5 51237.1
2680.08 48646 48701.1
2732.48 46229.4 46284.1
2785.91 43926.5 43980.7
2840.38 41732.4 41786.1
2895.92 39642.3 39695.4
2952.54 37651.5 37704.1
3010.27 35755.7 35807.8
3069.12 33950.7 34002.3
3129.14 32232.2 32283.4
3190.32 30596.7 30647.3
3252.7 29040.2 29090.3
3316.3 27559.1 27608.6
3381.14 26150 26199.1
3447.25 24809.7 24858.2
3514.65 23535 23582.9
3583.37 22322.8 22370.2
3653.43 21170.3 21217.2
3724.87 20074.7 20121
3797.7 19033.4 19079.2
3871.95 18043.8 18089.1
3947.66 17103.5 17148.2
4024.84 16210.2 16254.3
4103.54 15361.6 15405.2
4183.77 14555.6 14598.7
4265.58 13790.2 13832.8
4348.98 13063.5 13105.5
4434.02 12373.6 12415
4520.71 11718.7 11759.6
4609.1 11097.2 11137.6
4699.22 10507.4 10547.2
4791.1 9947.81 9987.09
4884.78 9416.91 9455.66
4980.29 8913.32 8951.54
5077.67 8435.7 8473.39
5176.95 7982.78 8019.95
5278.17 7553.32 7589.97
5381.37 7146.19 7182.32
5486.59 6760.25 6795.86
5593.87 6394.47 6429.56
5703.24 6047.81 6082.4
5814.75 5719.35 5753.43
5928.45 5408.15 5441.73
6044.36 5113.34 5146.43
6162.55 4834.1 4866.7
6283.04 4569.64 4601.75
6405.89 4319.22 4350.84
6531.14 4082.08 4113.23
6658.84 3857.6 3888.28
6789.04 3645.09 3675.29
6921.78 3443.95 3473.7
7057.11 3253.61 3282.89
7195.1 3073.47 3102.3
7335.78 2903.04 2931.43
7479.22 2741.8 2769.74
7625.45 2589.28 2616.78
7774.55 2445.01 2472.08
7926.56 2308.57 2335.22
8081.55 2179.54 2205.77
8239.56 2057.55 2083.36
8400.67 1942.21 1967.62
8564.92 1833.17 1858.18
8732.38 1730.11 1754.72
8903.12 1632.7 1656.92
9077.2 1540.65 1564.48
9254.69 1453.66 1477.12
9435.64 1371.48 1394.56
9620.13 1293.83 1316.54
9808.22 1220.48 1242.83
10000 1151.19 1173.19
10195.5 1085.76 1107.41
10394.9 1023.96 1045.26
10598.1 965.611 986.576
10805.3 910.515 931.148
11016.6 858.497 878.803
11232 809.393 829.38
11451.6 763.039 782.711
11675.5 719.291 738.655
11903.8 678.002 697.062
12136.6 639.038 657.801
12373.9 602.272 620.744
12615.8 567.582 585.768
12862.5 534.855 552.761
13114 503.982 521.613
13370.4 474.86 492.222
13631.8 447.391 464.489
13898.4 421.485 438.325
14170.1 397.054 413.641
14447.1 374.017 390.356
14729.6 352.294 368.391
15017.6 331.815 347.674
15311.3 312.506 328.134
15610.6 294.305 309.705
15915.9 277.149 292.327
16227.1 260.977 275.938
16544.3 245.737 260.485
16867.8 231.373 245.913
17197.6 217.838 232.175
17533.9 205.084 219.223
17876.7 193.067 207.012
18226.3 181.745 195.5
18582.6 171.079 184.649
18946 161.031 174.42
19316.4 151.566 164.779
19694.1 142.651 155.692
20079.2 134.254 147.127
20471.8 126.346 139.054
20872 118.899 131.447
21280.1 111.886 124.278
21696.2 105.282 117.521
22120.4 99.0641 111.155
22552.9 93.2097 105.155
22993.9 87.6982 99.5018
23443.5 82.5095 94.1749
23901.9 77.6247 89.1554
24369.2 73.0269 84.4262
24845.7 68.6988 79.9699
25331.5 64.6252 75.7714
25826.8 60.7912 71.8155
26331.8 57.1829 68.0884
26846.6 53.7871 64.5767
27371.5 50.5914 61.2681
27906.7 47.5843 58.1509
28452.3 44.7548 55.214
29008.7 42.0923 52.4468
29575.9 39.5873 49.8397
30154.1 37.2304 47.3833
30743.7 35.0131 45.0689
31344.8 32.927 42.8882
31957.7 30.9646 40.8334
32582.6 29.1185 38.8973
33219.7 27.3819 37.0729
33869.2 25.7485 35.3537
34531.4 24.2121 33.7337
35206.6 22.7669 32.207
35894.9 21.4077 30.7681
36596.8 20.1293 29.412
37312.3 18.9271 28.1339
38041.9 17.7964 26.9291
38785.7 16.733 25.7933
39544.1 15.733 24.7226
40317.3 14.7926 23.7132
41105.6 13.9083 22.7614
41909.3 13.0768 21.8638
42728.7 12.2949 21.0174
43564.2 11.5597 20.219
44416 10.8684 19.4659
45284.4 10.2184 18.7554
46169.8 9.60723 18.0851
47072.6 9.03259 17.4524
47992.9 8.49233 16.8554
48931.3 7.98437 16.2917
49888.1 7.50682 15.7596
50863.5 7.05783 15.257
51858 6.63571 14.7823
52871.9 6.23888 14.3339
53905.7 5.86578 13.9101
54959.7 5.51505 13.5096
56034.3 5.18531 13.1309
57129.9 4.87533 12.7728
58247 4.58392 12.434
59385.8 4.30996 12.1134
60547 4.05242 11.8099
61730.8 3.81032 11.5226
62937.8 3.58272 11.2504
64168.4 3.36877 10.9925
65423.1 3.16763 10.7479
66702.2 2.97856 10.516
68006.4 2.80081 10.2959
69336.1 2.63372 10.087
70691.8 2.47664 9.88863
72074.1 2.32897 9.70008
73483.3 2.19015 9.52081
74920.1 2.05965 9.35025
76384.9 1.93697 9.1879
77878.4 1.82164 9.03325
79401.2 1.71322 8.88586
80953.6 1.61129 8.74528
82536.5 1.51546 8.61109
84150.3 1.42538 8.48293
85795.6 1.34068 8.36042
87473.2 1.26105 8.24323
89183.5 1.18619 8.13103
90927.2 1.11581 8.02352
92705.1 1.04964 7.92042
94517.8 0.987421 7.82146
96365.8 0.928925 7.72638
98249.9 0.873926 7.63497
100171 0.822209 7.54697
102130 0.773584 7.4622
104126 0.72786 7.38045
106162 0.684866 7.30154
108238 0.644436 7.22529
110354 0.60642 7.15155
112512 0.570667 7.08014
114712 0.537048 7.01094
116955 0.505429 6.94381
119242 0.475695 6.87861
#S  14 Si
#N 3
#L PhotonEnergy[eV]  Photoelectric[barn/atom]  Total[barn/atom]
2004.49 126256 126356
2043.68 120551 120651
2083.64 115082 115181
2124.38 109839 109938
2165.92 104816 104914
2208.27 100003 100100
2251.44 95393 95489.6
2295.47 90978.4 91074.4
2340.35 86752.1 86847.4
2386.11 82706.8 82801.4
2432.76 78835.6 78929.4
2480.33 75131.8 75224.9
2528.82 71589 71681.4
2578.27 68201 68292.6
2628.68 64961.7 65052.6
2680.08 61865.2 61955.3
2732.48 58905.9 58995.2
2785.91 56078.3 56166.7
2840.38 53377.1 53464.7
2895.92 50797.2 50884
2952.54 48333.7 48419.7
3010.27 45981.8 46066.9
3069.12 43736.9 43821.2
3129.14 41594.6 41677.9
3190.32 39550.6 39633.1
3252.7 37600.9 37682.5
3316.3 35741.2 35822
3381.14 33968.1 34047.9
3447.25 32277.6 32356.5
3514.65 30666.3 30744.4
3583.37 29130.9 29208
3653.43 27667.8 27744.1
3724.87 26274.2 26349.5
3797.7 24946.7 25021.2
3871.95 23682.7 23756.3
3947.66 22479.3 22551.9
4024.84 21333.7 21405.4
4103.54 20243.5 20314.2
4183.77 19206 19275.9
4265.58 18219.1 18288
4348.98 17280.3 17348.3
4434.02 16387.4 16454.5
4520.71 15538.4 15604.6
4609.1 14731.2 14796.5
4699.22 13964 14028.4
4791.1 13234.9 13298.4
4884.78 12542 12604.6
4980.29 11883.8 11945.5
5077.67 11258.5 11319.3
5176.95 10664.7 10724.6
5278.17 10100.8 10159.8
5381.37 9565.49 9623.58
5486.59 9057.3 9114.51
5593.87 8574.96 8631.3
5703.24 8117.23 8172.7
5814.75 7682.95 7737.57
5928.45 7270.97 7324.73
6044.36 6880.18 6933.09
6162.55 6509.59 6561.66
6283.04 6158.16 6209.4
6405.89 5825.01 5875.42
6531.14 5509.17 5558.77
6658.84 5209.85 5258.64
6789.04 4926.17 4974.16
6921.78 4657.4 4704.59
7057.11 4402.77 4449.18
7195.1 4161.57 4207.2
7335.78 3933.12 3977.98
7479.22 3716.79 3760.89
7625.45 3511.96 3555.32
7774.55 3318.04 3360.65
7926.56 3134.49 3176.37
8081.55 2960.75 3001.91
8239.56 2796.35 2836.8
8400.67 2640.79 2680.53
8564.92 2493.62 2532.67
8732.38 2354.4 2392.76
8903.12 2222.72 2260.41
9077.2 2098.2 2135.22
9254.69 1980.44 2016.81
9435.64 1869.11 1904.83
9620.13 1763.86 1798.94
9808.22 1664.37 1698.83
10000 1570.35 1604.19
10195.5 1481.49 1514.72
10394.9 1397.52 1430.16
10598.1 1318.2 1350.25
10805.3 1243.26 1274.74
11016.6 1172.48 1203.39
11232 1105.62 1135.98
11451.6 1042.49 1072.29
11675.5 982.875 1012.14
11903.8 926.589 955.33
12136.6 873.452 901.675
12373.9 823.293 851.008
12615.8 775.949 803.165
12862.5 731.27 757.996
13114 689.109 715.355
13370.4 649.326 675.102
13631.8 611.792 637.106
13898.4 576.383 601.245
14170.1 542.984 567.403
14447.1 511.482 535.467
14729.6 481.771 505.331
15017.6 453.755 476.898
15311.3 427.336 450.072
15610.6 402.429 424.765
15915.9 378.947 400.894
16227.1 356.811 378.375
16544.3 335.947 357.137
16867.8 316.281 337.105
17197.6 297.748 318.215
17533.9 280.284 300.401
17876.7 263.827 283.603
18226.3 248.322 267.764
18582.6 233.715 252.83
18946 219.954 238.75
19316.4 206.992 225.476
19694.1 194.782 212.963
20079.2 183.284 201.167
20471.8 172.454 190.047
20872 162.256 179.566
21280.1 152.654 169.687
21696.2 143.613 160.376
22120.4 135.101 151.601
22552.9 127.087 143.33
22993.9 119.543 135.535
23443.5 112.442 128.19
23901.9 105.758 121.267
24369.2 99.4679 114.744
24845.7 93.5474 108.597
25331.5 87.9761 102.804
25826.8 82.7333 97.346
26331.8 77.8001 92.2024
26846.6 73.1583 87.3557
27371.5 68.7911 82.7887
27906.7 64.6824 78.4853
28452.3 60.8172 74.4303
29008.7 57.1811 70.6092
29575.9 53.7608 67.0087
30154.1 50.5436 63.6158
30743.7 47.5177 60.4187
31344.8 44.6717 57.4059
31957.7 41.995 54.5667
32582.6 39.4779 51.8912
33219.7 37.1107 49.3697
33869.2 34.8847 46.9934
34531.4 32.7916 44.7537
35206.6 30.8234 42.6428
35894.9 28.9729 40.6531
36596.8 27.2329 38.7776
37312.3 25.5972 37.0096
38041.9 24.0592 35.3429
38785.7 22.6134 33.7715
39544.1 21.2542 32.2899
40317.3 19.9765 30.8928
41105.6 18.7754 29.5754
41909.3 17.6464 28.3329
42728.7 16.5851 27.161
43564.2 15.5876 26.0555
44416 14.6499 25.0126
45284.4 13.7687 24.0286
46169.8 12.9404 23.1
47072.6 12.1619 22.2237
47992.9 11.4302 21.3965
48931.3 10.7426 20.6155
49888.1 10.0964 19.8781
50863.5 9.48907 19.1818
51858 8.9183 18.524
52871.9 8.38193 17.9026
53905.7 7.87784 17.3153
54959.7 7.40416 16.7603
56034.3 6.959 16.2356
57129.9 6.54069 15.7395
58247 6.1476 15.2702
59385.8 5.77819 14.8261
60547 5.43106 14.4059
61730.8 5.10487 14.0081
62937.8 4.79834 13.6314
64168.4 4.51031 13.2745
65423.1 4.23963 12.9363
66702.2 3.98529 12.6157
68006.4 3.74628 12.3117
69336.1 3.52168 12.0232
70691.8 3.31063 11.7494
72074.1 3.1123 11.4894
73483.3 2.92593 11.2424
74920.1 2.75079 11.0077
76384.9 2.58621 10.7844
77878.4 2.43155 10.572
79401.2 2.28621 10.3697
80953.6 2.14963 10.1771
82536.5 2.02126 9.99352
84150.3 1.90064 9.81842
85795.6 1.78727 9.65133
87473.2 1.68073 9.49175
89183.5 1.5806 9.33926
90927.2 1.48649 9.19345
92705.1 1.39804 9.0539
94517.8 1.31491 8.92026
96365.8 1.23677 8.79218
98249.9 1.16333 8.66933
100171 1.0943 8.5514
102130 1.02941 8.43811
104126 0.968417 8.32916
106162 0.911083 8.22433
108238 0.857184 8.12334
110354 0.806516 8.02599
112512 0.75888 7.93205
114712 0.714099 7.84134
116955 0.671994 7.75364
119242 0.63241 7.66879
#S  15 P
#N 3
#L PhotonEnergy[eV]  Photoelectric[barn/atom]  Total[barn/atom]
2004.49 15395.4 15510.8
2043.68 14649.9 14764.6
2083.64 13943.1 14057.2
2124.38 13273 13386.3
2165.92 125990 126103
2208.27 120405 120516
2251.44 115044 115155
2295.47 109900 110010
2340.35 104964 105074
2386.11 100230 100339
2432.76 95691.4 95799.3
2480.33 91339.8 91446.9
2528.82 87169 87275.2
2578.27 83172.5 83277.9
2628.68 79343.9 79448.4
2680.08 75677.2 75780.8
2732.48 72166 72268.7
2785.91 68804.8 68906.5
2840.38 65587.8 65688.6
2895.92 62509.5 62609.3
2952.54 59564.7 59663.5
3010.27 56748.1 56845.9
3069.12 54054.9 54151.8
3129.14 51480 51575.9
3190.32 49019.1 49114
3252.7 46667.3 46761.2
3316.3 44420.5 44513.4
3381.14 42274.5 42366.4
3447.25 40225 40315.8
3514.65 38268.2 38358
3583.37 36400.4 36489.1
3653.43 34617.7 34705.4
3724.87 32916.8 33003.4
3797.7 31294.1 31379.7
3871.95 29746.5 29831
3947.66 28270.6 28354.1
4024.84 26863.6 26946
4103.54 25522.3 25603.7
4183.77 24244.1 24324.4
4265.58 23026.3 23105.5
4348.98 21866 21944.2
4434.02 20760.9 20838
4520.71 19708.6 19784.7
4609.1 18706.7 18781.7
4699.22 17753 17826.9
4791.1 16845.3 16918.2
4884.78 15981.5 16053.4
4980.29 15159.8 15230.6
5077.67 14378.1 14447.9
5176.95 13634.8 13703.5
5278.17 12927.9 12995.6
5381.37 12255.9 12322.6
5486.59 11617.1 11682.8
5593.87 11010 11074.7
5703.24 10433.2 10496.9
5814.75 9885.24 9947.92
5928.45 9364.72 9426.41
6044.36 8870.36 8931.08
6162.55 8400.94 8460.68
6283.04 7955.29 8014.06
6405.89 7532.27 7590.09
6531.14 7130.76 7187.64
6658.84 6749.79 6805.73
6789.04 6388.31 6443.32
6921.78 6045.41 6099.5
7057.11 5720.19 5773.37
7195.1 5411.75 5464.04
7335.78 5119.33 5170.72
7479.22 4842.08 4892.59
7625.45 4579.28 4628.93
7774.55 4330.22 4379
7926.56 4094.21 4142.15
8081.55 3870.58 3917.69
8239.56 3658.75 3705.03
8400.67 3458.1 3503.56
8564.92 3268.08 3312.74
8732.38 3088.14 3132.01
8903.12 2917.78 2960.86
9077.2 2756.51 2798.81
9254.69 2603.86 2645.4
9435.64 2459.39 2500.19
9620.13 2322.68 2362.75
9808.22 2193.34 2232.68
10000 2070.98 2109.61
10195.5 1955.25 1993.17
10394.9 1845.78 1883.02
10598.1 1742.28 1778.83
10805.3 1644.41 1680.29
11016.6 1551.87 1587.1
11232 1464.41 1498.99
11451.6 1381.73 1415.68
11675.5 1303.6 1336.92
11903.8 1229.77 1262.48
12136.6 1160.02 1192.13
12373.9 1094.12 1125.63
12615.8 1031.87 1062.81
12862.5 973.069 1003.44
13114 917.543 947.36
13370.4 865.108 894.379
13631.8 815.6 844.336
13898.4 768.859 797.07
14170.1 724.738 752.434
14447.1 683.092 710.285
14729.6 643.786 670.485
15017.6 606.695 632.911
15311.3 571.695 597.437
15610.6 538.673 563.952
15915.9 507.52 532.346
16227.1 478.132 502.514
16544.3 450.414 474.362
16867.8 424.271 447.794
17197.6 399.617 422.725
17533.9 376.37 399.072
17876.7 354.451 376.756
18226.3 333.786 355.703
18582.6 314.305 335.843
18946 295.942 317.109
19316.4 278.634 299.439
19694.1 262.322 282.774
20079.2 246.95 267.056
20471.8 232.465 252.234
20872 218.817 238.256
21280.1 205.958 225.076
21696.2 193.844 212.648
22120.4 182.433 200.931
22552.9 171.684 189.883
22993.9 161.561 179.468
23443.5 152.026 169.649
23901.9 143.047 160.392
24369.2 134.592 151.666
24845.7 126.63 143.441
25331.5 119.135 135.688
25826.8 112.078 128.379
26331.8 105.434 121.491
26846.6 99.1799 114.998
27371.5 93.293 108.879
27906.7 87.7521 103.111
28452.3 82.5372 97.6752
29008.7 77.6292 92.5517
29575.9 73.0106 87.7232
30154.1 68.6644 83.1723
30743.7 64.5746 78.8831
31344.8 60.7267 74.8408
31957.7 57.1061 71.0309
32582.6 53.7 67.4402
33219.7 50.4955 64.0557
33869.2 47.481 60.866
34531.4 44.6453 57.8595
35206.6 41.9779 55.0256
35894.9 39.4691 52.3546
36596.8 37.1092 49.8366
37312.3 34.8899 47.4632
38041.9 32.8026 45.2257
38785.7 30.8396 43.1162
39544.1 28.9936 41.1275
40317.3 27.2576 39.2524
41105.6 25.6253 37.4843
41909.3 24.0904 35.8171
42728.7 22.6471 34.2448
43564.2 21.2901 32.7619
44416 20.0142 31.3632
45284.4 18.8147 30.0439
46169.8 17.6869 28.7992
47072.6 16.6266 27.6248
47992.9 15.6298 26.5166
48931.3 14.6927 25.4708
49888.1 13.8118 24.4837
50863.5 12.9837 23.5519
51858 12.2052 22.6721
52871.9 11.4735 21.8413
53905.7 10.7857 21.0567
54959.7 10.1391 20.3155
56034.3 9.53135 19.6152
57129.9 8.9601 18.9534
58247 8.42316 18.3279
59385.8 7.91846 17.7364
60547 7.44409 17.1772
61730.8 6.99822 16.6482
62937.8 6.57914 16.1476
64168.4 6.18526 15.6739
65423.1 5.81504 15.2254
66702.2 5.46708 14.8007
68006.4 5.14004 14.3983
69336.1 4.83265 14.017
70691.8 4.54374 13.6556
72074.1 4.27219 13.3128
73483.3 4.01698 12.9876
74920.1 3.77709 12.6789
76384.9 3.55163 12.3858
77878.4 3.33972 12.1074
79401.2 3.14054 11.8427
80953.6 2.95333 11.5911
82536.5 2.77735 11.3517
84150.3 2.61196 11.1238
85795.6 2.45649 10.9067
87473.2 2.31036 10.6999
89183.5 2.173 10.5026
90927.2 2.04388 10.3145
92705.1 1.92251 10.1348
94517.8 1.80841 9.96312
96365.8 1.70116 9.79902
98249.9 1.60034 9.64202
100171 1.50556 9.4917
102130 1.41645 9.3477
104126 1.33268 9.20961
106162 1.25393 9.07712
108238 1.17988 8.94988
110354 1.11026 8.8276
112512 1.04481 8.70997
114712 0.983261 8.59675
116955 0.925389 8.48765
119242 0.870974 8.38245
#S  16 S
#N 3
#L PhotonEnergy[eV]  Photoelectric[barn/atom]  Total[barn/atom]
2004.49 20561.2 20693.7
2043.68 19482.7 19614.3
2083.64 18459.3 18590.2
2124.38 17488.4 17618.5
2165.92 16567.4 16696.7
2208.27 15693.8 15822.2
2251.44 14865.1 14992.7
2295.47 14079.2 14205.9
2340.35 13333.9 13459.6
2386.11 12627.1 12751.9
2432.76 11956.9 12080.7
2480.33 117113 117236
2528.82 111597 111719
2578.27 106324 106445
2628.68 101285 101405
2680.08 96469.5 96588.2
2732.48 91868.7 91986.4
2785.91 87474.1 87590.7
2840.38 83276.9 83392.4
2895.92 79269.1 79383.6
2952.54 75443.1 75556.4
3010.27 71790.9 71903.1
3069.12 68305.5 68416.6
3129.14 64979.6 65089.5
3190.32 61806.9 61915.6
3252.7 58780.5 58888
3316.3 55894.1 56000.4
3381.14 53141.9 53247.1
3447.25 50518.1 50622.1
3514.65 48017.1 48119.9
3583.37 45633.4 45735
3653.43 43362.2 43462.5
3724.87 41198.2 41297.4
3797.7 39136.9 39234.9
3871.95 37173.7 37270.4
3947.66 35304.2 35399.8
4024.84 33524.2 33618.5
4103.54 31829.8 31922.8
4183.77 30217 30308.8
4265.58 28682.1 28772.7
4348.98 27221.8 27311.2
4434.02 25832.3 25920.5
4520.71 24510.8 24597.7
4609.1 23253.8 23339.5
4699.22 22058.6 22143.1
4791.1 20922.2 21005.5
4884.78 19841.8 19923.9
4980.29 18814.9 18895.8
5077.67 17839 17918.7
5176.95 16911.7 16990.2
5278.17 16030.7 16108
5381.37 15193.7 15269.9
5486.59 14398.8 14473.8
5593.87 13643.8 13717.7
5703.24 12926.9 12999.6
5814.75 12246.3 12317.9
5928.45 11600.2 11670.7
6044.36 10987 11056.3
6162.55 10405 10473.2
6283.04 9852.76 9919.82
6405.89 9328.8 9394.76
6531.14 8831.72 8896.6
6658.84 8360.25 8424.04
6789.04 7913.08 7975.81
6921.78 7489.06 7550.73
7057.11 7087.01 7147.64
7195.1 6705.84 6765.43
7335.78 6344.53 6403.09
7479.22 6002.06 6059.62
7625.45 5677.52 5734.07
7774.55 5369.98 5425.55
7926.56 5078.6 5133.2
8081.55 4802.57 4856.19
8239.56 4541.09 4593.77
8400.67 4293.44 4345.18
8564.92 4058.92 4109.73
8732.38 3836.84 3886.74
8903.12 3626.58 3675.58
9077.2 3427.52 3475.64
9254.69 3239.1 3286.34
9435.64 3060.76 3107.14
9620.13 2891.98 2937.51
9808.22 2732.27 2776.97
10000 2581.15 2625.03
10195.5 2438.19 2481.26
10394.9 2302.94 2345.22
10598.1 2175.02 2216.51
10805.3 2054.04 2094.76
11016.6 1939.62 1979.59
11232 1831.43 1870.65
11451.6 1729.13 1767.63
11675.5 1632.43 1670.2
11903.8 1541.01 1578.08
12136.6 1454.59 1490.98
12373.9 1372.92 1408.63
12615.8 1295.74 1330.78
12862.5 1222.81 1257.19
13114 1153.9 1187.64
13370.4 1088.79 1121.91
13631.8 1027.29 1059.79
13898.4 969.187 1001.08
14170.1 914.312 945.618
14447.1 862.486 893.212
14729.6 813.54 843.699
15017.6 767.324 796.926
15311.3 723.685 752.743
15610.6 682.486 711.01
15915.9 643.592 671.595
16227.1 606.876 634.368
16544.3 572.221 599.213
16867.8 539.511 566.014
17197.6 508.642 534.668
17533.9 479.512 505.069
17876.7 452.024 477.124
18226.3 426.087 450.741
18582.6 401.617 425.834
18946 378.533 402.323
19316.4 356.756 380.129
19694.1 336.215 359.18
20079.2 316.84 339.408
20471.8 298.567 320.746
20872 281.334 303.133
21280.1 265.084 286.512
21696.2 249.76 270.826
22120.4 235.311 256.024
22552.9 221.688 242.056
22993.9 208.845 228.877
23443.5 196.737 216.441
23901.9 185.324 204.708
24369.2 174.565 193.637
24845.7 164.425 183.191
25331.5 154.868 173.337
25826.8 145.861 164.04
26331.8 137.372 155.269
26846.6 129.373 146.994
27371.5 121.835 139.188
27906.7 114.733 131.823
28452.3 108.041 124.876
29008.7 101.737 118.322
29575.9 95.7971 112.14
30154.1 90.2014 106.307
30743.7 84.9302 100.805
31344.8 79.9649 95.6153
31957.7 75.2876 90.7189
32582.6 70.8824 86.0999
33219.7 66.733 81.7423
33869.2 62.8253 77.6315
34531.4 59.145 73.7533
35206.6 55.679 70.0945
35894.9 52.4151 66.6425
36596.8 49.3415 63.3855
37312.3 46.4474 60.3127
38041.9 43.7222 57.4133
38785.7 41.1561 54.6774
39544.1 38.7401 52.0957
40317.3 36.4654 49.6594
41105.6 34.3238 47.3603
41909.3 32.3076 45.1904
42728.7 30.4094 43.1423
43564.2 28.6225 41.2092
44416 26.9402 39.3842
45284.4 25.3567 37.6615
46169.8 23.8661 36.035
47072.6 22.4629 34.4991
47992.9 21.1421 33.0488
48931.3 19.8988 31.6791
49888.1 18.7287 30.3854
50863.5 17.6273 29.1633
51858 16.5906 28.0087
52871.9 15.6149 26.9178
53905.7 14.6965 25.8869
54959.7 13.8323 24.9125
56034.3 13.0188 23.9913
57129.9 12.2532 23.1204
58247 11.5327 22.2968
59385.8 10.8547 21.5179
60547 10.2165 20.781
61730.8 9.61599 20.0837
62937.8 9.05081 19.4238
64168.4 8.51896 18.7991
65423.1 8.0184 18.2075
66702.2 7.54737 17.6473
68006.4 7.10408 17.1165
69336.1 6.68693 16.6135
70691.8 6.29437 16.1367
72074.1 5.92492 15.6846
73483.3 5.57727 15.2557
74920.1 5.2501 14.8487
76384.9 4.94222 14.4625
77878.4 4.65248 14.0956
79401.2 4.37982 13.7472
80953.6 4.12323 13.416
82536.5 3.88175 13.1012
84150.3 3.6545 12.8017
85795.6 3.44064 12.5167
87473.2 3.23938 12.2454
89183.5 3.04997 11.987
90927.2 2.87171 11.7406
92705.1 2.70395 11.5058
94517.8 2.54606 11.2817
96365.8 2.39747 11.0678
98249.9 2.25763 10.8634
100171 2.126 10.6681
102130 2.00212 10.4814
104126 1.88552 10.3026
106162 1.77578 10.1315
108238 1.67248 9.96747
110354 1.57525 9.8102
112512 1.48372 9.65927
114712 1.39758 9.51435
116955 1.31648 9.37507
119242 1.24015 9.24114
#S  17 Cl
#N 3
#L PhotonEnergy[eV]  Photoelectric[barn/atom]  Total[barn/atom]
2004.49 27062.3 27213.8
2043.68 25655.6 25806.3
2083.64 24317.7 24467.4
2124.38 23045.3 23194.1
2165.92 21835.6 21983.4
2208.27 20685.6 20832.5
2251.44 19592.7 19738.5
2295.47 18554.2 18699
2340.35 17567.5 17711.2
2386.11 16630.3 16772.9
2432.76 15740.3 15881.7
2480.33 14895.1 15035.5
2528.82 14092.9 14232
2578.27 13331.4 13469.4
2628.68 12608.8 12745.6
2680.08 11923.2 12058.8
2732.48 11272.9 11407.2
2785.91 10656.1 10789.1
2840.38 95895.5 96027.3
2895.92 91596.2 91726.8
2952.54 87472.5 87601.8
3010.27 83518.2 83646.1
3069.12 79727.4 79854
3129.14 76093.8 76219.1
3190.32 72612.1 72736
3252.7 69276.5 69399.1
3316.3 66081.6 66202.8
3381.14 63022.4 63142.3
3447.25 60093.5 60212
3514.65 57290.2 57407.4
3583.37 54607.7 54723.4
3653.43 52041.3 52155.7
3724.87 49586.5 49699.4
3797.7 47239.1 47350.6
3871.95 44994.8 45104.9
3947.66 42849.5 42958.2
4024.84 40799.2 40906.6
4103.54 38840.3 38946.3
4183.77 36969.2 37073.7
4265.58 35182.1 35285.2
4348.98 33475.6 33577.3
4434.02 31846.5 31946.8
4520.71 30291.7 30390.6
4609.1 28807.8 28905.4
4699.22 27392.2 27488.4
4791.1 26041.9 26136.7
4884.78 24754 24847.4
4980.29 23526.1 23618.1
5077.67 22355.5 22446.1
5176.95 21239.8 21329
5278.17 20176.5 20264.4
5381.37 19163.4 19250
5486.59 18198.4 18283.7
5593.87 17279.4 17363.3
5703.24 16404.2 16486.8
5814.75 15571 15652.3
5928.45 14777.9 14857.9
6044.36 14023.1 14101.8
6162.55 13304.9 13382.3
6283.04 12621.6 12697.8
6405.89 11971.7 12046.6
6531.14 11353.6 11427.2
6658.84 10765.9 10838.3
6789.04 10207.1 10278.3
6921.78 9676.03 9746.03
7057.11 9171.3 9240.11
7195.1 8691.67 8759.29
7335.78 8236.04 8302.49
7479.22 7803.2 7868.5
7625.45 7392.13 7456.28
7774.55 7001.8 7064.82
7926.56 6631.2 6693.11
8081.55 6279.39 6340.2
8239.56 5945.49 6005.21
8400.67 5628.62 5687.27
8564.92 5327.98 5385.57
8732.38 5042.76 5099.3
8903.12 4772.21 4827.73
9077.2 4515.62 4570.13
9254.69 4272.31 4325.82
9435.64 4041.64 4094.16
9620.13 3822.95 3874.51
9808.22 3615.68 3666.28
10000 3419.24 3468.9
10195.5 3233.12 3281.85
10394.9 3056.76 3104.59
10598.1 2889.72 2936.65
10805.3 2731.49 2777.54
11016.6 2581.64 2626.83
11232 2439.75 2484.09
11451.6 2305.41 2348.91
11675.5 2178.24 2220.92
11903.8 2057.86 2099.74
12136.6 1943.94 1985.03
12373.9 1836.13 1876.45
12615.8 1734.13 1773.68
12862.5 1637.63 1676.44
13114 1546.36 1584.42
13370.4 1460.02 1497.37
13631.8 1378.37 1415.02
13898.4 1301.17 1337.12
14170.1 1228.17 1263.45
14447.1 1159.17 1193.78
14729.6 1093.94 1127.9
15017.6 1032.29 1065.62
15311.3 974.026 1006.73
15610.6 918.974 951.065
15915.9 866.958 898.452
16227.1 817.816 848.723
16544.3 771.396 801.731
16867.8 727.551 757.325
17197.6 686.143 715.369
17533.9 647.04 675.73
17876.7 610.118 638.284
18226.3 575.258 602.911
18582.6 542.349 569.501
18946 511.285 537.947
19316.4 481.966 508.149
19694.1 454.294 480.01
20079.2 428.181 453.439
20471.8 403.541 428.353
20872 380.293 404.669
21280.1 358.361 382.311
21696.2 337.671 361.206
22120.4 318.156 341.285
22552.9 299.749 322.481
22993.9 282.39 304.736
23443.5 266.02 287.989
23901.9 250.584 272.184
24369.2 236.03 257.272
24845.7 222.309 243.2
25331.5 209.374 229.923
25826.8 197.181 217.396
26331.8 185.688 205.578
26846.6 174.856 194.429
27371.5 164.648 183.911
27906.7 155.028 173.989
28452.3 145.963 164.63
29008.7 137.421 155.802
29575.9 129.374 147.475
30154.1 121.793 139.621
30743.7 114.651 132.213
31344.8 107.923 125.226
31957.7 101.586 118.636
32582.6 95.6176 112.422
33219.7 89.996 106.56
33869.2 84.7023 101.032
34531.4 79.7169 95.8188
35206.6 75.0225 90.902
35894.9 70.6023 86.2649
36596.8 66.4402 81.8915
37312.3 62.5219 77.7671
38041.9 58.8328 73.8771
38785.7 55.3599 70.2083
39544.1 52.0906 66.748
40317.3 49.0132 63.4842
41105.6 46.1165 60.4058
41909.3 43.3901 57.5022
42728.7 40.8238 54.7632
43564.2 38.4087 52.1795
44416 36.1357 49.7419
45284.4 33.9967 47.4425
46169.8 31.9839 45.2729
47072.6 30.0896 43.2258
47992.9 28.3072 41.2942
48931.3 26.6301 39.4713
49888.1 25.0521 37.751
50863.5 23.5673 36.1273
51858 22.1703 34.5945
52871.9 20.856 33.1477
53905.7 19.6195 31.7815
54959.7 18.4563 30.4916
56034.3 17.3619 29.2733
57129.9 16.3324 28.1227
58247 15.3639 27.0358
59385.8 14.4528 26.0088
60547 13.5958 25.0384
61730.8 12.7897 24.1212
62937.8 12.0314 23.2542
64168.4 11.3181 22.4345
65423.1 10.6472 21.6593
66702.2 10.0161 20.9261
68006.4 9.42258 20.2323
69336.1 8.86427 19.5758
70691.8 8.33915 18.9544
72074.1 7.84522 18.366
73483.3 7.38068 17.8087
74920.1 6.94372 17.2807
76384.9 6.53277 16.7803
77878.4 6.14624 16.306
79401.2 5.78269 15.8562
80953.6 5.44077 15.4294
82536.5 5.11916 15.0244
84150.3 4.81669 14.64
85795.6 4.53219 14.2748
87473.2 4.26461 13.9278
89183.5 4.01293 13.5979
90927.2 3.77622 13.2842
92705.1 3.55357 12.9857
94517.8 3.34415 12.7015
96365.8 3.14718 12.4308
98249.9 2.96191 12.1729
100171 2.78763 11.927
102130 2.62371 11.6923
104126 2.46951 11.4683
106162 2.32448 11.2544
108238 2.18804 11.0498
110354 2.0597 10.8543
112512 1.93896 10.6671
114712 1.82538 10.4878
116955 1.71853 10.316
119242 1.61802 10.1513
#S  18 Ar
#N 3
#L PhotonEnergy[eV]  Photoelectric[barn/atom]  Total[barn/atom]
2004.49 33845.6 34018.4
2043.68 32098.8 32270.5
2083.64 30440.4 30611.1
2124.38 28866.1 29035.7
2165.92 27371.8 27540.2
2208.27 25953.3 26120.5
2251.44 24607 24773
2295.47 23329.2 23494.1
2340.35 22116.6 22280.2
2386.11 20965.8 21128.1
2432.76 19873.8 20034.8
2480.33 18837.7 18997.4
2528.82 17854.6 18012.9
2578.27 16921.8 17078.8
2628.68 16036.9 16192.5
2680.08 15197.5 15351.7
2732.48 14401.1 14553.9
2785.91 13645.8 13797.2
2840.38 12929.3 13079.2
2895.92 12249.9 12398.3
2952.54 11605.4 11752.4
3010.27 10994.3 11139.7
3069.12 10414.8 10558.7
3129.14 9865.21 10007.6
3190.32 9344.17 9485.05
3252.7 88145.9 88285.2
3316.3 83999.1 84136.8
3381.14 80033.8 80170
3447.25 76242.4 76377.1
3514.65 72618.6 72751.6
3583.37 69155.1 69286.6
3653.43 65845.8 65975.7
3724.87 62684.4 62812.7
3797.7 59664.9 59791.6
3871.95 56781.6 56906.7
3947.66 54028.8 54152.3
4024.84 51401.1 51522.9
4103.54 48893.3 49013.6
4183.77 46500.5 46619.2
4265.58 44217.8 44334.9
4348.98 42040.6 42156.1
4434.02 39964.3 40078.2
4520.71 37984.8 38097
4609.1 36097.6 36208.3
4699.22 34299.1 34408.2
4791.1 32585.2 32692.8
4884.78 30952.3 31058.3
4980.29 29396.9 29501.3
5077.67 27915.5 28018.3
5176.95 26505 26606.2
5278.17 25162 25261.7
5381.37 23883.6 23981.8
5486.59 22667 22763.6
5593.87 21509.2 21604.4
5703.24 20407.8 20501.4
5814.75 19360.1 19452.2
5928.45 18363.6 18454.2
6044.36 17416 17505.2
6162.55 16515.1 16602.8
6283.04 15658.7 15744.9
6405.89 14844.7 14929.5
6531.14 14071.2 14154.6
6658.84 13336.2 13418.2
6789.04 12638 12718.6
6921.78 11974.8 12054
7057.11 11345 11422.9
7195.1 10746.9 10823.4
7335.78 10179.1 10254.3
7479.22 9640.09 9713.97
7625.45 9128.54 9201.11
7774.55 8643.05 8714.34
7926.56 8182.43 8252.45
8081.55 7745.41 7814.17
8239.56 7330.89 7398.41
8400.67 6937.73 7004.03
8564.92 6564.93 6630.02
8732.38 6211.42 6275.31
8903.12 5876.29 5939.02
9077.2 5558.62 5620.19
9254.69 5257.55 5317.98
9435.64 4972.25 5031.56
9620.13 4701.9 4760.1
9808.22 4445.8 4502.91
10000 4203.19 4259.23
10195.5 3973.41 4028.39
10394.9 3755.8 3809.75
10598.1 3549.75 3602.68
10805.3 3354.66 3406.59
11016.6 3169.98 3220.92
11232 2995.17 3045.14
11451.6 2829.72 2878.74
11675.5 2673.17 2721.25
11903.8 2525.03 2572.19
12136.6 2384.87 2431.13
12373.9 2252.29 2297.66
12615.8 2126.88 2171.38
12862.5 2008.28 2051.92
13114 1896.12 1938.93
13370.4 1790.07 1832.05
13631.8 1689.8 1730.98
13898.4 1595.01 1635.4
14170.1 1505.41 1545.03
14447.1 1420.74 1459.59
14729.6 1340.71 1378.82
15017.6 1265.09 1302.47
15311.3 1193.63 1230.3
15610.6 1126.13 1162.1
15915.9 1062.36 1097.65
16227.1 1002.13 1036.75
16544.3 945.242 979.204
16867.8 891.516 924.837
17197.6 840.786 873.479
17533.9 792.885 824.965
17876.7 747.661 779.14
18226.3 704.967 735.86
18582.6 664.668 694.986
18946 626.629 656.386
19316.4 590.731 619.94
19694.1 556.853 585.526
20079.2 524.885 553.034
20471.8 494.721 522.359
20872 466.263 493.402
21280.1 439.416 466.068
21696.2 414.091 440.266
22120.4 390.203 415.913
22552.9 367.673 392.929
22993.9 346.426 371.239
23443.5 326.388 350.769
23901.9 307.494 331.453
24369.2 289.679 313.226
24845.7 272.882 296.027
25331.5 257.047 279.8
25826.8 242.12 264.491
26331.8 228.048 250.047
26846.6 214.786 236.42
27371.5 202.285 223.565
27906.7 190.504 211.438
28452.3 179.402 199.999
29008.7 168.94 189.208
29575.9 159.082 179.029
30154.1 149.794 169.428
30743.7 141.042 160.373
31344.8 132.798 151.831
31957.7 125.031 143.775
32582.6 117.715 136.176
33219.7 110.823 129.009
33869.2 104.331 122.25
34531.4 98.217 115.874
35206.6 92.4586 109.861
35894.9 87.0356 104.19
36596.8 81.9283 98.8406
37312.3 77.1191 93.7956
38041.9 72.5904 89.037
38785.7 68.3261 84.5486
39544.1 64.311 80.3151
40317.3 60.5306 76.3217
41105.6 56.9715 72.5549
41909.3 53.6207 69.0017
42728.7 50.4661 65.6497
43564.2 47.4965 62.4876
44416 44.7009 59.5042
45284.4 42.0694 56.6897
46169.8 39.5925 54.034
47072.6 37.2608 51.5281
47992.9 35.0663 49.1635
48931.3 33.0007 46.9319
49888.1 31.0566 44.8259
50863.5 29.2269 42.8381
51858 27.5049 40.9617
52871.9 25.8842 39.1904
53905.7 24.359 37.5179
54959.7 22.9237 35.9388
56034.3 21.5729 34.4475
57129.9 20.3018 33.0391
58247 19.1057 31.7087
59385.8 17.9801 30.4519
60547 16.9209 29.2644
61730.8 15.9242 28.1422
62937.8 14.9863 27.0816
64168.4 14.1038 26.0789
65423.1 13.2734 25.1309
66702.2 12.4921 24.2344
68006.4 11.7568 23.3864
69336.1 11.065 22.5841
70691.8 10.4141 21.8249
72074.1 9.80163 21.1063
73483.3 9.22535 20.426
74920.1 8.68309 19.7816
76384.9 8.17289 19.1713
77878.4 7.69281 18.593
79401.2 7.24109 18.0448
80953.6 6.81608 17.5251
82536.5 6.41614 17.0321
84150.3 6.03985 16.5644
85795.6 5.68577 16.1204
87473.2 5.3526 15.6989
89183.5 5.0391 15.2985
90927.2 4.74411 14.918
92705.1 4.46653 14.5563
94517.8 4.20532 14.2122
96365.8 3.95954 13.8849
98249.9 3.72825 13.5732
100171 3.51059 13.2764
102130 3.30577 12.9935
104126 3.11302 12.7238
106162 2.93163 12.4665
108238 2.76091 12.2209
110354 2.60026 11.9863
112512 2.44905 11.7621
114712 2.30675 11.5477
116955 2.17281 11.3426
119242 2.04674 11.1462
#S  19 K
#N 3
#L PhotonEnergy[eV]  Photoelectric[barn/atom]  Total[barn/atom]
2004.49 43182.1 43368.6
2043.68 40994.8 41180.4
2083.64 38915.2 39099.7
2124.38 36938.2 37121.7
2165.92 35058.8 35241.2
2208.27 33272.5 33453.7
2251.44 31574.7 31754.8
2295.47 29961.2 30140.1
2340.35 28427.9 28605.5
2386.11 26970.9 27147.3
2432.76 25586.6 25761.7
2480.33 24271.5 24445.2
2528.82 23022.1 23194.5
2578.27 21835.3 22006.3
2628.68 20708.1 20877.7
2680.08 19637.5 19805.7
2732.48 18620.8 18787.5
2785.91 17655.4 17820.6
2840.38 16738.7 16902.4
2895.92 15868.3 16030.5
2952.54 15042 15202.7
3010.27 14257.6 14416.7
3069.12 13513.1 13670.6
3129.14 12806.4 12962.4
3190.32 12135.8 12290.1
3252.7 11499.3 11652
3316.3 10895.4 11046.5
3381.14 10322.4 10471.8
3447.25 9778.7 9926.47
3514.65 9262.97 9409.07
3583.37 8773.71 8918.14
3653.43 73875.8 74018.6
3724.87 70514.7 70655.7
3797.7 67292.9 67432.3
3871.95 64205.6 64343.3
3947.66 61248 61383.9
4024.84 58415 58549.2
4103.54 55702.3 55834.8
4183.77 53105.3 53236.1
4265.58 50619.7 50748.8
4348.98 48241.3 48368.6
4434.02 45965.8 46091.4
4520.71 43789.6 43913.5
4609.1 41708.5 41830.7
4699.22 39719.1 39839.6
4791.1 37817.7 37936.4
4884.78 36000.6 36117.7
4980.29 34264.8 34380.2
5077.67 32606.8 32720.5
5176.95 31023.5 31135.5
5278.17 29511.9 29622.2
5381.37 28069 28177.6
5486.59 26692.1 26799
5593.87 25378.3 25483.6
5703.24 24125.1 24228.7
5814.75 22929.9 23031.9
5928.45 21790.2 21890.7
6044.36 20703.8 20802.6
6162.55 19668.3 19765.5
6283.04 18681.4 18777
6405.89 17741.3 17835.3
6531.14 16845.7 16938.2
6658.84 15992.9 16083.8
6789.04 15180.8 15270.1
6921.78 14407.6 14495.5
7057.11 13671.8 13758.1
7195.1 12971.5 13056.4
7335.78 12305.2 12388.6
7479.22 11671.4 11753.3
7625.45 11068.6 11149.1
7774.55 10495.3 10574.4
7926.56 9950.33 10028
8081.55 9432.24 9508.51
8239.56 8939.86 9014.75
8400.67 8471.96 8545.5
8564.92 8027.44 8099.63
8732.38 7605.17 7676.04
8903.12 7204.1 7273.67
9077.2 6823.27 6891.55
9254.69 6461.69 6528.7
9435.64 6118.47 6184.22
9620.13 5792.68 5857.2
9808.22 5483.54 5546.85
10000 5190.21 5252.33
10195.5 4911.96 4972.89
10394.9 4648.02 4707.8
10598.1 4397.72 4456.36
10805.3 4160.39 4217.9
11016.6 3935.37 3991.78
11232 3722.08 3777.41
11451.6 3519.92 3574.17
11675.5 3328.36 3381.56
11903.8 3146.84 3199.02
12136.6 2974.89 3026.05
12373.9 2812.01 2862.17
12615.8 2657.74 2706.93
12862.5 2511.66 2559.89
13114 2373.35 2420.64
13370.4 2242.41 2288.78
13631.8 2118.47 2163.93
13898.4 2001.17 2045.74
14170.1 1890.16 1933.86
14447.1 1785.14 1827.98
14729.6 1685.77 1727.78
15017.6 1591.78 1632.96
15311.3 1502.87 1543.26
15610.6 1418.8 1458.4
15915.9 1339.3 1378.13
16227.1 1264.13 1302.21
16544.3 1193.08 1230.41
16867.8 1125.91 1162.53
17197.6 1062.43 1098.34
17533.9 1002.44 1037.66
17876.7 945.758 980.295
18226.3 892.201 926.076
18582.6 841.605 874.833
18946 793.813 826.409
19316.4 748.675 780.652
19694.1 706.046 737.419
20079.2 665.791 696.574
20471.8 627.783 657.99
20872 591.899 621.543
21280.1 558.026 587.119
21696.2 526.051 554.608
22120.4 495.874 523.906
22552.9 467.394 494.915
22993.9 440.521 467.542
23443.5 415.164 441.698
23901.9 391.24 417.299
24369.2 368.673 394.267
24845.7 347.383 372.525
25331.5 327.304 352.005
25826.8 308.366 332.637
26331.8 290.507 314.358
26846.6 273.666 297.108
27371.5 257.787 280.83
27906.7 242.816 265.471
28452.3 228.702 250.978
29008.7 215.397 237.304
29575.9 202.856 224.403
30154.1 191.036 212.232
30743.7 179.896 200.751
31344.8 169.398 189.92
31957.7 159.505 179.703
32582.6 150.183 170.066
33219.7 141.4 160.975
33869.2 133.126 152.401
34531.4 125.33 144.314
35206.6 117.987 136.686
35894.9 111.07 129.492
36596.8 104.554 122.707
37312.3 98.4178 116.308
38041.9 92.6384 110.273
38785.7 87.1957 104.581
39544.1 82.0704 99.2135
40317.3 77.2441 94.151
41105.6 72.6997 89.3766
41909.3 68.4211 84.8739
42728.7 64.3925 80.627
43564.2 60.6 76.6219
44416 57.0294 72.8442
45284.4 53.6683 69.2813
46169.8 50.5044 65.9208
47072.6 47.526 62.7509
47992.9 44.7227 59.7609
48931.3 42.0841 56.9404
49888.1 39.6008 54.2797
50863.5 37.2635 51.7695
51858 35.0639 49.4013
52871.9 32.9938 47.1669
53905.7 31.0456 45.0584
54959.7 29.2124 43.0688
56034.3 27.4873 41.1912
57129.9 25.864 39.419
58247 24.3365 37.7463
59385.8 22.8993 36.1672
60547 21.5469 34.6763
61730.8 20.2745 33.2687
62937.8 19.0773 31.9393
64168.4 17.9509 30.6839
65423.1 16.8911 29.4979
66702.2 15.894 28.3775
68006.4 14.956 27.3188
69336.1 14.0734 26.3183
70691.8 13.2431 25.3726
72074.1 12.462 24.4784
73483.3 11.7271 23.633
74920.1 11.0357 22.8333
76384.9 10.3853 22.0768
77878.4 9.77344 21.3609
79401.2 9.19779 20.6833
80953.6 8.65627 20.0418
82536.5 8.14679 19.4343
84150.3 7.66752 18.8588
85795.6 7.21663 18.3135
87473.2 6.79244 17.7965
89183.5 6.39338 17.3064
90927.2 6.01795 16.8414
92705.1 5.66475 16.4002
94517.8 5.33245 15.9813
96365.8 5.01984 15.5836
98249.9 4.72573 15.2057
100171 4.449 14.8464
102130 4.18866 14.5048
104126 3.9437 14.1798
106162 3.71323 13.8705
108238 3.49638 13.5758
110354 3.29235 13.2951
112512 3.10035 13.0274
114712 2.91971 12.772
116955 2.74971 12.5282
119242 2.58976 12.2954
#S  20 Ca
#N 3
#L PhotonEnergy[eV]  Photoelectric[barn/atom]  Total[barn/atom]
2004.49 53394.9 53597.2
2043.68 50691.6 50892.8
2083.64 48121.8 48321.9
2124.38 45679 45878
2165.92 43357.1 43555
2208.27 41150.3 41347
2251.44 39053.2 39248.7
2295.47 37060.2 37254.5
2340.35 35166.5 35359.5
2386.11 33367.2 33558.8
2432.76 31657.7 31848
2480.33 30033.6 30222.5
2528.82 28490.9 28678.3
2578.27 27025.5 27211.5
2628.68 25633.6 25818.2
2680.08 24311.8 24494.8
2732.48 23056.4 23237.9
2785.91 21864.3 22044.3
2840.38 20732.4 20910.8
2895.92 19657.7 19834.4
2952.54 18637.4 18812.5
3010.27 17668.8 17842.3
3069.12 16749.4 16921.2
3129.14 15876.6 16046.7
3190.32 15048.3 15216.7
3252.7 14262.2 14428.9
3316.3 13516.2 13681.1
3381.14 12808.3 12971.5
3447.25 12136.7 12298
3514.65 11499.4 11659
3583.37 10894.8 11052.6
3653.43 10321.3 10477.3
3724.87 9777.31 9931.48
3797.7 9261.3 9413.66
3871.95 8771.92 8922.44
3947.66 8307.81 8456.49
4024.84 7867.69 8014.53
4103.54 68180.1 68325.1
4183.77 64888 65031.2
4265.58 61746.4 61887.6
4348.98 58748.7 58888.2
4434.02 55888.8 56026.3
4520.71 53160.9 53296.6
4609.1 50559.2 50693
4699.22 48078.4 48210.4
4791.1 45713.2 45843.4
4884.78 43458.5 43586.8
4980.29 41309.7 41436.1
5077.67 39261.8 39386.4
5176.95 37310.7 37433.6
5278.17 35452 35573
5381.37 33681.5 33800.7
5486.59 31995.5 32112.8
5593.87 30389.9 30505.5
5703.24 28861.3 28975.1
5814.75 27406.3 27518.3
5928.45 26021.4 26131.6
6044.36 24703.4 24811.9
6162.55 23449.3 23556.1
6283.04 22256.3 22361.3
6405.89 21121.5 21224.7
6531.14 20042 20143.6
6658.84 19015.6 19115.5
6789.04 18039.6 18137.8
6921.78 17111.8 17208.3
7057.11 16229.8 16324.7
7195.1 15391.5 15484.8
7335.78 14594.9 14686.6
7479.22 13838 13928.1
7625.45 13118.9 13207.4
7774.55 12435.8 12522.7
7926.56 11787 11872.3
8081.55 11170.8 11254.6
8239.56 10585.7 10668.1
8400.67 10030.3 10111.1
8564.92 9502.94 9582.31
8732.38 9002.41 9080.32
8903.12 8527.36 8603.84
9077.2 8076.57 8151.63
9254.69 7648.82 7722.48
9435.64 7243.03 7315.32
9620.13 6858.07 6929
9808.22 6492.96 6562.56
10000 6146.68 6214.95
10195.5 5818.31 5885.29
10394.9 5506.96 5572.66
10598.1 5211.79 5276.24
10805.3 4932 4995.2
11016.6 4666.78 4728.77
11232 4415.44 4476.22
11451.6 4177.24 4236.85
11675.5 3951.56 4010.01
11903.8 3737.74 3795.04
12136.6 3535.18 3591.36
12373.9 3343.31 3398.4
12615.8 3161.59 3215.59
12862.5 2989.49 3042.44
13114 2826.53 2878.44
13370.4 2672.24 2723.12
13631.8 2526.16 2576.04
13898.4 2387.88 2436.77
14170.1 2256.99 2304.92
14447.1 2133.11 2180.09
14729.6 2015.87 2061.92
15017.6 1904.93 1950.08
15311.3 1799.96 1844.22
15610.6 1700.66 1744.04
15915.9 1606.71 1649.23
16227.1 1517.84 1559.53
16544.3 1433.79 1474.66
16867.8 1354.3 1394.36
17197.6 1279.13 1318.4
17533.9 1208.04 1246.55
17876.7 1140.83 1178.59
18226.3 1077.29 1114.31
18582.6 1017.23 1053.53
18946 960.445 996.044
19316.4 906.779 941.69
19694.1 856.056 890.295
20079.2 808.122 841.704
20471.8 762.826 795.767
20872 720.025 752.34
21280.1 679.589 711.291
21696.2 641.385 672.489
22120.4 605.296 635.817
22552.9 571.205 601.156
22993.9 539.007 568.402
23443.5 508.595 537.447
23901.9 479.874 508.197
24369.2 452.752 480.558
24845.7 427.141 454.443
25331.5 402.961 429.771
25826.8 380.13 406.461
26331.8 358.575 384.439
26846.6 338.227 363.636
27371.5 319.02 343.985
27906.7 300.89 325.421
28452.3 283.778 307.888
29008.7 267.628 291.326
29575.9 252.387 275.685
30154.1 238.004 260.911
30743.7 224.431 246.959
31344.8 211.625 233.782
31957.7 199.542 221.338
32582.6 188.142 209.587
33219.7 177.387 198.49
33869.2 167.241 188.011
34531.4 157.67 178.116
35206.6 148.642 168.772
35894.9 140.127 159.949
36596.8 132.095 151.618
37312.3 124.52 143.751
38041.9 117.376 136.324
38785.7 110.639 129.31
39544.1 104.286 122.688
40317.3 98.2952 116.435
41105.6 92.6462 110.531
41909.3 87.3199 104.957
42728.7 82.2978 99.6929
43564.2 77.563 94.7229
44416 73.0989 90.0297
45284.4 68.8906 85.5984
46169.8 64.9234 81.414
47072.6 61.1834 77.4624
47992.9 57.6579 73.731
48931.3 54.3347 70.2073
49888.1 51.2024 66.8795
50863.5 48.2499 63.7367
51858 45.4671 60.7685
52871.9 42.8444 57.9651
53905.7 40.3724 55.317
54959.7 38.0427 52.8158
56034.3 35.8471 50.4529
57129.9 33.778 48.2207
58247 31.8281 46.1118
59385.8 29.9906 44.1192
60547 28.259 42.2363
61730.8 26.6273 40.457
62937.8 25.0898 38.7754
64168.4 23.641 37.186
65423.1 22.2758 35.6835
66702.2 20.9895 34.2631
68006.4 19.7775 32.9201
69336.1 18.6355 31.6501
70691.8 17.5595 30.449
72074.1 16.5456 29.3129
73483.3 15.5905 28.2381
74920.1 14.6905 27.2211
76384.9 13.8426 26.2587
77878.4 13.0437 25.3478
79401.2 12.291 24.4854
80953.6 11.5819 23.6688
82536.5 10.9138 22.8953
84150.3 10.2844 22.1627
85795.6 9.69142 21.4684
87473.2 9.13274 20.8104
89183.5 8.60639 20.1866
90927.2 8.11052 19.5951
92705.1 7.64335 19.0339
94517.8 7.20319 18.5015
96365.8 6.78853 17.9961
98249.9 6.39787 17.5162
100171 6.0298 17.0604
102130 5.68304 16.6274
104126 5.35633 16.2157
106162 5.04854 15.8242
108238 4.75854 15.4518
110354 4.48533 15.0974
112512 4.2279 14.7599
114712 3.98536 14.4383
116955 3.75684 14.1319
119242 3.54154 13.8397
#S  21 Sc
#N 3
#L PhotonEnergy[eV]  Photoelectric[barn/atom]  Total[barn/atom]
2004.49 68580.1 68806
2043.68 65141.2 65366
2083.64 61866.4 62090
2124.38 58748.5 58970.8
2165.92 55780.2 56001.3
2208.27 52954.8 53174.5
2251.44 50266 50484.3
2295.47 47707.2 47924.2
2340.35 45272.6 45488.1
2386.11 42956.6 43170.6
2432.76 40753.7 40966.1
2480.33 38658.5 38869.3
2528.82 36666.1 36875.3
2578.27 34771.9 34979.5
2628.68 32971 33177
2680.08 31259.3 31463.6
2732.48 29632.5 29835
2785.91 28086.6 28287.4
2840.38 26617.8 26816.8
2895.92 25222.4 25419.6
2952.54 23897 24092.4
3010.27 22638.3 22831.8
3069.12 21443 21634.6
3129.14 20308 20497.8
3190.32 19230.7 19418.5
3252.7 18208 18393.8
3316.3 17237.4 17421.3
3381.14 16316.4 16498.3
3447.25 15442.5 15622.4
3514.65 14613.5 14791.4
3583.37 13827.1 14003
3653.43 13081.3 13255.2
3724.87 12374.1 12546
3797.7 11703.6 11873.4
3871.95 11067.9 11235.7
3947.66 10465.4 10631.1
4024.84 9894.29 10057.9
4103.54 9353.14 9514.71
4183.77 8840.41 8999.9
4265.58 8354.68 8512.09
4348.98 7894.58 8049.91
4434.02 7458.81 7612.06
4520.71 60645 60796.2
4609.1 57850.9 58000
4699.22 55174.9 55322
4791.1 52612.5 52757.4
4884.78 50159.3 50302.2
4980.29 47811.4 47952.2
5077.67 45564.7 45703.5
5176.95 43415.4 43552.2
5278.17 41359.8 41494.4
5381.37 39394.1 39526.8
5486.59 37515 37645.6
5593.87 35719 35847.6
5703.24 34002.8 34129.4
5814.75 32363.3 32487.9
5928.45 30797.3 30920
6044.36 29301.9 29422.6
6162.55 27874.2 27993
6283.04 26511.5 26628.3
6405.89 25211.1 25326
6531.14 23970.3 24083.2
6658.84 22786.7 22897.8
6789.04 21657.9 21767.1
6921.78 20581.7 20689
7057.11 19555.7 19661.2
7195.1 18577.7 18681.4
7335.78 17645.8 17747.7
7479.22 16758 16858.1
7625.45 15912.3 16010.6
7774.55 15106.9 15203.5
7926.56 14340 14434.9
8081.55 13610 13703.1
8239.56 12915.1 13006.5
8400.67 12253.8 12343.6
8564.92 11624.7 11712.8
8732.38 11026.2 11112.7
8903.12 10456.9 10541.8
9077.2 9915.62 9998.94
9254.69 9401 9482.75
9435.64 8911.8 8992.01
9620.13 8446.84 8525.54
9808.22 8005.04 8082.23
10000 7585.27 7660.99
10195.5 7186.54 7260.81
10394.9 6807.83 6880.67
10598.1 6448.22 6519.65
10805.3 6106.8 6176.85
11016.6 5782.67 5851.36
11232 5475.06 5542.4
11451.6 5183.11 5249.14
11675.5 4906.14 4970.86
11903.8 4643.37 4706.82
12136.6 4394.12 4456.32
12373.9 4157.75 4218.71
12615.8 3933.61 3993.37
12862.5 3721.11 3779.68
13114 3519.67 3577.08
13370.4 3328.75 3385.01
13631.8 3147.81 3202.95
13898.4 2976.37 3030.41
14170.1 2813.96 2866.91
14447.1 2660.11 2712.01
14729.6 2514.39 2565.25
15017.6 2376.4 2426.24
15311.3 2245.74 2294.58
15610.6 2122.04 2169.91
15915.9 2004.95 2051.86
16227.1 1894.12 1940.09
16544.3 1789.24 1834.29
16867.8 1690 1734.15
17197.6 1596.1 1639.38
17533.9 1507.28 1549.69
17876.7 1423.26 1464.83
18226.3 1343.8 1384.55
18582.6 1268.66 1308.61
18946 1197.61 1236.77
19316.4 1130.45 1168.83
19694.1 1066.95 1104.58
20079.2 1006.93 1043.83
20471.8 950.211 986.388
20872 896.608 932.083
21280.1 845.962 880.751
21696.2 798.109 832.229
22120.4 752.906 786.371
22552.9 710.206 743.033
22993.9 669.878 702.082
23443.5 631.793 663.389
23901.9 595.828 626.831
24369.2 561.871 592.295
24845.7 529.81 559.67
25331.5 499.546 528.855
25826.8 470.978 499.75
26331.8 444.015 472.263
26846.6 418.568 446.305
27371.5 394.554 421.794
27906.7 371.896 398.65
28452.3 350.517 376.799
29008.7 330.348 356.169
29575.9 311.321 336.693
30154.1 293.374 318.309
30743.7 276.447 300.956
31344.8 260.482 284.576
31957.7 245.426 269.116
32582.6 231.23 254.526
33219.7 217.843 240.756
33869.2 205.223 227.762
34531.4 193.324 215.5
35206.6 182.107 203.929
35894.9 171.534 193.011
36596.8 161.568 182.709
37312.3 152.175 172.99
38041.9 143.322 163.819
38785.7 134.98 155.167
39544.1 127.118 147.004
40317.3 119.71 139.303
41105.6 112.731 132.038
41909.3 106.155 125.184
42728.7 99.9592 118.718
43564.2 94.1227 112.618
44416 88.6245 106.863
45284.4 83.4455 101.435
46169.8 78.5674 96.3136
47072.6 73.9725 91.4821
47992.9 69.6449 86.9242
48931.3 65.5693 82.6242
49888.1 61.7311 78.5675
50863.5 58.1166 74.7403
51858 54.7129 71.1293
52871.9 51.5078 67.7224
53905.7 48.4898 64.5077
54959.7 45.6483 61.4746
56034.3 42.9728 58.6123
57129.9 40.4539 55.9113
58247 38.0823 53.3623
59385.8 35.8496 50.9566
60547 33.7476 48.686
61730.8 31.7689 46.5427
62937.8 29.9061 44.5194
64168.4 28.1526 42.6093
65423.1 26.5019 40.8058
66702.2 24.9482 39.1029
68006.4 23.4857 37.4947
69336.1 22.109 35.9758
70691.8 20.8132 34.541
72074.1 19.5935 33.1855
73483.3 18.4456 31.9048
74920.1 17.3651 30.6945
76384.9 16.3481 29.5506
77878.4 15.3909 28.4692
79401.2 14.49 27.4468
80953.6 13.6421 26.4799
82536.5 12.844 25.5653
84150.3 12.0929 24.7001
85795.6 11.386 23.8813
87473.2 10.7207 23.1064
89183.5 10.0945 22.3727
90927.2 9.50511 21.6778
92705.1 8.95041 21.0197
94517.8 8.42833 20.396
96365.8 7.93696 19.8048
98249.9 7.47449 19.2444
100171 7.03918 18.7127
102130 6.62949 18.2083
104126 6.24385 17.7295
106162 5.88089 17.2749
108238 5.53923 16.843
110354 5.21767 16.4326
112512 4.91495 16.0423
114712 4.63003 15.6712
116955 4.36181 15.3179
119242 4.10934 14.9816
#S  22 Ti
#N 3
#L PhotonEnergy[eV]  Photoelectric[barn/atom]  Total[barn/atom]
2004.49 80650 80901.9
2043.68 76585.1 76835.8
2083.64 72720 72969.2
2124.38 69044.9 69292.8
2165.92 65550.9 65797.3
2208.27 62229.1 62474
2251.44 59071.5 59314.9
2295.47 56070.1 56311.9
2340.35 53217.4 53457.6
2386.11 50506.1 50744.6
2432.76 47929.6 48166.4
2480.33 45481.2 45716.2
2528.82 43154.8 43388
2578.27 40944.5 41175.9
2628.68 38844.6 39074.1
2680.08 36849.7 37077.3
2732.48 34954.8 35180.5
2785.91 33154.9 33378.7
2840.38 31445.5 31667.2
2895.92 29822 30041.7
2952.54 28280.4 28498
3010.27 26816.5 27032.1
3069.12 25426.6 25640
3129.14 24106.9 24318.2
3190.32 22854.2 23063.3
3252.7 21665 21872
3316.3 20536.1 20740.9
3381.14 19464.7 19667.3
3447.25 18447.8 18648.3
3514.65 17482.9 17681.1
3583.37 16567.2 16763.2
3653.43 15698.4 15892
3724.87 14874 15065.4
3797.7 14092 14281
3871.95 13350.1 13536.9
3947.66 12646.3 12830.8
4024.84 11978.8 12161
4103.54 11345.7 11525.5
4183.77 10745.2 10922.8
4265.58 10175.9 10351.1
4348.98 9636.01 9808.92
4434.02 9124.09 9294.68
4520.71 8638.78 8807.05
4609.1 8178.67 8344.62
4699.22 7742.53 7906.16
4791.1 7329.12 7490.44
4884.78 6937.27 7096.28
4980.29 56061.2 56217.8
5077.67 53381.8 53536.2
5176.95 50822.8 50974.9
5278.17 48379 48528.8
5381.37 46045.9 46193.4
5486.59 43818.7 43964
5593.87 41693.1 41836.1
5703.24 39664.7 39805.5
5814.75 37729.6 37868.2
5928.45 35883.6 36020
6044.36 34123 34257.2
6162.55 32444.2 32576.2
6283.04 30843.6 30973.5
6405.89 29317.9 29445.6
6531.14 27863.8 27989.4
6658.84 26478.2 26601.7
6789.04 25157.9 25279.3
6921.78 23900.3 24019.6
7057.11 22702.6 22819.8
7195.1 21561.9 21677.1
7335.78 20475.9 20589.1
7479.22 19442 19553.2
7625.45 18457.9 18567.1
7774.55 17521.3 17628.6
7926.56 16630.2 16735.5
8081.55 15782.4 15885.8
8239.56 14975.9 15077.4
8400.67 14208.9 14308.6
8564.92 13479.5 13577.3
8732.38 12786 12882
8903.12 12126.7 12220.9
9077.2 11500 11592.5
9254.69 10904.4 10995.1
9435.64 10338.4 10427.4
9620.13 9800.7 9888
9808.22 9289.89 9375.51
10000 8804.68 8888.66
10195.5 8343.88 8426.24
10394.9 7906.29 7987.05
10598.1 7490.85 7570.04
10805.3 7096.46 7174.1
11016.6 6722.09 6798.2
11232 6366.8 6441.41
11451.6 6029.64 6102.78
11675.5 5709.75 5781.44
11903.8 5406.25 5476.51
12136.6 5118.37 5187.23
12373.9 4845.33 4912.81
12615.8 4586.39 4652.52
12862.5 4340.85 4405.66
13114 4108.07 4171.57
13370.4 3887.39 3949.61
13631.8 3678.21 3739.18
13898.4 3479.95 3539.69
14170.1 3292.08 3350.61
14447.1 3114.06 3171.41
14729.6 2945.4 3001.58
15017.6 2785.62 2840.66
15311.3 2634.27 2688.2
15610.6 2490.94 2543.77
15915.9 2355.2 2406.95
16227.1 2226.65 2277.36
16544.3 2104.96 2154.64
16867.8 1989.74 2038.42
17197.6 1880.68 1928.37
17533.9 1777.45 1824.18
17876.7 1679.76 1725.54
18226.3 1587.3 1632.17
18582.6 1499.83 1543.79
18946 1417.06 1460.14
19316.4 1338.76 1380.98
19694.1 1264.69 1306.07
20079.2 1194.64 1235.19
20471.8 1128.38 1168.13
20872 1065.73 1104.69
21280.1 1006.48 1044.67
21696.2 950.46 987.903
22120.4 897.499 934.21
22552.9 847.432 883.428
22993.9 800.108 835.406
23443.5 755.378 789.995
23901.9 713.102 747.055
24369.2 673.154 706.458
24845.7 635.402 668.074
25331.5 599.734 631.789
25826.8 566.035 597.489
26331.8 534.198 565.065
26846.6 504.125 534.42
27371.5 475.718 505.456
27906.7 448.888 478.082
28452.3 423.55 452.214
29008.7 399.62 427.768
29575.9 377.024 404.67
30154.1 355.689 382.844
30743.7 335.544 362.222
31344.8 316.526 342.739
31957.7 298.572 324.332
32582.6 281.624 306.943
33219.7 265.626 290.516
33869.2 250.527 274.999
34531.4 236.276 260.341
35206.6 222.827 246.495
35894.9 210.136 233.418
36596.8 198.159 221.066
37312.3 186.859 209.4
38041.9 176.197 198.381
38785.7 166.137 187.975
39544.1 156.647 178.148
40317.3 147.694 168.866
41105.6 139.249 160.101
41909.3 131.283 151.824
42728.7 123.768 144.006
43564.2 116.681 136.625
44416 109.997 129.653
45284.4 103.693 123.07
46169.8 97.7479 116.853
47072.6 92.1415 110.982
47992.9 86.855 105.438
48931.3 81.87 100.202
49888.1 77.1698 95.2575
50863.5 72.738 90.5879
51858 68.5595 86.1778
52871.9 64.6202 82.0129
53905.7 60.9061 78.0791
54959.7 57.4049 74.3639
56034.3 54.1041 70.8546
57129.9 50.9927 67.54
58247 48.0597 64.409
59385.8 45.295 61.4513
60547 42.6889 58.6571
61730.8 40.2326 56.0174
62937.8 37.9174 53.5233
64168.4 35.7353 51.1668
65423.1 33.6785 48.9398
66702.2 31.7402 46.8354
68006.4 29.9134 44.8465
69336.1 28.1917 42.9666
70691.8 26.5692 41.1895
72074.1 25.04 39.5095
73483.3 23.599 37.921
74920.1 22.241 36.4189
76384.9 20.9613 34.9984
77878.4 19.7553 33.6547
79401.2 18.6189 32.3836
80953.6 17.548 31.181
82536.5 16.5389 30.0429
84150.3 15.588 28.9658
85795.6 14.6919 27.9461
87473.2 13.8476 26.9806
89183.5 13.052 26.0663
90927.2 12.3022 25.2002
92705.1 11.5958 24.3796
94517.8 10.9301 23.602
96365.8 10.3028 22.8649
98249.9 9.7118 22.166
100171 9.15483 21.5031
102130 8.63002 20.8742
104126 8.13547 20.2774
106162 7.66947 19.7108
108238 7.23035 19.1728
110354 6.81657 18.6617
112512 6.42663 18.176
114712 6.0592 17.7142
116955 5.71293 17.275
119242 5.38665 16.8572
#S  23 V
#N 3
#L PhotonEnergy[eV]  Photoelectric[barn/atom]  Total[barn/atom]
2004.49 95141.2 95421
2043.68 90386.5 90664.9
2083.64 85862.3 86139.2
2124.38 81558.2 81833.6
2165.92 77463.7 77737.4
2208.27 73568.7 73840.8
2251.44 69864.2 70134.5
2295.47 66340.8 66609.4
2340.35 62990.1 63256.9
2386.11 59803.9 60068.9
2432.76 56774.4 57037.4
2480.33 53893.9 54155
2528.82 51155.5 51414.6
2578.27 48552.5 48809.6
2628.68 46078.2 46333.2
2680.08 43726.5 43979.4
2732.48 41491.4 41742.2
2785.91 39367.6 39616.2
2840.38 37349.4 37595.7
2895.92 35431.9 35676
2952.54 33610.1 33852
3010.27 31879.5 32119
3069.12 30235.6 30472.8
3129.14 28674.1 28908.9
3190.32 27191.1 27423.6
3252.7 25782.8 26012.9
3316.3 24445.5 24673.1
3381.14 23175.6 23400.8
3447.25 21970 22192.7
3514.65 20825.4 21045.6
3583.37 19739 19956.7
3653.43 18707.6 18922.8
3724.87 17728.8 17941.4
3797.7 16799.8 17009.9
3871.95 15918.2 16125.8
3947.66 15081.7 15286.7
4024.84 14288 14490.5
4103.54 13535 13734.9
4183.77 12820.7 13018
4265.58 12143.1 12337.8
4348.98 11500.4 11692.5
4434.02 10890.8 11080.4
4520.71 10312.8 10499.7
4609.1 9764.57 9948.95
4699.22 9244.81 9426.61
4791.1 8752.02 8931.25
4884.78 8284.81 8461.47
4980.29 7841.94 8016.03
5077.67 7422.13 7593.68
5176.95 7024.26 7193.26
5278.17 6647.17 6813.63
5381.37 6289.82 6453.75
5486.59 52242 52403.4
5593.87 49648.3 49807.3
5703.24 47177.7 47334.1
5814.75 44824.8 44978.7
5928.45 42584 42735.5
6044.36 40450.6 40599.6
6162.55 38419.6 38566.2
6283.04 36486.3 36630.5
6405.89 34646.4 34788.2
6531.14 32895.4 33034.8
6658.84 31229.5 31366.6
6789.04 29644.5 29779.3
6921.78 28137 28269.4
7057.11 26703.2 26833.3
7195.1 25339.6 25467.5
7335.78 24043.1 24168.7
7479.22 22810.5 22933.9
7625.45 21638.8 21760
7774.55 20525 20644.1
7926.56 19466.6 19583.5
8081.55 18460.9 18575.6
8239.56 17505.3 17618
8400.67 16597.5 16708.1
8564.92 15735.2 15843.8
8732.38 14916.3 15022.8
8903.12 14138.5 14243
9077.2 13400 13502.5
9254.69 12698.8 12799.4
9435.64 12033.2 12131.9
9620.13 11401.4 11498.1
9808.22 10801.7 10896.6
10000 10232.6 10325.7
10195.5 9692.65 9783.9
10394.9 9180.32 9269.78
10598.1 8694.3 8782.01
10805.3 8233.26 8319.25
11016.6 7795.98 7880.26
11232 7381.29 7463.9
11451.6 6988.05 7069.01
11675.5 6615.19 6694.53
11903.8 6261.7 6339.45
12136.6 5926.6 6002.79
12373.9 5608.96 5683.61
12615.8 5307.92 5381.06
12862.5 5022.64 5094.3
13114 4752.31 4822.51
13370.4 4496.17 4564.95
13631.8 4253.5 4320.87
13898.4 4023.62 4089.61
14170.1 3805.88 3870.52
14447.1 3599.65 3662.97
14729.6 3404.33 3466.36
15017.6 3219.39 3280.14
15311.3 3044.26 3103.77
15610.6 2878.47 2936.75
15915.9 2721.51 2778.59
16227.1 2572.92 2628.84
16544.3 2432.29 2487.05
16867.8 2299.18 2352.82
17197.6 2173.22 2225.76
17533.9 2054.01 2105.48
17876.7 1941.23 1991.64
18226.3 1834.52 1883.89
18582.6 1733.56 1781.93
18946 1638.06 1685.44
19316.4 1547.73 1594.15
19694.1 1462.29 1507.77
20079.2 1381.48 1426.04
20471.8 1305.07 1348.72
20872 1232.81 1275.58
21280.1 1164.48 1206.4
21696.2 1099.88 1140.96
22120.4 1038.81 1079.07
22552.9 981.077 1020.54
22993.9 926.505 965.186
23443.5 874.922 912.841
23901.9 826.167 863.343
24369.2 780.094 816.544
24845.7 736.552 772.294
25331.5 695.407 730.46
25826.8 656.53 690.91
26331.8 619.798 653.521
26846.6 585.094 618.177
27371.5 552.309 584.769
27906.7 521.34 553.191
28452.3 492.086 523.345
29008.7 464.453 495.134
29575.9 438.355 468.474
30154.1 413.707 443.277
30743.7 390.43 419.467
31344.8 368.449 396.965
31957.7 347.692 375.702
32582.6 328.094 355.61
33219.7 309.589 336.624
33869.2 292.118 318.685
34531.4 275.624 301.735
35206.6 260.053 285.72
35894.9 245.354 270.59
36596.8 231.478 256.294
37312.3 218.382 242.788
38041.9 206.02 230.028
38785.7 194.353 217.973
39544.1 183.342 206.584
40317.3 172.95 195.825
41105.6 163.143 185.66
41909.3 153.889 176.058
42728.7 145.156 166.987
43564.2 136.916 158.417
44416 129.141 150.321
45284.4 121.805 142.673
46169.8 114.884 135.448
47072.6 108.354 128.623
47992.9 102.194 122.174
48931.3 96.3817 116.082
49888.1 90.8993 110.327
50863.5 85.7273 104.889
51858 80.8486 99.752
52871.9 76.2466 94.8982
53905.7 71.9056 90.312
54959.7 67.8113 85.9789
56034.3 63.9493 81.8843
57129.9 60.3069 78.0153
58247 56.8714 74.3592
59385.8 53.6314 70.904
60547 50.5756 67.6386
61730.8 47.6937 64.5525
62937.8 44.9759 61.6355
64168.4 42.4129 58.8783
65423.1 39.9957 56.2718
66702.2 37.7164 53.8078
68006.4 35.5669 51.4781
69336.1 33.54 49.2753
70691.8 31.6287 47.1924
72074.1 29.8263 45.2224
73483.3 28.1268 43.3593
74920.1 26.5241 41.5969
76384.9 25.0131 39.9297
77878.4 23.5882 38.3522
79401.2 22.2447 36.8595
80953.6 20.9778 35.4468
82536.5 19.7833 34.1096
84150.3 18.657 32.8438
85795.6 17.5951 31.6452
87473.2 16.5937 30.5101
89183.5 15.6496 29.435
90927.2 14.7594 28.4164
92705.1 13.9201 27.4513
94517.8 13.1286 26.5366
96365.8 12.3825 25.6695
98249.9 11.6789 24.8473
100171 11.0155 24.0674
102130 10.39 23.3276
104126 9.80017 22.6256
106162 9.24407 21.9592
108238 8.71971 21.3264
110354 8.2253 20.7255
112512 7.75909 20.1544
114712 7.31952 19.6117
116955 6.90501 19.0957
119242 6.51417 18.6049
#S  24 Cr
#N 3
#L PhotonEnergy[eV]  Photoelectric[barn/atom]  Total[barn/atom]
2004.49 111876 112192
2043.68 106262 106576
2083.64 100921 101233
2124.38 95841.2 96151.6
2165.92 91010.2 91318.8
2208.27 86416 86722.7
2251.44 82047.7 82352.5
2295.47 77894.1 78196.9
2340.35 73945.1 74245.9
2386.11 70190.9 70489.6
2432.76 66622.3 66918.9
2480.33 63230.3 63524.7
2528.82 60006.3 60298.5
2578.27 56942.5 57232.3
2628.68 54030.9 54318.4
2680.08 51264.3 51549.4
2732.48 48635.6 48918.2
2785.91 46138.1 46418.3
2840.38 43765.6 44043.3
2895.92 41511.9 41787
2952.54 39371.2 39643.8
3010.27 37338.1 37608.1
3069.12 35407.3 35674.6
3129.14 33573.6 33838.3
3190.32 31832.6 32094.6
3252.7 30179.6 30438.8
3316.3 28610.1 28866.6
3381.14 27120.3 27374
3447.25 25706 25956.9
3514.65 24363.6 24611.8
3583.37 23089.6 23334.9
3653.43 21880.5 22122.9
3724.87 20733.1 20972.7
3797.7 19644.4 19881.1
3871.95 18611.5 18845.3
3947.66 17631.5 17862.4
4024.84 16701.8 16929.8
4103.54 15820 16045.1
4183.77 14983.5 15205.7
4265.58 14190.2 14409.5
4348.98 13437.9 13654.2
4434.02 12724.5 12937.9
4520.71 12048 12258.5
4609.1 11406.6 11614.2
4699.22 10798.6 11003.2
4791.1 10222.2 10423.9
4884.78 9675.78 9874.6
4980.29 9157.9 9353.82
5077.67 8667.06 8860.08
5176.95 8201.92 8392.06
5278.17 7761.13 7948.4
5381.37 7343.48 7527.88
5486.59 6947.76 7129.31
5593.87 6572.87 6751.59
5703.24 6217.73 6393.64
5814.75 5881.34 6054.44
5928.45 5562.71 5733.02
6044.36 46298 46465.6
6162.55 44007.1 44171.9
6283.04 41824.6 41986.6
6405.89 39745.6 39904.9
6531.14 37765.3 37922
6658.84 35879.6 36033.7
6789.04 34084 34235.3
6921.78 32374.6 32523.3
7057.11 30747.4 30893.5
7195.1 29198.6 29342.1
7335.78 27724.7 27865.7
7479.22 26322.2 26460.7
7625.45 24988 25124
7774.55 23718.8 23852.3
7926.56 22511.5 22642.6
8081.55 21363.4 21492.1
8239.56 20271.7 20398
8400.67 19233.8 19357.7
8564.92 18247 18368.7
8732.38 17309.1 17428.5
8903.12 16417.7 16534.8
9077.2 15570.6 15685.4
9254.69 14765.7 14878.4
9435.64 14001 14111.5
9620.13 13274.6 13382.9
9808.22 12584.7 12690.9
10000 11929.4 12033.5
10195.5 11307.1 11409.2
10394.9 10716.3 10816.4
10598.1 10155.4 10253.5
10805.3 9622.98 9719.1
11016.6 9117.58 9211.78
11232 8637.97 8730.27
11451.6 8182.81 8273.25
11675.5 7750.95 7839.56
11903.8 7341.23 7428.03
12136.6 6952.54 7037.57
12373.9 6583.86 6667.15
12615.8 6234.2 6315.78
12862.5 5902.61 5982.51
13114 5588.18 5666.44
13370.4 5290.05 5366.69
13631.8 5007.42 5082.47
13898.4 4739.5 4812.99
14170.1 4485.55 4557.51
14447.1 4244.88 4315.34
14729.6 4016.8 4085.79
15017.6 3800.68 3868.23
15311.3 3595.9 3662.05
15610.6 3401.91 3466.67
15915.9 3218.15 3281.55
16227.1 3044.07 3106.15
16544.3 2879.21 2939.99
16867.8 2723.07 2782.58
17197.6 2575.23 2633.49
17533.9 2435.24 2492.28
17876.7 2302.7 2358.55
18226.3 2177.22 2231.91
18582.6 2058.45 2111.99
18946 1946.02 1998.44
19316.4 1839.61 1890.95
19694.1 1738.91 1789.18
20079.2 1643.62 1692.84
20471.8 1553.45 1601.66
20872 1468.14 1515.35
21280.1 1387.43 1433.67
21696.2 1311.07 1356.37
22120.4 1238.85 1283.22
22552.9 1170.54 1214
22993.9 1105.93 1148.51
23443.5 1044.83 1086.55
23901.9 987.046 1027.93
24369.2 932.412 972.473
24845.7 880.752 920.014
25331.5 831.914 870.395
25826.8 785.743 823.464
26331.8 742.097 779.076
26846.6 700.84 737.096
27371.5 661.844 697.395
27906.7 624.99 659.854
28452.3 590.16 624.355
29008.7 557.245 590.787
29575.9 526.144 559.05
30154.1 496.755 529.043
30743.7 468.989 500.673
31344.8 442.756 473.853
31957.7 417.973 448.497
32582.6 394.562 424.529
33219.7 372.446 401.871
33869.2 351.559 380.455
34531.4 331.829 360.212
35206.6 313.196 341.078
35894.9 295.599 322.994
36596.8 278.98 305.901
37312.3 263.288 289.747
38041.9 248.47 274.48
38785.7 234.478 260.051
39544.1 221.268 246.415
40317.3 208.795 233.529
41105.6 197.02 221.351
41909.3 185.905 209.844
42728.7 175.411 198.969
43564.2 165.506 188.693
44416 156.155 178.981
45284.4 147.33 169.805
46169.8 139.001 161.134
47072.6 131.139 152.939
47992.9 123.72 145.196
48931.3 116.717 137.879
49888.1 110.11 130.965
50863.5 103.874 124.431
51858 97.9897 118.256
52871.9 92.4374 112.421
53905.7 87.1981 106.907
54959.7 82.2549 101.696
56034.3 77.5905 96.771
57129.9 73.19 92.1167
58247 69.0382 87.7176
59385.8 65.1212 83.5599
60547 61.4258 79.6299
61730.8 57.9397 75.9153
62937.8 54.6509 72.4039
64168.4 51.5486 69.0847
65423.1 48.6219 65.9465
66702.2 45.8614 62.9798
68006.4 43.2573 60.1748
69336.1 40.801 57.5224
70691.8 38.4841 55.0143
72074.1 36.2986 52.6423
73483.3 34.2373 50.399
74920.1 32.2931 48.277
76384.9 30.4593 46.2698
77878.4 28.7297 44.3708
79401.2 27.0985 42.574
80953.6 25.56 40.8738
82536.5 24.1089 39.2646
84150.3 22.7405 37.7415
85795.6 21.4498 36.2997
87473.2 20.2325 34.9346
89183.5 19.0845 33.6419
90927.2 18.0019 32.4176
92705.1 16.9808 31.2578
94517.8 16.0178 30.159
96365.8 15.1097 29.1177
98249.9 14.2533 28.1308
100171 13.4455 27.1951
102130 12.6838 26.3079
104126 11.9654 25.4664
106162 11.288 24.668
108238 10.649 23.9104
110354 10.0464 23.1913
112512 9.47815 22.5084
114712 8.94223 21.8599
116955 8.43676 21.2437
119242 7.96009 20.6581
#S  25 Mn
#N 3
#L PhotonEnergy[eV]  Photoelectric[barn/atom]  Total[barn/atom]
2004.49 131699 132040
2043.68 125121 125460
2083.64 118861 119199
2124.38 112906 113242
2165.92 107240 107574
2208.27 101851 102183
2251.44 96725 97055.2
2295.47 91849.8 92177.9
2340.35 87213.3 87539.2
2386.11 82804.2 83127.9
2432.76 78611.9 78933.4
2480.33 74625.9 74945.1
2528.82 70836.4 71153.2
2578.27 67234.1 67548.5
2628.68 63810 64121.9
2680.08 60555.4 60864.7
2732.48 57462.2 57768.9
2785.91 54522.7 54826.9
2840.38 51729.5 52031
2895.92 49075.5 49374.3
2952.54 46554 46850.1
3010.27 44158.6 44451.8
3069.12 41883.2 42173.6
3129.14 39721.7 40009.3
3190.32 37668.9 37953.6
3252.7 35719.4 36001.2
3316.3 33868 34146.8
3381.14 32110.1 32386
3447.25 30441 30713.8
3514.65 28856.4 29126.2
3583.37 27352.1 27618.9
3653.43 25924.2 26188
3724.87 24568.9 24829.6
3797.7 23282.6 23540.2
3871.95 22061.9 22316.4
3947.66 20903.5 21154.9
4024.84 19804.4 20052.7
4103.54 18761.6 19006.7
4183.77 17772.3 18014.3
4265.58 16833.8 17072.7
4348.98 15943.7 16179.4
4434.02 15099.4 15331.9
4520.71 14298.7 14528.1
4609.1 13539.3 13765.5
4699.22 12819.3 13042.4
4791.1 12136.7 12356.6
4884.78 11489.4 11706.2
4980.29 10875.8 11089.5
5077.67 10294.2 10504.7
5176.95 9742.92 9950.32
5278.17 9220.42 9424.71
5381.37 8725.25 8926.44
5486.59 8256.01 8454.11
5593.87 7811.4 8006.44
5703.24 7390.15 7582.13
5814.75 6991.07 7180.01
5928.45 6613 6798.92
6044.36 6254.89 6437.81
6162.55 5915.71 6095.65
6283.04 5594.46 5771.44
6405.89 5290.27 5464.3
6531.14 5002.19 5173.3
6658.84 40860.8 41029
6789.04 38826 38991.3
6921.78 36888.3 37050.8
7057.11 35043.3 35203
7195.1 33286.6 33443.5
7335.78 31614.4 31768.5
7479.22 30022.8 30174.2
7625.45 28508.2 28656.8
7774.55 27066.9 27212.9
7926.56 25695.7 25839
8081.55 24391.3 24532
8239.56 23150.6 23288.7
8400.67 21970.6 22106.2
8564.92 20848.6 20981.6
8732.38 19781.8 19912.3
8903.12 18767.6 18895.6
9077.2 17803.6 17929.2
9254.69 16887.3 17010.5
9435.64 16016.6 16137.4
9620.13 15189.3 15307.7
9808.22 14403.2 14519.4
10000 13656.5 13770.4
10195.5 12947.2 13058.9
10394.9 12273.6 12383
10598.1 11633.9 11741.2
10805.3 11026.5 11131.6
11016.6 10449.9 10552.9
11232 9902.46 10003.4
11451.6 9382.84 9481.72
11675.5 8889.68 8986.55
11903.8 8421.7 8516.59
12136.6 7977.64 8070.6
12373.9 7556.33 7647.38
12615.8 7156.64 7245.81
12862.5 6777.52 6864.85
13114 6417.93 6503.46
13370.4 6076.91 6160.66
13631.8 5753.52 5835.53
13898.4 5446.91 5527.21
14170.1 5156.21 5234.83
14447.1 4880.64 4957.62
14729.6 4619.42 4694.78
15017.6 4371.85 4445.63
15311.3 4137.22 4209.45
15610.6 3914.89 3985.59
15915.9 3704.23 3773.45
16227.1 3504.63 3572.39
16544.3 3315.56 3381.89
16867.8 3136.45 3201.38
17197.6 2966.81 3030.37
17533.9 2806.14 2868.36
17876.7 2653.99 2714.9
18226.3 2509.92 2569.54
18582.6 2373.51 2431.88
18946 2244.36 2301.5
19316.4 2122.11 2178.04
19694.1 2006.37 2061.14
20079.2 1896.83 1950.45
20471.8 1793.16 1845.65
20872 1695.05 1746.45
21280.1 1602.21 1652.54
21696.2 1514.36 1563.64
22120.4 1431.25 1479.51
22552.9 1352.62 1399.88
22993.9 1278.24 1324.53
23443.5 1207.88 1253.21
23901.9 1141.32 1185.74
24369.2 1078.38 1121.89
24845.7 1018.86 1061.48
25331.5 962.568 1004.33
25826.8 909.341 950.265
26331.8 859.015 899.12
26846.6 811.432 850.74
27371.5 766.449 804.979
27906.7 723.926 761.697
28452.3 683.731 720.763
29008.7 645.737 682.048
29575.9 609.828 645.438
30154.1 575.891 610.817
30743.7 543.819 578.08
31344.8 513.512 547.124
31957.7 484.873 517.854
32582.6 457.815 490.181
33219.7 432.249 464.016
33869.2 408.096 439.28
34531.4 385.279 415.895
35206.6 363.724 393.788
35894.9 343.363 372.889
36596.8 324.13 353.133
37312.3 305.966 334.459
38041.9 288.809 316.808
38785.7 272.607 300.123
39544.1 257.305 284.353
40317.3 242.856 269.447
41105.6 229.211 255.358
41909.3 216.328 242.042
42728.7 204.163 229.457
43564.2 192.677 217.563
44416 181.833 206.321
45284.4 171.596 195.697
46169.8 161.931 185.656
47072.6 152.807 176.166
47992.9 144.195 167.197
48931.3 136.065 158.721
49888.1 128.391 150.71
50863.5 121.148 143.139
51858 114.312 135.984
52871.9 107.86 129.222
53905.7 101.77 122.83
54959.7 96.0231 116.789
56034.3 90.5994 111.08
57129.9 85.4812 105.683
58247 80.6512 100.582
59385.8 76.0934 95.7607
60547 71.7926 91.2031
61730.8 67.7343 86.8948
62937.8 63.905 82.8221
64168.4 60.2919 78.9718
65423.1 56.8827 75.3315
66702.2 53.6662 71.89
68006.4 50.6313 68.6358
69336.1 47.768 65.5587
70691.8 45.0666 62.649
72074.1 42.5179 59.8971
73483.3 40.1135 57.2945
74920.1 37.845 54.8327
76384.9 35.705 52.5041
77878.4 33.6861 50.3011
79401.2 31.7815 48.2168
80953.6 29.9849 46.2447
82536.5 28.2898 44.3783
84150.3 26.691 42.612
85795.6 25.1826 40.94
87473.2 23.7597 39.3572
89183.5 22.4175 37.8585
90927.2 21.1513 36.4393
92705.1 19.9569 35.0952
94517.8 18.8302 33.8219
96365.8 17.7674 32.6156
98249.9 16.7648 31.4725
100171 15.8191 30.389
102130 14.927 29.3618
104126 14.0854 28.3879
106162 13.2915 27.4642
108238 12.5427 26.5879
110354 11.8362 25.7564
112512 11.1699 24.9672
114712 10.5412 24.2179
116955 9.94823 23.5063
119242 9.38885 22.8303
#S  26 Fe
#N 3
#L PhotonEnergy[eV]  Photoelectric[barn/atom]  Total[barn/atom]
2004.49 153229 153603
2043.68 145744 146117
2083.64 138611 138982
2124.38 131814 132183
2165.92 125337 125704
2208.27 119166 119531
2251.44 113287 113650
2295.47 107687 108047
2340.35 102353 102711
2386.11 97273.2 97629
2432.76 92436.1 92789.4
2480.33 87830.4 88181.2
2528.82 83445.7 83793.9
2578.27 79271.7 79617.3
2628.68 75298.6 75641.6
2680.08 71517.3 71857.5
2732.48 67918.9 68256.2
2785.91 64494.8 64829.4
2840.38 61237.1 61568.7
2895.92 58137.9 58466.6
2952.54 55189.8 55515.6
3010.27 52385.9 52708.6
3069.12 49719.3 50039
3129.14 47183.5 47500
3190.32 44772.5 45085.9
3252.7 42480.3 42790.5
3316.3 40301.2 40608.2
3381.14 38230 38533.8
3447.25 36261.4 36561.9
3514.65 34390.8 34688
3583.37 32613.2 32907.1
3653.43 30924.3 31214.9
3724.87 29319.8 29607
3797.7 27795.8 28079.6
3871.95 26348.2 26628.7
3947.66 24973.5 25250.5
4024.84 23668 23941.6
4103.54 22428.4 22698.6
4183.77 21251.6 21518.3
4265.58 20134.4 20397.7
4348.98 19074.1 19333.9
4434.02 18067.6 18324
4520.71 17112.6 17365.5
4609.1 16206.2 16455.7
4699.22 15346.4 15592.4
4791.1 14530.7 14773.2
4884.78 13756.9 13996
4980.29 13023 13258.6
5077.67 12326.9 12559.1
5176.95 11666.9 11895.6
5278.17 11041 11266.4
5381.37 10447.6 10669.6
5486.59 9885.16 10103.7
5593.87 9351.99 9567.17
5703.24 8846.66 9058.47
5814.75 8367.78 8576.25
5928.45 7914 8119.15
6044.36 7484.05 7685.89
6162.55 7076.73 7275.28
6283.04 6690.88 6886.17
6405.89 6325.44 6517.48
6531.14 5979.32 6168.15
6658.84 5651.57 5837.2
6789.04 5341.21 5523.68
6921.78 5047.4 5226.73
7057.11 4769.25 4945.47
7195.1 36556.7 36729.8
7335.78 34805.6 34975.7
7479.22 33132.5 33299.5
7625.45 31534.5 31698.6
7774.55 30008.4 30169.5
7926.56 28551.3 28709.5
8081.55 27160.4 27315.7
8239.56 25833.1 25985.4
8400.67 24566.5 24716
8564.92 23358.2 23504.9
8732.38 22205.7 22349.7
8903.12 21106.7 21247.9
9077.2 20058.9 20197.4
9254.69 19060.1 19195.9
9435.64 18108.2 18241.4
9620.13 17201.1 17331.8
9808.22 16337 16465.1
10000 15513.9 15639.5
10195.5 14730.1 14853.2
10394.9 13983.8 14104.4
10598.1 13273.3 13391.6
10805.3 12597.1 12713
11016.6 11953.6 12067.1
11232 11341.3 11452.6
11451.6 10758.9 10867.9
11675.5 10204.9 10311.7
11903.8 9678.11 9782.68
12136.6 9177.24 9279.67
12373.9 8701.1 8801.41
12615.8 8248.53 8346.76
12862.5 7818.47 7914.66
13114 7409.85 7504.03
13370.4 7021.64 7113.86
13631.8 6652.92 6743.21
13898.4 6302.75 6391.14
14170.1 5970.25 6056.78
14447.1 5654.59 5739.29
14729.6 5354.94 5437.84
15017.6 5070.55 5151.7
15311.3 4800.69 4880.11
15610.6 4544.63 4622.37
15915.9 4301.73 4377.82
16227.1 4071.33 4145.79
16544.3 3852.83 3925.7
16867.8 3645.62 3716.94
17197.6 3449.18 3518.98
17533.9 3262.96 3331.27
17876.7 3086.45 3153.3
18226.3 2919.17 2984.59
18582.6 2760.66 2824.68
18946 2610.48 2673.14
19316.4 2468.21 2529.54
19694.1 2333.45 2393.47
20079.2 2205.83 2264.57
20471.8 2084.98 2142.47
20872 1970.55 2026.83
21280.1 1862.22 1917.31
21696.2 1759.67 1813.6
22120.4 1662.62 1715.41
22552.9 1570.77 1622.45
22993.9 1483.86 1534.46
23443.5 1401.63 1451.17
23901.9 1323.84 1372.35
24369.2 1250.26 1297.76
24845.7 1180.66 1227.18
25331.5 1114.85 1160.41
25826.8 1052.61 1097.24
26331.8 993.768 1037.48
26846.6 938.139 980.967
27371.5 885.553 927.515
27906.7 835.849 876.968
28452.3 788.876 829.171
29008.7 744.484 783.978
29575.9 702.541 741.253
30154.1 662.911 700.862
30743.7 625.472 662.683
31344.8 590.109 626.596
31957.7 556.703 592.488
32582.6 525.157 560.256
33219.7 495.363 529.796
33869.2 467.231 501.015
34531.4 440.669 473.821
35206.6 415.592 448.128
35894.9 391.918 423.856
36596.8 369.57 400.925
37312.3 348.478 379.267
38041.9 328.571 358.808
38785.7 309.784 339.484
39544.1 292.056 321.234
40317.3 275.328 303.998
41105.6 259.546 287.721
41909.3 244.656 272.35
42728.7 230.609 257.836
43564.2 217.36 244.131
44416 204.862 231.19
45284.4 193.074 218.972
46169.8 181.958 207.437
47072.6 171.474 196.546
47992.9 161.588 186.264
48931.3 152.266 176.557
49888.1 143.477 167.393
50863.5 135.191 158.742
51858 127.379 150.575
52871.9 120.014 142.865
53905.7 113.072 135.587
54959.7 106.528 128.717
56034.3 100.36 122.232
57129.9 94.5474 116.109
58247 89.0687 110.33
59385.8 83.9055 104.874
60547 79.0399 99.7232
61730.8 74.455 94.8608
62937.8 70.1346 90.2703
64168.4 66.0638 85.9365
65423.1 62.2281 81.8447
66702.2 58.6145 77.9816
68006.4 55.2098 74.3339
69336.1 52.0022 70.8896
70691.8 48.9806 67.6373
72074.1 46.1339 64.5657
73483.3 43.4525 61.6651
74920.1 40.9265 58.9254
76384.9 38.5473 56.3377
77878.4 36.3062 53.8933
79401.2 34.1953 51.584
80953.6 32.2072 49.4022
82536.5 30.3346 47.3406
84150.3 28.5709 45.3924
85795.6 26.9099 43.5511
87473.2 25.3456 41.8106
89183.5 23.8723 40.1652
90927.2 22.4849 38.6094
92705.1 21.1782 37.1382
94517.8 19.9477 35.7467
96365.8 18.7889 34.4305
98249.9 17.6977 33.1851
100171 16.6701 32.0064
102130 15.7024 30.8909
104126 14.7911 29.8346
106162 13.933 28.8345
108238 13.1249 27.8871
110354 12.3639 26.9896
112512 11.6473 26.139
114712 10.9726 25.3326
116955 10.3372 24.568
119242 9.73882 23.8427
#S  27 Co
#N 3
#L PhotonEnergy[eV]  Photoelectric[barn/atom]  Total[barn/atom]
2004.49 177142 177552
2043.68 168349 168756
2083.64 159982 160387
2124.38 152020 152424
2165.92 144446 144847
2208.27 137239 137639
2251.44 130384 130781
2295.47 123864 124258
2340.35 117661 118053
2386.11 111762 112152
2432.76 106152 106539
2480.33 100817 101201
2528.82 95743.4 96124.9
2578.27 90919.5 91298.2
2628.68 86333 86708.8
2680.08 81972.6 82345.4
2732.48 77827.3 78197.1
2785.91 73886.7 74253.4
2840.38 70141.1 70504.7
2895.92 66581.1 66941.5
2952.54 63197.6 63554.8
3010.27 59982.2 60336.1
3069.12 56926.6 57277.3
3129.14 54023.1 54370.4
3190.32 51264.4 51608.3
3252.7 48643.6 48984
3316.3 46153.4 46490.4
3381.14 43788.1 44121.6
3447.25 41541.1 41871.1
3514.65 39407 39733.4
3583.37 37380.1 37702.8
3653.43 35455.1 35774.2
3724.87 33627 33942.4
3797.7 31891.1 32202.9
3871.95 30242.9 30551
3947.66 28677.9 28982.3
4024.84 27192.2 27492.8
4103.54 25781.7 26078.7
4183.77 24442.9 24736
4265.58 23172 23461.4
4348.98 21965.8 22251.4
4434.02 20821 21102.8
4520.71 19734.6 20012.7
4609.1 18703.6 18977.9
4699.22 17725.4 17995.9
4791.1 16797.2 17064
4884.78 15916.6 16179.6
4980.29 15081.2 15340.4
5077.67 14288.6 14544.1
5176.95 13536.9 13788.6
5278.17 12823.9 13071.8
5381.37 12147.6 12391.8
5486.59 11506.2 11746.8
5593.87 10898 11134.9
5703.24 10321.3 10554.4
5814.75 9774.48 10003.9
5928.45 9256.01 9481.82
6044.36 8764.46 8986.64
6162.55 8298.47 8517.05
6283.04 7856.74 8071.74
6405.89 7438.06 7649.5
6531.14 7041.2 7249.1
6658.84 6665.12 6869.51
6789.04 6308.67 6509.59
6921.78 5970.93 6168.39
7057.11 5650.9 5844.94
7195.1 5347.65 5538.3
7335.78 5060.36 5247.65
7479.22 4788.18 4972.14
7625.45 4530.36 4711.02
7774.55 35983.8 36161.1
7926.56 34219.4 34393.6
8081.55 32536.7 32707.7
8239.56 30932.2 31100
8400.67 29402.5 29567.2
8564.92 27944.5 28106.1
8732.38 26554.8 26713.4
8903.12 25230.8 25386.3
9077.2 23969.4 24122
9254.69 22767.8 22917.4
9435.64 21623.6 21770.3
9620.13 20533.9 20677.8
9808.22 19496.7 19637.7
10000 18509.2 18647.5
10195.5 17569.5 17705
10394.9 16675.3 16808.1
10598.1 15824.5 15954.7
10805.3 15015.2 15142.8
11016.6 14245.5 14370.5
11232 13513.5 13636
11451.6 12817.6 12937.5
11675.5 12156 12273.5
11903.8 11527.1 11642.1
12136.6 10929.4 11042.1
12373.9 10361.5 10471.9
12615.8 9821.92 9929.98
12862.5 9309.38 9415.18
13114 8822.55 8926.14
13370.4 8360.22 8461.63
13631.8 7921.22 8020.49
13898.4 7504.44 7601.61
14170.1 7108.8 7203.9
14447.1 6733.29 6826.38
14729.6 6376.92 6468.02
15017.6 6038.78 6127.94
15311.3 5717.95 5805.2
15610.6 5413.62 5499
15915.9 5124.97 5208.52
16227.1 4851.2 4932.95
16544.3 4591.61 4671.6
16867.8 4345.47 4423.74
17197.6 4112.14 4188.72
17533.9 3890.95 3965.89
17876.7 3681.32 3754.64
18226.3 3482.66 3554.39
18582.6 3294.41 3364.6
18946 3116.06 3184.73
19316.4 2947.11 3014.3
19694.1 2787.06 2852.81
20079.2 2635.48 2699.81
20471.8 2491.93 2554.88
20872 2356 2417.6
21280.1 2227.31 2287.58
21696.2 2105.47 2164.45
22120.4 1990.14 2047.86
22552.9 1880.97 1937.46
22993.9 1777.66 1832.95
23443.5 1679.9 1734.01
23901.9 1587.39 1640.36
24369.2 1499.87 1551.72
24845.7 1417.06 1467.83
25331.5 1338.74 1388.44
25826.8 1264.66 1313.32
26331.8 1194.6 1242.24
26846.6 1128.34 1175
27371.5 1065.68 1111.38
27906.7 1006.45 1051.21
28452.3 950.442 994.29
29008.7 897.496 940.454
29575.9 847.453 889.542
30154.1 800.15 841.394
30743.7 755.445 795.865
31344.8 713.198 752.816
31957.7 673.275 712.111
32582.6 635.555 673.63
33219.7 599.915 637.249
33869.2 566.245 602.858
34531.4 534.439 570.35
35206.6 504.395 539.621
35894.9 476.018 510.579
36596.8 449.215 483.129
37312.3 423.905 457.188
38041.9 400.002 432.673
38785.7 377.432 409.506
39544.1 356.121 387.614
40317.3 336 366.928
41105.6 317.004 347.383
41909.3 299.071 328.916
42728.7 282.143 311.468
43564.2 266.163 294.983
44416 251.081 279.408
45284.4 236.846 264.695
46169.8 223.412 250.796
47072.6 210.733 237.664
47992.9 198.768 225.26
48931.3 187.478 213.542
49888.1 176.826 202.472
50863.5 166.774 192.016
51858 157.29 182.138
52871.9 148.343 172.808
53905.7 139.902 163.994
54959.7 131.939 155.669
56034.3 124.427 147.804
57129.9 117.34 140.375
58247 110.656 133.357
59385.8 104.352 126.728
60547 98.4053 120.466
61730.8 92.7967 114.549
62937.8 87.507 108.96
64168.4 82.5184 103.68
65423.1 77.8134 98.6919
66702.2 73.3766 93.9789
68006.4 69.1924 89.5258
69336.1 65.2468 85.3182
70691.8 61.5261 81.3423
72074.1 58.0175 77.5851
73483.3 54.7091 74.0345
74920.1 51.5896 70.6788
76384.9 48.6482 67.5073
77878.4 45.8748 64.5093
79401.2 43.2597 61.6754
80953.6 40.7942 58.9963
82536.5 38.4694 56.4631
84150.3 36.2776 54.068
85795.6 34.2111 51.8029
87473.2 32.2627 49.6607
89183.5 30.4258 47.6344
90927.2 28.694 45.7175
92705.1 27.0612 43.9039
94517.8 25.5217 42.1876
96365.8 24.0704 40.5634
98249.9 22.7022 39.026
100171 21.4121 37.5704
102130 20.1958 36.1922
104126 19.0492 34.8868
106162 17.9681 33.6504
108238 16.9489 32.4789
110354 15.9879 31.3687
112512 15.0819 30.3163
114712 14.2277 29.3186
116955 13.4223 28.3723
119242 12.663 27.4748
#S  28 Ni
#N 3
#L PhotonEnergy[eV]  Photoelectric[barn/atom]  Total[barn/atom]
2004.49 202143 202580
2043.68 192196 192630
2083.64 182726 183158
2124.38 173710 174140
2165.92 165129 165556
2208.27 156961 157386
2251.44 149187 149609
2295.47 141789 142208
2340.35 134748 135165
2386.11 128049 128463
2432.76 121675 122086
2480.33 115610 116018
2528.82 109840 110245
2578.27 104352 104753
2628.68 99130.6 99528.8
2680.08 94164.5 94559.5
2732.48 89441.1 89832.7
2785.91 84949.1 85337.3
2840.38 80677.3 81062
2895.92 76615.2 76996.4
2952.54 72752.7 73130.4
3010.27 69080.5 69454.6
3069.12 65589.3 65959.7
3129.14 62270.1 62636.9
3190.32 59115.2 59478.2
3252.7 56116.4 56475.6
3316.3 53266 53621.4
3381.14 50557.2 50908.8
3447.25 47982.8 48330.5
3514.65 45536.6 45880.4
3583.37 43212.2 43552
3653.43 41003.7 41339.6
3724.87 38905.4 39237.3
3797.7 36912.1 37240
3871.95 35018.6 35342.5
3947.66 33220 33539.9
4024.84 31511.7 31827.5
4103.54 29889.2 30201
4183.77 28348.4 28656.1
4265.58 26885.2 27188.8
4348.98 25495.9 25795.4
4434.02 24176.7 24472.1
4520.71 22924.3 23215.7
4609.1 21735.2 22022.5
4699.22 20606.6 20889.8
4791.1 19535.2 19814.3
4884.78 18518.2 18793.3
4980.29 17553.1 17824.1
5077.67 16637.1 16904.1
5176.95 15767.9 16030.8
5278.17 14943.1 15202
5381.37 14160.5 14415.4
5486.59 13418 13668.9
5593.87 12713.6 12960.5
5703.24 12045.4 12288.3
5814.75 11411.5 11650.5
5928.45 10810.3 11045.4
6044.36 10240 10471.3
6162.55 9699.19 9926.61
6283.04 9186.34 9409.93
6405.89 8700.03 8919.82
6531.14 8238.9 8454.91
6658.84 7801.7 8013.98
6789.04 7387.2 7595.77
6921.78 6994.27 7199.17
7057.11 6621.8 6823.05
7195.1 6268.72 6466.37
7335.78 5934.1 6128.18
7479.22 5616.95 5807.49
7625.45 5316.41 5503.45
7774.55 5031.61 5215.19
7926.56 4761.75 4941.91
8081.55 4506.06 4682.83
8239.56 4263.82 4437.25
8400.67 31780.8 31951
8564.92 30273.2 30440.1
8732.38 28831.9 28995.5
8903.12 27454.2 27614.7
9077.2 26137.7 26295
9254.69 24879.9 25034.1
9435.64 23678.5 23829.7
9620.13 22531.2 22679.4
9808.22 21435.8 21581
10000 20390.2 20532.5
10195.5 19392.3 19531.7
10394.9 18440.2 18576.7
10598.1 17531.9 17665.7
10805.3 16665.6 16796.6
11016.6 15839.6 15967.9
11232 15052 15177.7
11451.6 14301.4 14424.4
11675.5 13586 13706.5
11903.8 12904.4 13022.4
12136.6 12255.1 12370.6
12373.9 11636.7 11749.7
12615.8 11047.9 11158.5
12862.5 10487.2 10595.5
13114 9953.56 10059.5
13370.4 9445.67 9549.33
13631.8 8962.39 9063.82
13898.4 8502.62 8601.87
14170.1 8065.3 8162.4
14447.1 7649.41 7744.41
14729.6 7253.94 7346.88
15017.6 6877.98 6968.9
15311.3 6520.62 6609.56
15610.6 6181.01 6268.01
15915.9 5858.31 5943.42
16227.1 5551.73 5634.97
16544.3 5260.52 5341.94
16867.8 4983.94 5063.58
17197.6 4721.32 4799.22
17533.9 4471.97 4548.16
17876.7 4235.28 4309.8
18226.3 4010.63 4083.51
18582.6 3797.44 3868.73
18946 3595.16 3664.89
19316.4 3403.27 3471.47
19694.1 3221.24 3287.95
20079.2 3048.6 3113.86
20471.8 2884.9 2948.73
20872 2729.68 2792.13
21280.1 2582.55 2643.63
21696.2 2443.07 2502.83
22120.4 2310.89 2369.36
22552.9 2185.63 2242.84
22993.9 2066.96 2122.93
23443.5 1954.53 2009.31
23901.9 1848.03 1901.63
24369.2 1747.17 1799.63
24845.7 1651.65 1703
25331.5 1561.21 1611.47
25826.8 1475.59 1524.79
26331.8 1394.53 1442.7
26846.6 1317.81 1364.97
27371.5 1245.2 1291.39
27906.7 1176.49 1221.72
28452.3 1111.48 1155.78
29008.7 1049.97 1093.37
29575.9 991.795 1034.31
30154.1 936.762 978.415
30743.7 884.714 925.531
31344.8 835.494 875.498
31957.7 788.952 828.164
32582.6 744.951 783.391
33219.7 703.35 741.041
33869.2 664.029 700.99
34531.4 626.862 663.113
35206.6 591.736 627.296
35894.9 558.542 593.43
36596.8 527.175 561.41
37312.3 497.541 531.141
38041.9 469.543 502.524
38785.7 443.095 475.476
39544.1 418.113 449.909
40317.3 394.517 425.745
41105.6 372.233 402.908
41909.3 351.19 381.328
42728.7 331.318 360.934
43564.2 312.557 341.665
44416 294.842 323.458
45284.4 278.12 306.256
46169.8 262.335 290.005
47072.6 247.434 274.651
47992.9 233.37 260.146
48931.3 220.097 246.445
49888.1 207.571 233.503
50863.5 195.751 221.278
51858 184.597 209.732
52871.9 174.074 198.825
53905.7 164.144 188.524
54959.7 154.777 178.796
56034.3 145.94 169.607
57129.9 137.604 160.929
58247 129.741 152.734
59385.8 122.324 144.994
60547 115.328 137.684
61730.8 108.731 130.78
62937.8 102.509 124.261
64168.4 96.6412 118.103
65423.1 91.1077 112.288
66702.2 85.8903 106.796
68006.4 80.9703 101.609
69336.1 76.3315 96.7106
70691.8 71.9578 92.0836
72074.1 67.834 87.7132
73483.3 63.9463 83.5853
74920.1 60.281 79.6858
76384.9 56.8257 76.0022
77878.4 53.5684 72.5224
79401.2 50.4978 69.2348
80953.6 47.6033 66.1287
82536.5 44.8748 63.1937
84150.3 42.303 60.4204
85795.6 39.8788 57.7995
87473.2 37.5939 55.3225
89183.5 35.4402 52.9812
90927.2 33.4102 50.7679
92705.1 31.497 48.6755
94517.8 29.6937 46.697
96365.8 27.9942 44.8262
98249.9 26.3924 43.0567
100171 24.8827 41.3829
102130 23.4599 39.7995
104126 22.1189 38.3012
106162 20.8551 36.8833
108238 19.6639 35.5411
110354 18.5414 34.2704
112512 17.4834 33.0671
114712 16.4863 31.9275
116955 15.5466 30.8478
119242 14.6609 29.8247
#S  29 Cu
#N 3
#L PhotonEnergy[eV]  Photoelectric[barn/atom]  Total[barn/atom]
2004.49 245933 246425
2043.68 233492 233982
2083.64 221669 222156
2124.38 210434 210919
2165.92 199759 200242
2208.27 189616 190096
2251.44 179978 180456
2295.47 170822 171297
2340.35 162124 162596
2386.11 153861 154330
2432.76 146012 146478
2480.33 138556 139019
2528.82 131474 131934
2578.27 124748 125205
2628.68 118361 118814
2680.08 112294 112744
2732.48 106534 106980
2785.91 101063 101506
2840.38 95869.1 96308.6
2895.92 90937.4 91373.2
2952.54 86255 86687.1
3010.27 81809.6 82237.9
3069.12 77589.5 78013.9
3129.14 73583.3 74003.8
3190.32 69780.6 70197.1
3252.7 66171.1 66583.5
3316.3 62745 63153.4
3381.14 59493.5 59897.7
3447.25 56407.5 56807.5
3514.65 53479 53874.8
3583.37 50700 51091.5
3653.43 48063 48450.2
3724.87 45560.8 45943.7
3797.7 43186.8 43565.3
3871.95 40934.4 41308.6
3947.66 38797.6 39167.3
4024.84 36770.4 37135.7
4103.54 34847.4 35208.3
4183.77 33023.4 33379.8
4265.58 31293.2 31645.1
4348.98 29652.3 29999.7
4434.02 28095.9 28438.7
4520.71 26619.9 26958.3
4609.1 25220.2 25554
4699.22 23892.9 24222.1
4791.1 22634.3 22959.1
4884.78 21440.9 21761.1
4980.29 20309.5 20625.2
5077.67 19236.8 19547.9
5176.95 18219.8 18526.4
5278.17 17255.7 17557.8
5381.37 16341.9 16639.5
5486.59 15475.6 15768.7
5593.87 14654.5 14943.2
5703.24 13876.3 14160.5
5814.75 13138.8 13418.6
5928.45 12439.9 12715.2
6044.36 11777.5 12048.4
6162.55 11149.9 11416.4
6283.04 10555.1 10817.3
6405.89 9991.64 10249.5
6531.14 9457.71 9711.32
6658.84 8951.92 9201.26
6789.04 8472.71 8717.82
6921.78 8018.78 8259.7
7057.11 7588.8 7825.56
7195.1 7181.48 7414.1
7335.78 6795.71 7024.24
7479.22 6430.33 6654.8
7625.45 6084.29 6304.74
7774.55 5756.59 5973.06
7926.56 5446.26 5658.79
8081.55 5152.4 5361.03
8239.56 4874.15 5078.92
8400.67 4610.71 4811.66
8564.92 4361.29 4558.47
8732.38 4125.15 4318.59
8903.12 3901.59 4091.35
9077.2 29469.4 29655.5
9254.69 28045.3 28227.8
9435.64 26685.9 26864.9
9620.13 25388.5 25564
9808.22 24150.6 24322.6
10000 22969.5 23138.1
10195.5 21843 22008.2
10394.9 20768.6 20930.5
10598.1 19744.2 19902.9
10805.3 18767.7 18923.1
11016.6 17836.8 17989.1
11232 16949.8 17099
11451.6 16104.5 16250.6
11675.5 15299.4 15442.4
11903.8 14532.4 14672.5
12136.6 13802 13939.2
12373.9 13106.6 13240.9
12615.8 12444.5 12576
12862.5 11814.3 11943
13114 11214.6 11340.6
13370.4 10644 10767.2
13631.8 10101 10221.6
13898.4 9584.56 9702.6
14170.1 9093.36 9208.86
14447.1 8626.28 8739.29
14729.6 8182.17 8292.73
15017.6 7759.99 7868.15
15311.3 7358.7 7464.51
15610.6 6977.35 7080.85
15915.9 6614.98 6716.22
16227.1 6270.7 6369.71
16544.3 5943.66 6040.51
16867.8 5633.03 5727.74
17197.6 5338.04 5430.67
17533.9 5057.94 5148.53
17876.7 4792.01 4880.6
18226.3 4539.57 4626.21
18582.6 4299.98 4384.7
18946 4072.6 4155.44
19316.4 3856.84 3937.86
19694.1 3652.14 3731.37
20079.2 3457.96 3535.43
20471.8 3273.77 3349.53
20872 3099.09 3173.18
21280.1 2933.45 3005.9
21696.2 2776.39 2847.24
22120.4 2627.5 2696.79
22552.9 2486.35 2554.12
22993.9 2352.58 2418.85
23443.5 2225.8 2290.62
23901.9 2105.66 2169.07
24369.2 1991.84 2053.86
24845.7 1884.01 1944.67
25331.5 1781.86 1841.21
25826.8 1685.11 1743.17
26331.8 1593.48 1650.29
26846.6 1506.72 1562.3
27371.5 1424.57 1478.96
27906.7 1346.78 1400.01
28452.3 1273.15 1325.25
29008.7 1203.46 1254.45
29575.9 1137.49 1187.41
30154.1 1075.07 1123.93
30743.7 1015.99 1063.84
31344.8 960.098 1006.95
31957.7 907.215 953.096
32582.6 857.19 902.127
33219.7 809.868 853.886
33869.2 765.111 808.234
34531.4 722.781 765.034
35206.6 682.751 724.156
35894.9 644.899 685.48
36596.8 609.108 648.886
37312.3 575.273 614.27
38041.9 543.285 581.522
38785.7 513.049 550.546
39544.1 484.469 521.247
40317.3 457.457 493.536
41105.6 431.93 467.328
41909.3 407.807 442.543
42728.7 385.012 419.105
43564.2 363.475 396.942
44416 343.126 375.985
45284.4 323.903 356.17
46169.8 305.744 337.436
47072.6 288.591 319.722
47992.9 272.389 302.977
48931.3 257.087 287.146
49888.1 242.636 272.181
50863.5 228.989 258.033
51858 216.101 244.66
52871.9 203.933 232.019
53905.7 192.443 220.069
54959.7 181.596 208.775
56034.3 171.354 198.099
57129.9 161.686 188.009
58247 152.56 178.471
59385.8 143.945 169.457
60547 135.813 160.936
61730.8 128.137 152.883
62937.8 120.893 145.271
64168.4 114.057 138.077
65423.1 107.605 131.277
66702.2 101.516 124.85
68006.4 95.7702 118.775
69336.1 90.3484 113.032
70691.8 85.2325 107.604
72074.1 80.4052 102.473
73483.3 75.8508 97.6227
74920.1 71.5535 93.0374
76384.9 67.4994 88.7027
77878.4 63.6745 84.6044
79401.2 60.066 80.7296
80953.6 56.662 77.0661
82536.5 53.4507 73.6017
84150.3 50.4214 70.3257
85795.6 47.5638 67.2276
87473.2 44.8683 64.2974
89183.5 42.3256 61.5258
90927.2 39.9273 58.9041
92705.1 37.6651 56.4238
94517.8 35.5313 54.077
96365.8 33.5188 51.8565
98249.9 31.6206 49.755
100171 29.8301 47.766
102130 28.1415 45.8832
104126 26.5488 44.1007
106162 25.0467 42.4128
108238 23.6299 40.8143
110354 22.2937 39.3003
112512 21.0335 37.8659
114712 19.8449 36.5067
116955 18.7239 35.2186
119242 17.6667 33.9976
#S  30 Zn
#N 3
#L PhotonEnergy[eV]  Photoelectric[barn/atom]  Total[barn/atom]
2004.49 264262 264787
2043.68 250990 251512
2083.64 238379 238899
2124.38 226398 226915
2165.92 215014 215529
2208.27 204198 204710
2251.44 193923 194433
2295.47 184161 184668
2340.35 174887 175391
2386.11 166077 166578
2432.76 157707 158206
2480.33 149756 150252
2528.82 142204 142696
2578.27 135029 135518
2628.68 128214 128699
2680.08 121741 122222
2732.48 115592 116070
2785.91 109751 110225
2840.38 104204 104674
2895.92 98934.4 99401.2
2952.54 93930 94392.8
3010.27 89176.9 89635.7
3069.12 84662.6 85117.4
3129.14 80375.1 80825.8
3190.32 76303.4 76749.9
3252.7 72436.6 72878.8
3316.3 68764.1 69202.1
3381.14 65276.8 65710.4
3447.25 61964.8 62394
3514.65 58819.9 59244.7
3583.37 55833.5 56253.8
3653.43 52997.6 53413.3
3724.87 50304.8 50715.9
3797.7 47747.8 48154.4
3871.95 45319.9 45721.9
3947.66 43014.7 43411.9
4024.84 40825.8 41218.3
4103.54 38747.6 39135.4
4183.77 36774.4 37157.5
4265.58 34901 35279.4
4348.98 33122.4 33496
4434.02 31433.8 31802.6
4520.71 29830.8 30194.8
4609.1 28308.8 28668
4699.22 26864 27218.4
4791.1 25492.5 25842.1
4884.78 24190.4 24535.2
4980.29 22954.5 23294.4
5077.67 21781.2 22116.3
5176.95 20667.5 20997.8
5278.17 19610.4 19935.9
5381.37 18606.9 18927.7
5486.59 17654.5 17970.4
5593.87 16750.5 17061.6
5703.24 15892.4 16198.8
5814.75 15078 15379.7
5928.45 14305.1 14602.1
6044.36 13571.5 13863.8
6162.55 12875.3 13162.9
6283.04 12214.5 12497.5
6405.89 11587.5 11865.8
6531.14 10992.3 11266.1
6658.84 10427.6 10696.8
6789.04 9891.66 10156.3
6921.78 9383.11 9643.28
7057.11 8900.52 9156.23
7195.1 8442.56 8693.84
7335.78 8008.04 8254.93
7479.22 7595.7 7838.24
7625.45 7204.47 7442.7
7774.55 6833.23 7067.19
7926.56 6481.01 6710.74
8081.55 6146.82 6372.36
8239.56 5829.74 6051.14
8400.67 5528.92 5746.21
8564.92 5243.52 5456.76
8732.38 4972.74 5181.97
8903.12 4715.85 4921.12
9077.2 4472.15 4673.5
9254.69 4240.95 4438.43
9435.64 4021.64 4215.29
9620.13 3813.58 4003.46
9808.22 27576.5 27762.7
10000 26247.9 26430.4
10195.5 24979.2 25158
10394.9 23767.7 23943
10598.1 22611.2 22783
10805.3 21507.5 21675.8
11016.6 20454.2 20619.1
11232 19449.5 19611
11451.6 18491 18649.2
11675.5 17577.1 17732
11903.8 16705.6 16857.3
12136.6 15875 16023.5
12373.9 15083.2 15228.7
12615.8 14328.8 14471.2
12862.5 13610 13749.4
13114 12925.4 13061.9
13370.4 12273.4 12406.9
13631.8 11652.6 11783.3
13898.4 11061.6 11189.5
14170.1 10499.1 10624.1
14447.1 9963.74 10086.1
14729.6 9454.34 9574.07
15017.6 8969.78 9086.91
15311.3 8508.87 8623.44
15610.6 8070.57 8182.64
15915.9 7653.82 7763.44
16227.1 7257.62 7364.82
16544.3 6881.05 6985.89
16867.8 6523.15 6625.69
17197.6 6183.1 6283.37
17533.9 5860.04 5958.09
17876.7 5553.16 5649.04
18226.3 5261.71 5355.46
18582.6 4984.95 5076.62
18946 4722.18 4811.82
19316.4 4472.75 4560.39
19694.1 4235.99 4321.68
20079.2 4011.3 4095.09
20471.8 3798.11 3880.02
20872 3595.84 3675.93
21280.1 3403.97 3482.28
21696.2 3221.99 3298.56
22120.4 3049.41 3124.28
22552.9 2885.77 2958.98
22993.9 2730.63 2802.22
23443.5 2583.57 2653.57
23901.9 2444.18 2512.63
24369.2 2312.09 2379.03
24845.7 2186.91 2252.38
25331.5 2068.32 2132.35
25826.8 1955.98 2018.6
26331.8 1849.56 1910.82
26846.6 1748.78 1808.7
27371.5 1653.34 1711.95
27906.7 1562.97 1620.32
28452.3 1477.42 1533.53
29008.7 1396.42 1451.32
29575.9 1319.76 1373.49
30154.1 1247.21 1299.79
30743.7 1178.55 1230.01
31344.8 1113.58 1163.96
31957.7 1052.11 1101.43
32582.6 993.967 1042.25
33219.7 938.961 986.242
33869.2 886.938 933.241
34531.4 837.737 883.088
35206.6 791.212 835.637
35894.9 747.22 790.743
36596.8 705.626 748.272
37312.3 666.308 708.099
38041.9 629.139 670.1
38785.7 594.007 634.16
39544.1 560.804 600.17
40317.3 529.427 568.029
41105.6 499.777 537.635
41909.3 471.762 508.896
42728.7 445.292 481.724
43564.2 420.288 456.035
44416 396.666 431.748
45284.4 374.356 408.791
46169.8 353.283 387.09
47072.6 333.381 366.577
47992.9 314.587 347.189
48931.3 296.839 328.863
49888.1 280.082 311.545
50863.5 264.261 295.178
51858 249.323 279.71
52871.9 235.222 265.093
53905.7 221.911 251.28
54959.7 209.346 238.229
56034.3 197.487 225.895
57129.9 186.294 214.242
58247 175.73 203.231
59385.8 165.761 192.827
60547 156.354 182.996
61730.8 147.477 173.708
62937.8 139.101 164.932
64168.4 131.199 156.641
65423.1 123.743 148.807
66702.2 116.709 141.405
68006.4 110.073 134.411
69336.1 103.812 127.803
70691.8 97.9073 121.559
72074.1 92.3369 115.659
73483.3 87.0828 110.085
74920.1 82.1269 104.817
76384.9 77.4529 99.839
77878.4 73.0444 95.1347
79401.2 68.8867 90.6891
80953.6 64.9657 86.4876
82536.5 61.2677 82.5163
84150.3 57.7805 78.7629
85795.6 54.492 75.2149
87473.2 51.3908 71.8608
89183.5 48.4666 68.69
90927.2 45.7091 65.692
92705.1 43.1089 62.8572
94517.8 40.6571 60.1765
96365.8 38.3453 57.6412
98249.9 36.1655 55.2433
100171 34.1101 52.9748
102130 32.1722 50.8288
104126 30.3449 48.7981
106162 28.622 46.8765
108238 26.9976 45.0576
110354 25.4659 43.3359
112512 24.0218 41.7057
114712 22.6603 40.1621
116955 21.3764 38.6999
119242 20.166 37.3149
#S  31 Ga
#N 3
#L PhotonEnergy[eV]  Photoelectric[barn/atom]  Total[barn/atom]
2004.49 319028 319582
2043.68 303062 303614
2083.64 287878 288428
2124.38 273440 273987
2165.92 259711 260256
2208.27 246657 247199
2251.44 234246 234786
2295.47 222447 222984
2340.35 211231 211764
2386.11 200568 201099
2432.76 190433 190960
2480.33 180800 181324
2528.82 171644 172165
2578.27 162943 163460
2628.68 154674 155188
2680.08 146816 147326
2732.48 139350 139856
2785.91 132255 132758
2840.38 125515 126014
2895.92 119112 119607
2952.54 113028 113520
3010.27 107250 107737
3069.12 101761 102244
3129.14 96547.4 97025.9
3190.32 91595.9 92070.1
3252.7 86893.5 87363.2
3316.3 82427.5 82892.8
3381.14 78186.9 78647.6
3447.25 74160 74616.2
3514.65 70336.6 70788.2
3583.37 66706.6 67153.5
3653.43 63260.3 63702.4
3724.87 59988.6 60426
3797.7 56882.9 57315.6
3871.95 53935 54362.8
3947.66 51136.9 51559.8
4024.84 48481.2 48899.2
4103.54 45960.8 46373.9
4183.77 43569 43977.1
4265.58 41299.3 41702.4
4348.98 39145.7 39543.8
4434.02 37102.1 37495.3
4520.71 35163.4 35551.5
4609.1 33323.9 33707
4699.22 31579 31957
4791.1 29923.8 30296.8
4884.78 28353.6 28721.5
4980.29 26864.4 27227.2
5077.67 25451.8 25809.6
5176.95 24112.2 24465
5278.17 22841.9 23189.6
5381.37 21637.2 21979.8
5486.59 20494.9 20832.5
5593.87 19411.8 19744.4
5703.24 18384.8 18712.5
5814.75 17411.3 17734
5928.45 16488.3 16806
6044.36 15613.4 15926.1
6162.55 14784.1 15091.9
6283.04 13998 14300.9
6405.89 13253 13551
6531.14 12546.9 12840.1
6658.84 11877.8 12166.1
6789.04 11243.6 11527.2
6921.78 10642.8 10921.6
7057.11 10073.5 10347.6
7195.1 9534.09 9803.5
7335.78 9023.07 9287.84
7479.22 8538.93 8799.09
7625.45 8080.33 8335.92
7774.55 7645.92 7896.98
7926.56 7234.46 7481.03
8081.55 6844.73 7086.86
8239.56 6475.65 6713.38
8400.67 6126.12 6359.5
8564.92 5795.13 6024.2
8732.38 5481.71 5706.52
8903.12 5184.94 5405.53
9077.2 4903.96 5120.38
9254.69 4637.95 4850.25
9435.64 4386.12 4594.35
9620.13 4147.71 4351.93
9808.22 3922.06 4122.31
10000 3708.46 3904.8
10195.5 3506.3 3698.78
10394.9 24571.2 24759.8
10598.1 23440.3 23625.2
10805.3 22356.6 22537.8
11016.6 21318.5 21496
11232 20324.3 20498.2
11451.6 19372.4 19542.8
11675.5 18461.3 18628.2
11903.8 17589.4 17752.8
12136.6 16755.3 16915.3
12373.9 15957.5 16114.2
12615.8 15194.6 15348.1
12862.5 14465.5 14615.7
13114 13768.6 13915.7
13370.4 13102.7 13246.7
13631.8 12466.7 12607.6
13898.4 11859.3 11997.2
14170.1 11279.4 11414.3
14447.1 10725.8 10857.9
14729.6 10197.5 10326.8
15017.6 9693.57 9819.98
15311.3 9212.8 9336.47
15610.6 8754.38 8875.35
15915.9 8317.3 8435.63
16227.1 7900.65 8016.39
16544.3 7503.6 7616.8
16867.8 7125.3 7236.01
17197.6 6764.94 6873.21
17533.9 6421.74 6527.62
17876.7 6094.95 6198.49
18226.3 5783.86 5885.11
18582.6 5487.79 5586.79
18946 5206.04 5302.84
19316.4 4938 5032.65
19694.1 4683.04 4775.58
20079.2 4440.57 4531.05
20471.8 4210.02 4298.49
20872 3990.86 4077.35
21280.1 3782.56 3867.13
21696.2 3584.61 3667.29
22120.4 3396.55 3477.39
22552.9 3217.89 3296.94
22993.9 3048.23 3125.52
23443.5 2887.11 2962.68
23901.9 2734.15 2808.04
24369.2 2588.95 2661.21
24845.7 2451.14 2521.8
25331.5 2320.38 2389.47
25826.8 2196.32 2263.89
26331.8 2078.63 2144.71
26846.6 1967.01 2031.64
27371.5 1861.16 1924.38
27906.7 1760.8 1822.64
28452.3 1665.66 1726.16
29008.7 1575.48 1634.66
29575.9 1490.02 1547.93
30154.1 1409.04 1465.7
30743.7 1332.32 1387.76
31344.8 1259.64 1313.9
31957.7 1190.81 1243.91
32582.6 1125.62 1177.61
33219.7 1063.89 1114.78
33869.2 1005.46 1055.28
34531.4 950.137 998.924
35206.6 897.777 945.553
35894.9 848.227 895.02
36596.8 801.336 847.172
37312.3 756.976 801.88
38041.9 715.008 759.004
38785.7 675.31 718.424
39544.1 637.765 680.021
40317.3 602.259 643.679
41105.6 568.687 609.294
41909.3 536.945 576.762
42728.7 506.937 545.985
43564.2 478.573 516.873
44416 451.763 489.336
45284.4 426.427 463.293
46169.8 402.486 438.665
47072.6 379.864 415.374
47992.9 358.493 393.352
48931.3 338.303 372.53
49888.1 319.232 352.846
50863.5 301.219 334.235
51858 284.208 316.643
52871.9 268.144 300.014
53905.7 252.975 284.296
54959.7 238.653 269.441
56034.3 225.131 255.4
57129.9 212.366 242.132
58247 200.317 229.592
59385.8 188.944 217.743
60547 178.209 206.545
61730.8 168.079 195.964
62937.8 158.519 185.967
64168.4 149.499 176.52
65423.1 140.987 167.595
66702.2 132.957 159.162
68006.4 125.38 151.194
69336.1 118.233 143.665
70691.8 111.49 136.552
72074.1 105.13 129.832
73483.3 99.1317 123.482
74920.1 93.4736 117.483
76384.9 88.1374 111.815
77878.4 83.1048 106.459
79401.2 78.3587 101.398
80953.6 73.8833 96.616
82536.5 69.6628 92.0971
84150.3 65.6834 87.827
85795.6 61.9312 83.7916
87473.2 58.3933 79.9778
89183.5 55.0577 76.3732
90927.2 51.9129 72.9661
92705.1 48.948 69.7456
94517.8 46.1527 66.7009
96365.8 43.5176 63.8226
98249.9 41.0335 61.1011
100171 38.6917 58.5275
102130 36.4841 56.0938
104126 34.4031 53.7918
106162 32.4416 51.6144
108238 30.5924 49.5543
110354 28.8495 47.6052
112512 27.2065 45.7605
114712 25.6578 44.0147
116955 24.198 42.3618
119242 22.8221 40.797
#S  32 Ge
#N 3
#L PhotonEnergy[eV]  Photoelectric[barn/atom]  Total[barn/atom]
2004.49 361727 362314
2043.68 343154 343738
2083.64 325529 326111
2124.38 308804 309384
2165.92 292934 293511
2208.27 277875 278450
2251.44 263586 264158
2295.47 250028 250597
2340.35 237164 237730
2386.11 224958 225521
2432.76 213377 213936
2480.33 202389 202945
2528.82 191964 192516
2578.27 182073 182622
2628.68 172689 173234
2680.08 163786 164327
2732.48 155339 155877
2785.91 147326 147860
2840.38 139724 140254
2895.92 132512 133038
2952.54 125671 126192
3010.27 119181 119698
3069.12 113024 113537
3129.14 107184 107692
3190.32 101644 102147
3252.7 96388.4 96887.4
3316.3 91403.3 91897.6
3381.14 86674.8 87164.4
3447.25 82189.4 82674.2
3514.65 77935.2 78415.2
3583.37 73899.9 74375
3653.43 70072.4 70542.6
3724.87 66442.2 66907.4
3797.7 62999 63459.1
3871.95 59733.4 60188.5
3947.66 56636.2 57086.1
4024.84 53698.6 54143.4
4103.54 50912.8 51352.3
4183.77 48270.5 48704.9
4265.58 45764.8 46194
4348.98 43388.5 43812.4
4434.02 41134.8 41553.4
4520.71 38997.7 39411
4609.1 36970.9 37379
4699.22 35049 35451.8
4791.1 33226.5 33623.9
4884.78 31498.2 31890.3
4980.29 29859.4 30246.2
5077.67 28305.4 28686.8
5176.95 26831.9 27208
5278.17 25434.6 25805.4
5381.37 24109.8 24475.2
5486.59 22853.6 23213.8
5593.87 21662.5 22017.3
5703.24 20533.2 20882.7
5814.75 19462.4 19806.7
5928.45 18447.2 18786.3
6044.36 17484.7 17818.5
6162.55 16572.1 16900.8
6283.04 15707 16030.4
6405.89 14886.7 15205
6531.14 14109.1 14422.2
6658.84 13371.9 13679.9
6789.04 12673 12976
6921.78 12010.4 12308.4
7057.11 11382.3 11675.3
7195.1 10786.9 11074.9
7335.78 10222.5 10505.6
7479.22 9687.42 9965.62
7625.45 9180.25 9453.62
7774.55 8699.49 8968.05
7926.56 8243.76 8507.57
8081.55 7811.79 8070.88
8239.56 7402.34 7656.77
8400.67 7014.25 7264.05
8564.92 6646.4 6891.63
8732.38 6297.74 6538.44
8903.12 5967.27 6203.5
9077.2 5654.06 5885.86
9254.69 5357.2 5584.62
9435.64 5075.86 5298.96
9620.13 4809.2 5028.03
9808.22 4556.5 4771.11
10000 4316.99 4527.44
10195.5 4090.02 4296.36
10394.9 3874.92 4077.2
10598.1 3671.07 3869.35
10805.3 3477.9 3672.23
11016.6 3294.83 3485.27
11232 22636.6 22823.2
11451.6 21567.2 21750
11675.5 20544.4 20723.5
11903.8 19566.4 19741.8
12136.6 18631.4 18803.2
12373.9 17737.7 17906
12615.8 16883.8 17048.6
12862.5 16068 16229.4
13114 15289 15446.9
13370.4 14545 14699.6
13631.8 13834.8 13986.1
13898.4 13156.9 13305
14170.1 12510.1 12655
14447.1 11893 12034.9
14729.6 11304.4 11443.2
15017.6 10743.2 10879
15311.3 10208.1 10341
15610.6 9698.05 9828.06
15915.9 9212 9339.18
16227.1 8748.88 8873.29
16544.3 8307.74 8429.43
16867.8 7887.59 8006.6
17197.6 7487.54 7603.94
17533.9 7106.67 7220.5
17876.7 6744.16 6855.48
18226.3 6399.18 6508.04
18582.6 6070.95 6177.41
18946 5758.71 5862.8
19316.4 5461.75 5563.53
19694.1 5179.36 5278.88
20079.2 4910.88 5008.19
20471.8 4655.68 4750.81
20872 4413.13 4506.15
21280.1 4182.66 4273.6
21696.2 3963.69 4052.61
22120.4 3755.69 3842.63
22552.9 3558.15 3643.14
22993.9 3370.58 3453.68
23443.5 3192.49 3273.74
23901.9 3023.43 3102.87
24369.2 2862.98 2940.66
24845.7 2710.72 2786.67
25331.5 2566.26 2640.53
25826.8 2429.21 2501.83
26331.8 2299.22 2370.24
26846.6 2175.93 2245.39
27371.5 2059.03 2126.97
27906.7 1948.21 2014.65
28452.3 1843.15 1908.14
29008.7 1743.57 1807.14
29575.9 1649.2 1711.39
30154.1 1559.79 1620.63
30743.7 1475.07 1534.6
31344.8 1394.83 1453.07
31957.7 1318.81 1375.81
32582.6 1246.83 1302.61
33219.7 1178.66 1233.26
33869.2 1114.13 1167.57
34531.4 1053.03 1105.35
35206.6 995.203 1046.43
35894.9 940.47 990.629
36596.8 888.671 937.792
37312.3 839.661 887.772
38041.9 793.29 840.417
38785.7 749.424 795.593
39544.1 707.929 753.166
40317.3 668.683 713.014
41105.6 631.569 675.018
41909.3 596.474 639.064
42728.7 563.289 605.044
43564.2 531.917 572.861
44416 502.26 542.413
45284.4 474.228 513.612
46169.8 447.734 486.371
47072.6 422.695 460.605
47992.9 399.034 436.238
48931.3 376.677 413.193
49888.1 355.555 391.402
50863.5 335.6 370.798
51858 316.749 351.315
52871.9 298.944 332.896
53905.7 282.126 315.481
54959.7 266.244 299.018
56034.3 251.245 283.455
57129.9 237.082 268.743
58247 223.709 254.837
59385.8 211.083 241.692
60547 199.163 229.267
61730.8 187.91 217.524
62937.8 177.288 206.425
64168.4 167.261 195.935
65423.1 157.798 186.02
66702.2 148.866 176.65
68006.4 140.437 167.795
69336.1 132.482 159.425
70691.8 124.976 151.516
72074.1 117.893 144.04
73483.3 111.21 136.976
74920.1 104.904 130.298
76384.9 98.9552 123.988
77878.4 93.3425 118.023
79401.2 88.0476 112.386
80953.6 83.0528 107.058
82536.5 78.3407 102.021
84150.3 73.8962 97.2605
85795.6 69.7036 92.7601
87473.2 65.7492 88.5057
89183.5 62.0194 84.4837
90927.2 58.5015 80.681
92705.1 55.1837 77.0855
94517.8 52.0543 73.6855
96365.8 49.1031 70.4703
98249.9 46.32 67.4297
100171 43.6951 64.5535
102130 41.2198 61.833
104126 38.8853 59.2592
106162 36.684 56.8241
108238 34.6079 54.5197
110354 32.6502 52.339
112512 30.8041 50.2748
114712 29.0632 48.3208
116955 27.4215 46.4706
119242 25.8734 44.7186
#S  33 As
#N 3
#L PhotonEnergy[eV]  Photoelectric[barn/atom]  Total[barn/atom]
2004.49 391317 391939
2043.68 372131 372751
2083.64 353864 354481
2124.38 336474 337088
2165.92 319919 320531
2208.27 304160 304770
2251.44 289161 289768
2295.47 274885 275488
2340.35 261298 261898
2386.11 248368 248965
2432.76 236063 236657
2480.33 224355 224945
2528.82 213215 213801
2578.27 202616 203198
2628.68 192532 193110
2680.08 182939 183514
2732.48 173814 174384
2785.91 165134 165700
2840.38 156878 157440
2895.92 149026 149583
2952.54 141558 142111
3010.27 134457 135006
3069.12 127704 128248
3129.14 121283 121823
3190.32 115178 115713
3252.7 109374 109904
3316.3 103857 104382
3381.14 98611.4 99131.3
3447.25 93625.3 94140.1
3514.65 88886.1 89395.9
3583.37 84381.8 84886.4
3653.43 80100.9 80600.3
3724.87 76032.7 76526.8
3797.7 72166.7 72655.6
3871.95 68493.4 68976.9
3947.66 65003 65481.1
4024.84 61686.8 62159.5
4103.54 58536.3 59003.6
4183.77 55543.4 56005.2
4265.58 52700.4 53156.6
4348.98 50000 50450.7
4434.02 47434.9 47880.1
4520.71 44998.9 45438.5
4609.1 42685.4 43119.4
4699.22 40488.5 40916.8
4791.1 38402.3 38825.1
4884.78 36421.4 36838.6
4980.29 34540.7 34952.2
5077.67 32755 33160.9
5176.95 31060 31460.2
5278.17 29450.8 29845.4
5381.37 27923.3 28312.3
5486.59 26473.5 26856.9
5593.87 25097.4 25475.2
5703.24 23791.5 24163.7
5814.75 22552.2 22918.8
5928.45 21376.1 21737.2
6044.36 20260.2 20615.8
6162.55 19201.3 19551.5
6283.04 18196.8 18541.4
6405.89 17243.8 17582.9
6531.14 16339.6 16673.4
6658.84 15482 15810.4
6789.04 14668.5 14991.5
6921.78 13896.9 14214.6
7057.11 13165.2 13477.6
7195.1 12471.2 12778.3
7335.78 11813.1 12115
7479.22 11189 11485.8
7625.45 10597.3 10888.9
7774.55 10036.3 10322.8
7926.56 9504.39 9785.88
8081.55 9000.14 9276.64
8239.56 8522.16 8793.7
8400.67 8069.07 8335.71
8564.92 7639.61 7901.4
8732.38 7232.58 7489.57
8903.12 6846.82 7099.06
9077.2 6481.26 6728.8
9254.69 6134.84 6377.73
9435.64 5806.6 6044.9
9620.13 5495.57 5729.34
9808.22 5200.92 5430.21
10000 4921.75 5146.61
10195.5 4657.3 4877.8
10394.9 4406.79 4622.97
10598.1 4169.51 4381.44
10805.3 3944.78 4152.51
11016.6 3731.92 3935.51
11232 3530.35 3729.86
11451.6 3339.46 3534.95
11675.5 3158.71 3350.24
11903.8 21519 21706.7
12136.6 20522.4 20706.2
12373.9 19567.6 19747.6
12615.8 18653.3 18829.5
12862.5 17777.8 17950.4
13114 16939.8 17108.8
13370.4 16138 16303.4
13631.8 15370.9 15532.8
13898.4 14637.2 14795.7
14170.1 13935.7 14090.8
14447.1 13265.1 13417
14729.6 12624.3 12772.9
15017.6 12012.1 12157.5
15311.3 11427.4 11569.6
15610.6 10869 11008.1
15915.9 10335.9 10472.1
16227.1 9827.09 9960.3
16544.3 9341.61 9471.9
16867.8 8878.46 9005.89
17197.6 8436.74 8561.38
17533.9 8015.55 8137.45
17876.7 7614.03 7733.24
18226.3 7231.34 7347.92
18582.6 6866.71 6980.7
18946 6519.33 6630.8
19316.4 6188.49 6297.48
19694.1 5873.44 5980.01
20079.2 5573.52 5677.71
20471.8 5288.05 5389.92
20872 5016.38 5115.98
21280.1 4757.93 4855.3
21696.2 4512.07 4607.27
22120.4 4278.27 4371.35
22552.9 4055.95 4146.95
22993.9 3844.62 3933.59
23443.5 3643.76 3730.74
23901.9 3452.88 3537.92
24369.2 3271.54 3354.68
24845.7 3099.27 3180.56
25331.5 2935.68 3015.16
25826.8 2780.33 2858.04
26331.8 2632.85 2708.84
26846.6 2492.86 2567.16
27371.5 2360 2432.66
27906.7 2233.93 2304.99
28452.3 2114.34 2183.83
29008.7 2000.89 2068.86
29575.9 1893.3 1959.78
30154.1 1791.29 1856.31
30743.7 1694.56 1758.17
31344.8 1602.88 1665.11
31957.7 1515.98 1576.87
32582.6 1433.63 1493.21
33219.7 1355.61 1413.91
33869.2 1281.7 1338.75
34531.4 1211.69 1267.53
35206.6 1145.38 1200.04
35894.9 1082.6 1136.11
36596.8 1023.15 1075.54
37312.3 966.876 1018.17
38041.9 913.611 963.846
38785.7 863.199 912.4
39544.1 815.496 863.689
40317.3 770.361 817.574
41105.6 727.662 773.921
41909.3 687.272 732.603
42728.7 649.07 693.497
43564.2 612.944 656.493
44416 578.782 621.476
45284.4 546.486 588.347
46169.8 515.953 557.005
47072.6 487.09 527.355
47992.9 459.811 499.311
48931.3 434.031 472.786
49888.1 409.67 447.701
50863.5 386.652 423.979
51858 364.905 401.547
52871.9 344.362 380.338
53905.7 324.956 360.285
54959.7 306.629 341.327
56034.3 289.319 323.405
57129.9 272.974 306.465
58247 257.539 290.451
59385.8 242.966 275.316
60547 229.208 261.01
61730.8 216.22 247.49
62937.8 203.96 234.713
64168.4 192.389 222.638
65423.1 181.467 211.227
66702.2 171.16 200.444
68006.4 161.434 190.255
69336.1 152.256 180.627
70691.8 143.596 171.529
72074.1 135.425 162.932
73483.3 127.717 154.809
74920.1 120.445 147.134
76384.9 113.585 139.881
77878.4 107.114 133.029
79401.2 101.01 126.553
80953.6 95.2539 120.435
82536.5 89.8243 114.653
84150.3 84.7037 109.189
85795.6 79.8747 104.026
87473.2 75.3208 99.1469
89183.5 71.0265 94.5356
90927.2 66.9773 90.1774
92705.1 63.1591 86.0581
94517.8 59.5589 82.1645
96365.8 56.1645 78.4839
98249.9 52.9641 75.0045
100171 49.9466 71.7148
102130 47.1017 68.6044
104126 44.4196 65.6631
106162 41.8911 62.8817
108238 39.5074 60.2508
110354 37.2601 57.7623
112512 35.1415 55.408
114712 33.1445 53.1807
116955 31.2617 51.0727
119242 29.4869 49.0777
#S  34 Se
#N 3
#L PhotonEnergy[eV]  Photoelectric[barn/atom]  Total[barn/atom]
2004.49 439170 439830
2043.68 418111 418768
2083.64 398029 398683
2124.38 378882 379534
2165.92 360627 361276
2208.27 343224 343870
2251.44 326636 327279
2295.47 310824 311464
2340.35 295754 296390
2386.11 281393 282026
2432.76 267707 268336
2480.33 254667 255293
2528.82 242243 242865
2578.27 230407 231025
2628.68 219132 219746
2680.08 208392 209001
2732.48 198162 198768
2785.91 188420 189021
2840.38 179143 179739
2895.92 170308 170900
2952.54 161897 162484
3010.27 153889 154471
3069.12 146265 146843
3129.14 139008 139580
3190.32 132100 132668
3252.7 125527 126089
3316.3 119270 119827
3381.14 113316 113868
3447.25 107651 108198
3514.65 102261 102803
3583.37 97133.6 97669.4
3653.43 92255.6 92785.9
3724.87 87615.6 88140.3
3797.7 83202.4 83721.5
3871.95 79005.4 79518.9
3947.66 75014 75521.8
4024.84 71218.4 71720.5
4103.54 67609.7 68106
4183.77 64178.7 64669.2
4265.58 60917 61401.7
4348.98 57816.5 58295.3
4434.02 54869.3 55342.3
4520.71 52068.4 52535.5
4609.1 49406.4 49867.6
4699.22 46876.9 47332.2
4791.1 44473.4 44922.7
4884.78 42189.6 42633
4980.29 40020.1 40457.5
5077.67 37959 38390.5
5176.95 36001.2 36426.8
5278.17 34141.7 34561.3
5381.37 32375.7 32789.4
5486.59 30698.6 31106.4
5593.87 29106.1 29507.9
5703.24 27593.9 27989.9
5814.75 26158.3 26548.4
5928.45 24795.4 25179.6
6044.36 23501.6 23880
6162.55 22273.6 22646.1
6283.04 21108 21474.8
6405.89 20001.9 20362.9
6531.14 18952.2 19307.4
6658.84 17956.2 18305.7
6789.04 17011.2 17355
6921.78 16114.6 16452.8
7057.11 15264.1 15596.7
7195.1 14457.3 14784.3
7335.78 13692.1 14013.6
7479.22 12966.3 13282.4
7625.45 12278.1 12588.7
7774.55 11625.4 11930.6
7926.56 11006.6 11306.5
8081.55 10419.9 10714.4
8239.56 9863.65 10153
8400.67 9336.36 9620.5
8564.92 8836.58 9115.57
8732.38 8362.89 8636.78
8903.12 7913.95 8182.81
9077.2 7488.51 7752.39
9254.69 7085.4 7344.34
9435.64 6703.45 6957.52
9620.13 6341.57 6590.83
9808.22 5998.77 6243.27
10000 5674.03 5913.84
10195.5 5366.46 5601.63
10394.9 5075.15 5305.74
10598.1 4799.28 5025.35
10805.3 4538.05 4759.66
11016.6 4290.68 4507.9
11232 4056.49 4269.36
11451.6 3834.76 4043.36
11675.5 3624.88 3829.26
11903.8 3426.2 3626.44
12136.6 3238.16 3434.31
12373.9 3060.2 3252.32
12615.8 2891.78 3079.95
12862.5 18977 19161.2
13114 18120 18300.5
13370.4 17297.8 17474.4
13631.8 16509.1 16682.1
13898.4 15752.9 15922.1
14170.1 15027.9 15193.6
14447.1 14333.1 14495.3
14729.6 13667.4 13826.1
15017.6 13029.9 13185.2
15311.3 12419.4 12571.4
15610.6 11835 11983.7
15915.9 11275.8 11421.2
16227.1 10740.7 10883
16544.3 10228.9 10368.1
16867.8 9739.5 9875.64
17197.6 9271.68 9404.84
17533.9 8824.55 8954.78
17876.7 8397.35 8524.71
18226.3 7989.25 8113.8
18582.6 7599.54 7721.33
18946 7227.45 7346.54
19316.4 6872.29 6988.74
19694.1 6533.37 6647.23
20079.2 6210.01 6321.34
20471.8 5901.59 6010.44
20872 5607.48 5713.9
21280.1 5327.1 5431.14
21696.2 5059.82 5161.54
22120.4 4805.15 4904.59
22552.9 4562.49 4659.71
22993.9 4331.38 4426.42
23443.5 4111.29 4204.2
23901.9 3901.73 3992.57
24369.2 3702.26 3791.07
24845.7 3512.42 3599.24
25331.5 3331.8 3416.68
25826.8 3159.97 3242.96
26331.8 2996.54 3077.68
26846.6 2841.14 2920.48
27371.5 2693.39 2770.97
27906.7 2552.95 2628.81
28452.3 2419.49 2493.67
29008.7 2292.67 2365.22
29575.9 2172.2 2243.15
30154.1 2057.78 2127.17
30743.7 1949.12 2016.98
31344.8 1845.95 1912.34
31957.7 1748.01 1812.95
32582.6 1655.06 1718.59
33219.7 1566.84 1629
33869.2 1483.15 1543.97
34531.4 1403.75 1463.27
35206.6 1328.44 1386.69
35894.9 1257.03 1314.04
36596.8 1189.32 1245.12
37312.3 1125.12 1179.75
38041.9 1064.27 1117.75
38785.7 1006.61 1058.97
39544.1 951.961 1003.24
40317.3 900.188 950.414
41105.6 851.143 900.341
41909.3 804.69 852.887
42728.7 760.695 807.918
43564.2 719.038 765.313
44416 679.596 724.949
45284.4 642.262 686.717
46169.8 606.923 650.505
47072.6 573.477 616.21
47992.9 541.829 583.735
48931.3 511.884 552.986
49888.1 483.556 523.875
50863.5 456.759 496.317
51858 431.414 470.232
52871.9 407.445 445.544
53905.7 384.779 422.178
54959.7 363.35 400.068
56034.3 343.09 379.146
57129.9 323.939 359.351
58247 305.838 340.623
59385.8 288.73 322.905
60547 272.562 306.146
61730.8 257.286 290.293
62937.8 242.853 275.299
64168.4 229.217 261.119
65423.1 216.336 247.707
66702.2 204.169 235.024
68006.4 192.677 223.032
69336.1 181.825 211.691
70691.8 171.576 200.968
72074.1 161.898 190.828
73483.3 152.761 181.242
74920.1 144.134 172.178
76384.9 135.991 163.609
77878.4 128.303 155.507
79401.2 121.046 147.847
80953.6 114.197 140.606
82536.5 107.733 133.76
84150.3 101.633 127.287
85795.6 95.8757 121.168
87473.2 90.4432 115.383
89183.5 85.3173 109.913
90927.2 80.4808 104.742
92705.1 75.9177 99.8528
94517.8 71.6125 95.2296
96365.8 67.5512 90.8584
98249.9 63.7199 86.7248
100171 60.1056 82.8157
102130 56.6966 79.1191
104126 53.4808 75.6228
106162 50.4478 72.3161
108238 47.5869 69.188
110354 44.8889 66.2291
112512 42.344 63.4294
114712 39.9442 60.7807
116955 37.6808 58.2741
119242 35.5464 55.902
#S  35 Br
#N 3
#L PhotonEnergy[eV]  Photoelectric[barn/atom]  Total[barn/atom]
2004.49 481238 481937
2043.68 458032 458728
2083.64 435914 436608
2124.38 414836 415527
2165.92 394750 395438
2208.27 375610 376295
2251.44 357375 358056
2295.47 340001 340679
2340.35 323449 324124
2386.11 307683 308354
2432.76 292664 293332
2480.33 278360 279024
2528.82 264737 265396
2578.27 251763 252419
2628.68 239409 240060
2680.08 227645 228292
2732.48 216444 217086
2785.91 205781 206418
2840.38 195629 196262
2895.92 185965 186593
2952.54 176767 177390
3010.27 168012 168630
3069.12 159680 160292
3129.14 151750 152358
3190.32 144205 144807
3252.7 137025 137622
3316.3 130194 130785
3381.14 123695 124280
3447.25 117512 118092
3514.65 111630 112205
3583.37 106036 106605
3653.43 100715 101278
3724.87 95654.8 96211.8
3797.7 90842.2 91393.4
3871.95 86266.2 86811.4
3947.66 81915 82454.2
4024.84 77777.8 78310.9
4103.54 73844.4 74371.4
4183.77 70105.3 70626.2
4265.58 66550.9 67065.6
4348.98 63172.5 63681.1
4434.02 59961.2 60463.6
4520.71 56909.5 57405.6
4609.1 54009.2 54499.1
4699.22 51253.4 51737
4791.1 48634.8 49112.2
4884.78 46146.8 46617.8
4980.29 43783.1 44247.9
5077.67 41537.6 41996.1
5176.95 39404.6 39856.8
5278.17 37378.5 37824.4
5381.37 35454.2 35893.9
5486.59 33626.6 34060
5593.87 31891.2 32318.2
5703.24 30243.1 30663.9
5814.75 28678.3 29092.9
5928.45 27192.5 27600.9
6044.36 25782 26184.2
6162.55 24443 24839
6283.04 23171.8 23561.8
6405.89 21965.4 22349.2
6531.14 20820.2 21198
6658.84 19733.5 20105.2
6789.04 18702.2 19067.8
6921.78 17723.6 18083.3
7057.11 16795 17148.8
7195.1 15914 16261.8
7335.78 15078.1 15420.1
7479.22 14285.2 14621.4
7625.45 13533.1 13863.5
7774.55 12819.6 13144.4
7926.56 12143 12462
8081.55 11501.3 11814.7
8239.56 10892.7 11200.6
8400.67 10315.6 10618
8564.92 9768.51 10065.4
8732.38 9249.73 9541.21
8903.12 8757.91 9044.04
9077.2 8291.66 8572.5
9254.69 7849.7 8125.31
9435.64 7430.8 7701.23
9620.13 7033.75 7299.07
9808.22 6657.48 6917.74
10000 6300.89 6556.16
10195.5 5963 6213.35
10394.9 5642.83 5888.31
10598.1 5339.5 5580.18
10805.3 5052.13 5288.07
11016.6 4779.89 5011.15
11232 4522.01 4748.67
11451.6 4277.75 4499.86
11675.5 4046.41 4264.05
11903.8 3827.32 4040.54
12136.6 3619.83 3828.71
12373.9 3423.37 3627.96
12615.8 3237.34 3437.72
12862.5 3061.21 3257.44
13114 2894.47 3086.61
13370.4 2736.62 2924.75
13631.8 18145.7 18329.9
13898.4 17313.7 17494
14170.1 16516.2 16692.7
14447.1 15752.1 15924.8
14729.6 15020.1 15189.1
15017.6 14319 14484.4
15311.3 13647.8 13809.7
15610.6 13005.4 13163.8
15915.9 12390.7 12545.6
16227.1 11802.5 11954.1
16544.3 11240.1 11388.4
16867.8 10702.3 10847.3
17197.6 10188.3 10330.1
17533.9 9696.99 9835.68
17876.7 9227.63 9363.25
18226.3 8779.3 8911.92
18582.6 8351.19 8480.88
18946 7942.46 8069.27
19316.4 7552.36 7676.35
19694.1 7180.1 7301.32
20079.2 6824.96 6943.48
20471.8 6486.22 6602.09
20872 6163.22 6276.5
21280.1 5855.29 5966.04
21696.2 5561.78 5670.05
22120.4 5282.1 5387.94
22552.9 5015.63 5119.09
22993.9 4761.84 4862.98
23443.5 4520.15 4619.01
23901.9 4290.02 4386.67
24369.2 4070.97 4165.45
24845.7 3862.5 3954.86
25331.5 3664.14 3754.43
25826.8 3475.45 3563.71
26331.8 3295.97 3382.25
26846.6 3125.3 3209.65
27371.5 2963.03 3045.5
27906.7 2808.79 2889.42
28452.3 2662.2 2741.04
29008.7 2522.91 2599.99
29575.9 2390.58 2465.95
30154.1 2264.88 2338.59
30743.7 2145.51 2217.59
31344.8 2032.17 2102.67
31957.7 1924.57 1993.51
32582.6 1822.43 1889.87
33219.7 1725.5 1791.47
33869.2 1633.53 1698.06
34531.4 1546.27 1609.41
35206.6 1463.5 1525.28
35894.9 1385.01 1445.46
36596.8 1310.57 1369.73
37312.3 1240 1297.9
38041.9 1173.1 1229.78
38785.7 1109.69 1165.17
39544.1 1049.6 1103.92
40317.3 992.66 1045.85
41105.6 938.716 990.801
41909.3 887.616 938.628
42728.7 839.217 889.185
43564.2 793.383 842.334
44416 749.981 797.943
45284.4 708.894 755.893
46169.8 669.998 716.06
47072.6 633.18 678.331
47992.9 598.337 642.601
48931.3 565.365 608.766
49888.1 534.169 576.731
50863.5 504.656 546.4
51858 476.737 517.688
52871.9 450.331 490.509
53905.7 425.357 464.783
54959.7 401.741 440.436
56034.3 379.411 417.395
57129.9 358.3 395.593
58247 338.342 374.962
59385.8 319.477 355.443
60547 301.647 336.977
61730.8 284.796 319.507
62937.8 268.872 302.982
64168.4 253.826 287.351
65423.1 239.61 272.565
66702.2 226.18 258.582
68006.4 213.493 245.357
69336.1 201.51 232.849
70691.8 190.191 221.021
72074.1 179.501 209.835
73483.3 169.406 199.258
74920.1 159.874 189.256
76384.9 150.873 179.799
77878.4 142.375 170.856
79401.2 134.352 162.401
80953.6 126.778 154.406
82536.5 119.628 146.846
84150.3 112.879 139.698
85795.6 106.509 132.939
87473.2 100.496 126.549
89183.5 94.8224 120.506
90927.2 89.4674 114.792
92705.1 84.4142 109.389
94517.8 79.6456 104.28
96365.8 75.1462 99.4481
98249.9 70.9007 94.8789
100171 66.8949 90.5573
102130 63.1155 86.4701
104126 59.5498 82.6041
106162 56.186 78.9474
108238 53.0124 75.4879
110354 50.0188 72.2152
112512 47.1945 69.1185
114712 44.5306 66.1885
116955 42.0175 63.4156
119242 39.6471 60.7914
#S  36 Kr
#N 3
#L PhotonEnergy[eV]  Photoelectric[barn/atom]  Total[barn/atom]
2004.49 535453 536194
2043.68 509678 510416
2083.64 485112 485847
2124.38 461699 462431
2165.92 439388 440117
2208.27 418126 418852
2251.44 397868 398591
2295.47 378567 379286
2340.35 360178 360893
2386.11 342660 343371
2432.76 325972 326679
2480.33 310076 310780
2528.82 294937 295636
2578.27 280518 281213
2628.68 266787 267477
2680.08 253711 254396
2732.48 241260 241940
2785.91 229405 230081
2840.38 218118 218789
2895.92 207372 208038
2952.54 197144 197805
3010.27 187408 188063
3069.12 178140 178790
3129.14 169320 169964
3190.32 160926 161565
3252.7 152938 153571
3316.3 145337 145964
3381.14 138105 138726
3447.25 131223 131839
3514.65 124677 125286
3583.37 118449 119053
3653.43 112526 113123
3724.87 106891 107482
3797.7 101532 102116
3871.95 96434.7 97013.2
3947.66 91587.8 92160
4024.84 86978.6 87544.4
4103.54 82596.1 83155.4
4183.77 78429.1 78982
4265.58 74467.5 75013.9
4348.98 70701.5 71241.3
4434.02 67121.2 67654.5
4520.71 63718.4 64245
4609.1 60483.8 61003.8
4699.22 57409.9 57923.3
4791.1 54488.6 54995.4
4884.78 51712.3 52212.5
4980.29 49074.6 49568
5077.67 46568.1 47054.9
5176.95 44186.8 44667
5278.17 41924.5 42398
5381.37 39775.5 40242.3
5486.59 37734.1 38194.3
5593.87 35795.1 36248.7
5703.24 33953.6 34400.5
5814.75 32204.6 32645
5928.45 30543.8 30977.6
6044.36 28966.7 29393.9
6162.55 27469.2 27889.8
6283.04 26047.4 26461.5
6405.89 24697.6 25105.3
6531.14 23416.1 23817.4
6658.84 22199.8 22594.7
6789.04 21045.2 21433.7
6921.78 19949.4 20331.5
7057.11 18909.4 19285.2
7195.1 17922.4 18291.9
7335.78 16985.8 17349.2
7479.22 16097.1 16454.3
7625.45 15253.9 15605
7774.55 14453.9 14798.9
7926.56 13695 14034
8081.55 12975 13308.1
8239.56 12292.2 12619.3
8400.67 11644.5 11965.7
8564.92 11030.2 11345.6
8732.38 10447.5 10757.3
8903.12 9895.09 10199.1
9077.2 9371.22 9669.66
9254.69 8874.49 9167.38
9435.64 8403.56 8690.96
9620.13 7957.08 8239.04
9808.22 7533.83 7810.43
10000 7132.62 7403.92
10195.5 6752.35 7018.41
10394.9 6391.91 6652.8
10598.1 6050.33 6306.12
10805.3 5726.63 5977.38
11016.6 5419.87 5665.66
11232 5129.23 5370.12
11451.6 4853.84 5089.89
11675.5 4592.94 4824.24
11903.8 4345.78 4572.38
12136.6 4111.65 4333.62
12373.9 3889.87 4107.29
12615.8 3679.82 3892.76
12862.5 3480.88 3689.4
13114 3292.48 3496.66
13370.4 3114.07 3313.98
13631.8 2945.14 3140.84
13898.4 2785.18 2976.75
14170.1 2633.75 2821.25
14447.1 17601.4 17784.9
14729.6 16772 16951.6
15017.6 15978.5 16154.2
15311.3 15219.5 15391.5
15610.6 14493.8 14662
15915.9 13800 13964.6
16227.1 13136.9 13297.9
16544.3 12503.3 12660.7
16867.8 11898 12052
17197.6 11320 11470.5
17533.9 10768 10915.3
17876.7 10241.1 10385.1
18226.3 9738.29 9879.12
18582.6 9258.5 9396.19
18946 8800.81 8935.43
19316.4 8364.31 8495.94
19694.1 7948.11 8076.78
20079.2 7551.34 7677.14
20471.8 7173.19 7296.16
20872 6812.85 6933.06
21280.1 6469.58 6587.08
21696.2 6142.6 6257.46
22120.4 5831.26 5943.53
22552.9 5534.81 5644.54
22993.9 5252.64 5359.9
23443.5 4984.09 5088.93
23901.9 4728.56 4831.04
24369.2 4485.48 4585.64
24845.7 4254.27 4352.17
25331.5 4034.41 4130.1
25826.8 3825.36 3918.89
26331.8 3626.65 3718.07
26846.6 3437.78 3527.14
27371.5 3258.31 3345.66
27906.7 3087.8 3173.19
28452.3 2925.83 3009.31
29008.7 2772 2853.6
29575.9 2625.93 2705.71
30154.1 2487.24 2565.24
30743.7 2355.59 2431.86
31344.8 2230.64 2305.22
31957.7 2112.06 2184.99
32582.6 1999.56 2070.88
33219.7 1892.83 1962.58
33869.2 1791.61 1859.82
34531.4 1695.6 1762.33
35206.6 1604.57 1669.84
35894.9 1518.27 1582.12
36596.8 1436.45 1498.93
37312.3 1358.91 1420.05
38041.9 1285.43 1345.26
38785.7 1215.8 1274.35
39544.1 1149.84 1207.14
40317.3 1087.35 1143.45
41105.6 1028.16 1083.08
41909.3 972.109 1025.89
42728.7 919.032 971.696
43564.2 868.782 920.36
44416 821.209 871.731
45284.4 776.179 825.674
46169.8 733.561 782.056
47072.6 693.228 740.749
47992.9 655.066 701.641
48931.3 618.958 664.612
49888.1 584.8 629.558
50863.5 552.49 596.377
51858 521.929 564.968
52871.9 493.029 535.243
53905.7 465.698 507.111
54959.7 439.858 480.49
56034.3 415.425 455.3
57129.9 392.329 431.466
58247 370.497 408.916
59385.8 349.862 387.583
60547 330.359 367.402
61730.8 311.929 348.312
62937.8 294.514 330.255
64168.4 278.059 313.177
65423.1 262.512 297.023
66702.2 247.825 281.746
68006.4 233.951 267.298
69336.1 220.846 253.635
70691.8 208.469 240.714
72074.1 196.778 228.496
73483.3 185.738 216.942
74920.1 175.313 206.017
76384.9 165.469 195.687
77878.4 156.174 185.919
79401.2 147.398 176.683
80953.6 139.113 167.95
82536.5 131.291 159.692
84150.3 123.907 151.884
85795.6 116.938 144.501
87473.2 110.359 137.52
89183.5 104.149 130.919
90927.2 98.2882 124.676
92705.1 92.757 118.774
94517.8 87.5367 113.191
96365.8 82.6103 107.912
98249.9 77.9615 102.92
100171 73.5743 98.1979
102130 69.4348 93.7318
104126 65.5285 89.5071
106162 61.8427 85.5108
108238 58.3649 81.7301
110354 55.0837 78.1533
112512 51.9876 74.7687
114712 49.0666 71.5661
116955 46.3106 68.5352
119242 43.7106 65.6666
#S  37 Rb
#N 3
#L PhotonEnergy[eV]  Photoelectric[barn/atom]  Total[barn/atom]
2004.49 509381 510149
2043.68 485062 485828
2083.64 535770 536533
2124.38 510117 510878
2165.92 485657 486415
2208.27 462337 463092
2251.44 440106 440857
2295.47 418914 419661
2340.35 398712 399456
2386.11 379458 380198
2432.76 361107 361843
2480.33 343620 344351
2528.82 326956 327683
2578.27 311077 311800
2628.68 295948 296667
2680.08 281535 282249
2732.48 267804 268514
2785.91 254726 255430
2840.38 242267 242967
2895.92 230402 231096
2952.54 219102 219791
3010.27 208342 209025
3069.12 198096 198773
3129.14 188339 189012
3190.32 179051 179718
3252.7 170208 170870
3316.3 161791 162446
3381.14 153779 154428
3447.25 146152 146795
3514.65 138895 139532
3583.37 131988 132618
3653.43 125415 126040
3724.87 119161 119780
3797.7 113211 113823
3871.95 107550 108156
3947.66 102166 102764
4024.84 97043.1 97635.4
4103.54 92170.9 92756.7
4183.77 87537 88116.1
4265.58 83130.1 83702.6
4348.98 78939.5 79505.2
4434.02 74954.5 75513.5
4520.71 71165.8 71718
4609.1 67563.6 68109
4699.22 64139.2 64677.8
4791.1 60884 61415.8
4884.78 57789.7 58314.6
4980.29 54848.9 55366.9
5077.67 52053.8 52564.9
5176.95 49397.8 49902.1
5278.17 46873.8 47371.2
5381.37 44475.6 44966.1
5486.59 42197.1 42680.7
5593.87 40032.4 40509.2
5703.24 37976.1 38446
5814.75 36022.7 36485.8
5928.45 34167.4 34623.7
6044.36 32405.3 32854.8
6162.55 30731.9 31174.6
6283.04 29142.8 29578.7
6405.89 27633.9 28063.1
6531.14 26201.1 26623.6
6658.84 24841 25256.8
6789.04 23549.7 23958.9
6921.78 22323.9 22726.6
7057.11 21160.5 21556.5
7195.1 20056.2 20445.7
7335.78 19008.2 19391.3
7479.22 18013.6 18390.2
7625.45 17069.9 17440.1
7774.55 16174.4 16538.3
7926.56 15324.8 15682.5
8081.55 14518.8 14870.2
8239.56 13754.2 14099.4
8400.67 13028.9 13368
8564.92 12341 12674.1
8732.38 11688.5 12015.6
8903.12 11069.8 11390.9
9077.2 10483 10798.3
9254.69 9926.68 10236.1
9435.64 9399.19 9702.88
9620.13 8899.06 9197.05
9808.22 8424.94 8717.31
10000 7975.51 8262.32
10195.5 7549.52 7830.84
10394.9 7145.75 7421.64
10598.1 6763.11 7033.65
10805.3 6400.51 6665.75
11016.6 6056.87 6316.9
11232 5731.31 5986.19
11451.6 5422.83 5672.63
11675.5 5130.6 5375.39
11903.8 4853.76 5093.62
12136.6 4591.53 4826.52
12373.9 4343.16 4573.36
12615.8 4107.93 4333.4
12862.5 3885.15 4105.98
13114 3674.2 3890.45
13370.4 3474.45 3686.19
13631.8 3285.32 3492.63
13898.4 3106.26 3309.21
14170.1 2936.75 3135.41
14447.1 2776.3 2970.73
14729.6 2624.41 2814.71
15017.6 2480.66 2666.88
15311.3 16124.5 16306.7
15610.6 15381.5 15559.7
15915.9 14669.4 14843.8
16227.1 13987.1 14157.8
16544.3 13333.8 13500.7
16867.8 12708.2 12871.4
17197.6 12109.4 12269.1
17533.9 11536.4 11692.5
17876.7 10988.2 11140.9
18226.3 10463.9 10613.2
18582.6 9962.65 10108.6
18946 9483.46 9626.2
19316.4 9025.54 9165.09
19694.1 8588.05 8724.48
20079.2 8170.17 8303.54
20471.8 7771.13 7901.51
20872 7390.18 7517.62
21280.1 7026.6 7151.17
21696.2 6679.66 6801.43
22120.4 6348.7 6467.72
22552.9 6033.05 6149.38
22993.9 5732.08 5845.78
23443.5 5445.17 5556.3
23901.9 5171.71 5280.32
24369.2 4911.16 5017.31
24845.7 4662.94 4766.68
25331.5 4426.53 4527.93
25826.8 4201.42 4300.52
26331.8 3987.12 4083.97
26846.6 3783.14 3877.81
27371.5 3589.03 3681.56
27906.7 3404.35 3494.79
28452.3 3228.69 3317.09
29008.7 3061.63 3148.04
29575.9 2902.79 2987.25
30154.1 2751.78 2834.35
30743.7 2608.26 2688.98
31344.8 2471.88 2550.8
31957.7 2342.3 2419.46
32582.6 2219.21 2294.66
33219.7 2102.31 2176.08
33869.2 1991.3 2063.45
34531.4 1885.92 1956.47
35206.6 1785.88 1854.88
35894.9 1690.94 1758.43
36596.8 1600.84 1666.87
37312.3 1515.37 1579.96
38041.9 1434.3 1497.49
38785.7 1357.4 1419.24
39544.1 1284.48 1344.99
40317.3 1215.34 1274.57
41105.6 1149.8 1207.77
41909.3 1087.68 1144.43
42728.7 1028.81 1084.37
43564.2 973.022 1027.42
44416 920.17 973.446
45284.4 870.106 922.286
46169.8 822.688 873.802
47072.6 777.78 827.857
47992.9 735.257 784.325
48931.3 694.999 743.085
49888.1 656.89 704.021
50863.5 620.818 667.02
51858 586.68 631.978
52871.9 554.376 598.796
53905.7 523.809 567.374
54959.7 494.892 537.626
56034.3 467.537 509.464
57129.9 441.665 482.806
58247 417.196 457.573
59385.8 394.057 433.691
60547 372.178 411.09
61730.8 351.493 389.703
62937.8 331.938 369.465
64168.4 313.454 350.318
65423.1 295.982 332.201
66702.2 279.472 315.063
68006.4 263.869 298.851
69336.1 249.126 283.514
70691.8 235.196 269.008
72074.1 222.035 255.286
73483.3 209.604 242.31
74920.1 197.86 230.036
76384.9 186.768 218.428
77878.4 176.292 207.451
79401.2 166.399 197.07
80953.6 157.057 187.253
82536.5 148.235 177.969
84150.3 139.906 169.191
85795.6 132.042 160.89
87473.2 124.617 153.04
89183.5 117.608 145.617
90927.2 110.992 138.598
92705.1 104.747 131.96
94517.8 98.8523 125.683
96365.8 93.2888 119.748
98249.9 88.038 114.134
100171 83.0822 108.825
102130 78.4056 103.805
104126 73.9924 99.056
106162 69.828 94.5646
108238 65.8982 90.316
110354 62.1904 86.2972
112512 58.6916 82.4951
114712 55.3907 78.8983
116955 52.276 75.4947
119242 49.3376 72.2743
#S  38 Sr
#N 3
#L PhotonEnergy[eV]  Photoelectric[barn/atom]  Total[barn/atom]
2004.49 389089 389888
2043.68 523095 523891
2083.64 498714 499507
2124.38 475424 476214
2165.92 453178 453966
2208.27 431933 432718
2251.44 477508 478289
2295.47 455036 455814
2340.35 433580 434354
2386.11 413096 413866
2432.76 393543 394310
2480.33 374880 375643
2528.82 357068 357826
2578.27 340071 340824
2628.68 323851 324601
2680.08 308376 309121
2732.48 293612 294352
2785.91 279529 280264
2840.38 266096 266826
2895.92 253285 254010
2952.54 241068 241787
3010.27 229418 230131
3069.12 218310 219019
3129.14 207720 208423
3190.32 197626 198323
3252.7 188004 188695
3316.3 178834 179519
3381.14 170095 170774
3447.25 161767 162440
3514.65 153833 154499
3583.37 146274 146934
3653.43 139073 139727
3724.87 132214 132861
3797.7 125681 126322
3871.95 119460 120094
3947.66 113536 114164
4024.84 107896 108517
4103.54 102526 103140
4183.77 97414.1 98021.2
4265.58 92548.2 93148.5
4348.98 87917.3 88510.6
4434.02 83509.8 84096.1
4520.71 79316 79895.4
4609.1 75325.5 75897.9
4699.22 71529.1 72094.4
4791.1 67917.7 68475.9
4884.78 64482.3 65033.4
4980.29 61215 61759
5077.67 58107.7 58644.5
5176.95 55152.9 55682.6
5278.17 52343.4 52865.9
5381.37 49672.3 50187.7
5486.59 47133 47641.2
5593.87 44719.2 45220.3
5703.24 42425.1 42919.1
5814.75 40244.9 40731.8
5928.45 38173.1 38652.8
6044.36 36204.5 36677.1
6162.55 34334.1 34799.7
6283.04 32557.3 33015.9
6405.89 30869.6 31321.1
6531.14 29266.5 29711
6658.84 27744.1 28181.6
6789.04 26298.3 26728.9
6921.78 24925.5 25349.2
7057.11 23622.2 24039.1
7195.1 22384.8 22794.9
7335.78 21210.3 21613.6
7479.22 20095.5 20492.1
7625.45 19037.5 19427.4
7774.55 18033.5 18416.7
7926.56 17080.8 17457.5
8081.55 16176.9 16547
8239.56 15319.4 15683
8400.67 14506 14863.2
8564.92 13734.4 14085.3
8732.38 13002.7 13347.2
8903.12 12308.7 12647.1
9077.2 11650.7 11982.9
9254.69 11026.9 11352.9
9435.64 10435.4 10755.4
9620.13 9874.75 10188.8
9808.22 9343.34 9651.44
10000 8839.66 9141.92
10195.5 8362.35 8658.83
10394.9 7910.05 8200.82
10598.1 7481.53 7766.66
10805.3 7075.55 7355.12
11016.6 6690.95 6965.02
11232 6326.66 6595.31
11451.6 5981.64 6244.94
11675.5 5654.91 5912.93
11903.8 5345.5 5598.32
12136.6 5052.54 5300.24
12373.9 4775.2 5017.84
12615.8 4512.64 4750.3
12862.5 4264.12 4496.88
13114 4028.9 4256.84
13370.4 3806.3 4029.48
13631.8 3595.65 3814.16
13898.4 3396.34 3610.24
14170.1 3207.78 3417.15
14447.1 3029.4 3234.32
14729.6 2860.66 3061.2
15017.6 2701.06 2897.3
15311.3 2550.13 2742.14
15610.6 2407.4 2595.26
15915.9 2272.45 2456.23
16227.1 15196.1 15375.8
16544.3 14480.2 14656.1
16867.8 13795.5 13967.5
17197.6 13140.7 13308.9
17533.9 12514.6 12679.1
17876.7 11916.3 12077.1
18226.3 11344.4 11501.7
18582.6 10798.1 10951.8
18946 10276.3 10426.6
19316.4 9777.98 9924.9
19694.1 9302.22 9445.84
20079.2 8848.09 8988.48
20471.8 8414.73 8551.95
20872 8001.24 8135.36
21280.1 7606.84 7737.92
21696.2 7230.69 7358.79
22120.4 6872.05 6997.25
22552.9 6530.13 6652.48
22993.9 6204.28 6323.85
23443.5 5893.77 6010.62
23901.9 5597.94 5712.12
24369.2 5316.17 5427.75
24845.7 5047.82 5156.86
25331.5 4792.33 4898.87
25826.8 4549.1 4653.22
26331.8 4317.6 4419.34
26846.6 4097.31 4196.73
27371.5 3887.71 3984.87
27906.7 3688.34 3783.28
28452.3 3498.72 3591.51
29008.7 3318.4 3409.08
29575.9 3146.97 3235.6
30154.1 2984.01 3070.64
30743.7 2829.14 2913.8
31344.8 2681.97 2764.72
31957.7 2542.13 2623.02
32582.6 2409.31 2488.38
33219.7 2283.14 2360.45
33869.2 2163.34 2238.92
34531.4 2049.58 2123.48
35206.6 1941.59 2013.85
35894.9 1839.09 1909.76
36596.8 1741.8 1810.91
37312.3 1649.5 1717.09
38041.9 1561.91 1628.03
38785.7 1478.83 1543.51
39544.1 1400.02 1463.3
40317.3 1325.29 1387.2
41105.6 1254.42 1315.01
41909.3 1187.23 1246.53
42728.7 1123.53 1181.57
43564.2 1063.16 1119.98
44416 1005.94 1061.57
45284.4 951.719 1006.19
46169.8 900.343 953.686
47072.6 851.67 903.917
47992.9 805.565 856.746
48931.3 761.895 812.039
49888.1 720.538 769.674
50863.5 681.375 729.53
51858 644.293 691.495
52871.9 609.188 655.462
53905.7 575.954 621.327
54959.7 544.499 588.996
56034.3 514.727 558.372
57129.9 486.553 529.371
58247 459.894 501.906
59385.8 434.669 475.899
60547 410.805 451.275
61730.8 388.231 427.961
62937.8 366.877 405.889
64168.4 346.681 384.995
65423.1 327.579 365.214
66702.2 309.517 346.493
68006.4 292.438 328.772
69336.1 276.289 312
70691.8 261.022 296.127
72074.1 246.588 281.104
73483.3 232.944 266.888
74920.1 220.047 253.435
76384.9 207.858 240.705
77878.4 196.339 228.66
79401.2 185.452 217.262
80953.6 175.164 206.477
82536.5 165.443 196.272
84150.3 156.258 186.617
85795.6 147.58 177.482
87473.2 139.381 168.838
89183.5 131.636 160.66
90927.2 124.319 152.922
92705.1 117.407 145.6
94517.8 110.879 138.673
96365.8 104.713 132.118
98249.9 98.8889 125.916
100171 93.3883 120.047
102130 88.1937 114.494
104126 83.2878 109.239
106162 78.6551 104.266
108238 74.2802 99.5592
110354 70.1492 95.1048
112512 66.2482 90.8885
114712 62.565 86.8977
116955 59.0871 83.1197
119242 55.8034 79.5433
#S  39 Y
#N 3
#L PhotonEnergy[eV]  Photoelectric[barn/atom]  Total[barn/atom]
2004.49 107634 108473
2043.68 102684 103520
2083.64 395759 396592
2124.38 376906 377737
2165.92 506089 506917
2208.27 481918 482742
2251.44 458870 459692
2295.47 436897 437715
2340.35 415948 416762
2386.11 459333 460142
2432.76 437250 438056
2480.33 416202 417003
2528.82 396139 396936
2578.27 377020 377813
2628.68 358800 359588
2680.08 341438 342220
2732.48 324894 325671
2785.91 309131 309904
2840.38 294114 294881
2895.92 279807 280569
2952.54 266180 266936
3010.27 253199 253949
3069.12 240835 241580
3129.14 229059 229798
3190.32 217846 218579
3252.7 207168 207894
3316.3 196999 197720
3381.14 187318 188032
3447.25 178100 178808
3514.65 169325 170027
3583.37 160972 161667
3653.43 153021 153709
3724.87 145452 146133
3797.7 138249 138924
3871.95 131394 132062
3947.66 124871 125531
4024.84 118664 119317
4103.54 112758 113404
4183.77 107138 107777
4265.58 101792 102424
4348.98 96706.7 97331.2
4434.02 91868.8 92486
4520.71 87267.5 87877.3
4609.1 82891 83493.4
4699.22 78729 79324
4791.1 74771 75358.6
4884.78 71007 71587.2
4980.29 67428.3 68001
5077.67 64025.6 64590.7
5176.95 60790.8 61348.4
5278.17 57715.4 58265.6
5381.37 54792 55334.7
5486.59 52013.2 52548.4
5593.87 49372.2 49899.9
5703.24 46862.1 47382.3
5814.75 44476.8 44989.5
5928.45 42210 42715.2
6044.36 40056.2 40553.9
6162.55 38009.6 38500
6283.04 36065.3 36548.3
6405.89 34218.2 34693.8
6531.14 32463.5 32931.8
6658.84 30796.8 31257.8
6789.04 29213.7 29667.3
6921.78 27710.2 28156.6
7057.11 26282.4 26721.6
7195.1 24926.4 25358.4
7335.78 23638.8 24063.7
7479.22 22416.3 22834.1
7625.45 21255.6 21666.4
7774.55 20153.6 20557.5
7926.56 19107.6 19504.5
8081.55 18114.6 18504.6
8239.56 17172.1 17555.3
8400.67 16277.5 16654
8564.92 15428.6 15798.4
8732.38 14622.9 14986.1
8903.12 13858.4 14215
9077.2 13133 13483.1
9254.69 12444.8 12788.4
9435.64 11791.8 12129.1
9620.13 11172.3 11503.4
9808.22 10584.7 10909.5
10000 10027.4 10346
10195.5 9498.75 9811.32
10394.9 8997.38 9303.94
10598.1 8521.93 8822.55
10805.3 8071.06 8365.82
11016.6 7643.53 7932.5
11232 7238.18 7521.44
11451.6 6853.86 7131.49
11675.5 6489.53 6761.6
11903.8 6144.16 6410.76
12136.6 5816.78 6077.97
12373.9 5506.48 5762.35
12615.8 5212.4 5463.02
12862.5 4933.68 5179.14
13114 4669.58 4909.95
13370.4 4419.31 4654.66
13631.8 4182.18 4412.61
13898.4 3957.51 4183.08
14170.1 3744.66 3965.46
14447.1 3543.03 3759.14
14729.6 3352.03 3563.52
15017.6 3171.12 3378.07
15311.3 2999.77 3202.26
15610.6 2837.5 3035.61
15915.9 2683.84 2877.64
16227.1 2538.31 2727.89
16544.3 2400.53 2585.95
16867.8 2270.07 2451.42
17197.6 14753.4 14930.8
17533.9 14052.7 14226.1
17876.7 13382.6 13552.2
18226.3 12742 12907.8
18582.6 12129.8 12291.9
18946 11544.8 11703.3
19316.4 10986 11141
19694.1 10452.4 10603.8
20079.2 9942.83 10090.8
20471.8 9456.42 9601.09
20872 8992.22 9133.6
21280.1 8549.31 8687.49
21696.2 8126.8 8261.84
22120.4 7723.86 7855.83
22552.9 7339.66 7468.62
22993.9 6973.42 7099.44
23443.5 6624.37 6747.51
23901.9 6291.75 6412.08
24369.2 5974.9 6092.48
24845.7 5673.1 5787.99
25331.5 5385.72 5497.98
25826.8 5112.1 5221.79
26331.8 4851.65 4958.83
26846.6 4603.79 4708.52
27371.5 4367.95 4470.28
27906.7 4143.59 4243.58
28452.3 3930.2 4027.91
29008.7 3727.26 3822.74
29575.9 3534.33 3627.64
30154.1 3350.92 3442.11
30743.7 3176.61 3265.72
31344.8 3010.97 3098.07
31957.7 2853.59 2938.72
32582.6 2704.1 2787.31
33219.7 2562.11 2643.45
33869.2 2427.29 2506.8
34531.4 2299.28 2377.01
35206.6 2177.77 2253.76
35894.9 2062.43 2136.73
36596.8 1952.98 2025.63
37312.3 1849.14 1920.18
38041.9 1750.62 1820.1
38785.7 1657.17 1725.13
39544.1 1568.54 1635.02
40317.3 1484.5 1549.54
41105.6 1404.83 1468.46
41909.3 1329.29 1391.55
42728.7 1257.7 1318.63
43564.2 1189.85 1249.48
44416 1125.55 1183.92
45284.4 1064.63 1121.78
46169.8 1006.93 1062.88
47072.6 952.262 1007.05
47992.9 900.49 954.149
48931.3 851.464 904.024
49888.1 805.044 856.535
50863.5 761.095 811.546
51858 719.491 768.931
52871.9 680.112 728.57
53905.7 642.841 690.343
54959.7 607.573 654.146
56034.3 574.2 619.869
57129.9 542.626 587.418
58247 512.756 556.693
59385.8 484.501 527.609
60547 457.777 500.078
61730.8 432.502 474.019
62937.8 408.601 449.356
64168.4 386.002 426.016
65423.1 364.633 403.927
66702.2 344.433 383.027
68006.4 325.336 363.25
69336.1 307.285 344.538
70691.8 290.224 326.834
72074.1 274.099 310.084
73483.3 258.861 294.24
74920.1 244.462 279.25
76384.9 230.856 265.07
77878.4 218.001 251.658
79401.2 205.856 238.97
80953.6 194.383 226.97
82536.5 183.545 215.619
84150.3 173.308 204.883
85795.6 163.638 194.728
87473.2 154.506 185.124
89183.5 145.881 176.04
90927.2 137.736 167.448
92705.1 130.044 159.322
94517.8 122.78 151.636
96365.8 115.922 144.366
98249.9 109.447 137.489
100171 103.333 130.985
102130 97.5604 124.833
104126 92.1107 119.013
106162 86.9659 113.507
108238 82.1088 108.299
110354 77.5241 103.372
112512 73.1958 98.7095
114712 69.1104 94.2986
116955 65.2538 90.1244
119242 61.6137 86.1745
#S  40 Zr
#N 3
#L PhotonEnergy[eV]  Photoelectric[barn/atom]  Total[barn/atom]
2004.49 121897 122780
2043.68 116132 117012
2083.64 110640 111517
2124.38 105407 106282
2165.92 100422 101293
2208.27 95672.6 96540.6
2251.44 362672 363537
2295.47 345288 346148
2340.35 463485 464342
2386.11 441207 442059
2432.76 419971 420819
2480.33 399729 400573
2528.82 380438 381277
2578.27 419981 420815
2628.68 399657 400486
2680.08 380290 381115
2732.48 361838 362657
2785.91 344257 345070
2840.38 327508 328316
2895.92 311552 312355
2952.54 296354 297150
3010.27 281877 282668
3069.12 268090 268875
3129.14 254959 255737
3190.32 242456 243227
3252.7 230549 231315
3316.3 219212 219971
3381.14 208419 209171
3447.25 198143 198888
3514.65 188361 189099
3583.37 179050 179781
3653.43 170187 170911
3724.87 161752 162469
3797.7 153724 154434
3871.95 146085 146788
3947.66 138816 139512
4024.84 131900 132588
4103.54 125319 126000
4183.77 119059 119732
4265.58 113104 113770
4348.98 107440 108097
4434.02 102051 102701
4520.71 96927.3 97569.5
4609.1 92053.9 92688.4
4699.22 87419.6 88046.4
4791.1 83013 83631.9
4884.78 78822.9 79434
4980.29 74839.5 75442.7
5077.67 71052.3 71647.6
5176.95 67452.2 68039.7
5278.17 64030.1 64609.7
5381.37 60777.5 61349.1
5486.59 57686.1 58249.9
5593.87 54748.3 55304.2
5703.24 51956.5 52504.5
5814.75 49303.8 49843.9
5928.45 46783.2 47315.5
6044.36 44388.5 44912.9
6162.55 42113.5 42630.1
6283.04 39952.3 40461.1
6405.89 37899.5 38400.6
6531.14 35949.6 36443
6658.84 34097.8 34583.5
6789.04 32339.1 32817.1
6921.78 30669.1 31139.4
7057.11 29083.3 29546.1
7195.1 27577.6 28032.8
7335.78 26148.1 26595.8
7479.22 24790.9 25231.2
7625.45 23502.7 23935.5
7774.55 22279.8 22705.3
7926.56 21119.1 21537.4
8081.55 20017.5 20428.5
8239.56 18972.1 19375.9
8400.67 17980 18376.8
8564.92 17038.7 17428.4
8732.38 16145.5 16528.2
8903.12 15298.1 15673.9
9077.2 14494.2 14863.2
9254.69 13731.6 14093.8
9435.64 13008.2 13363.7
9620.13 12322.1 12671
9808.22 11671.4 12013.7
10000 11054.2 11390.1
10195.5 10469.1 10798.5
10394.9 9914.16 10237.2
10598.1 9388.04 9704.88
10805.3 8889.24 9199.91
11016.6 8416.33 8720.9
11232 7968.07 8266.62
11451.6 7543.14 7835.76
11675.5 7140.4 7427.16
11903.8 6758.7 7039.68
12136.6 6396.96 6672.25
12373.9 6054.18 6323.85
12615.8 5729.36 5993.5
12862.5 5421.6 5680.29
13114 5130.02 5383.36
13370.4 4853.8 5101.85
13631.8 4592.13 4834.98
13898.4 4344.27 4582.01
14170.1 4109.5 4342.21
14447.1 3887.17 4114.92
14729.6 3676.6 3899.48
15017.6 3477.21 3695.31
15311.3 3288.4 3501.79
15610.6 3109.63 3318.4
15915.9 2940.38 3144.62
16227.1 2780.15 2979.93
16544.3 2628.48 2823.87
16867.8 2484.9 2675.99
17197.6 2349.01 2535.89
17533.9 2220.4 2403.13
17876.7 2098.69 2277.36
18226.3 13467.2 13641.9
18582.6 12839.8 13010.6
18946 12238.9 12405.9
19316.4 11663.6 11826.8
19694.1 11113 11272.5
20079.2 10586.1 10742
20471.8 10082 10234.4
20872 9599.97 9748.89
21280.1 9139.08 9284.61
21696.2 8698.54 8840.75
22120.4 8277.58 8416.55
22552.9 7875.41 8011.2
22993.9 7491.33 7624.02
23443.5 7124.6 7254.25
23901.9 6774.51 6901.19
24369.2 6440.42 6564.19
24845.7 6121.66 6242.59
25331.5 5817.62 5935.77
25826.8 5527.66 5643.09
26331.8 5251.21 5364
26846.6 4987.72 5097.92
27371.5 4736.62 4844.28
27906.7 4497.39 4602.58
28452.3 4269.52 4372.3
29008.7 4052.51 4152.94
29575.9 3845.92 3944.05
30154.1 3649.26 3745.14
30743.7 3462.1 3555.8
31344.8 3284.03 3375.59
31957.7 3114.64 3204.11
32582.6 2953.53 3040.98
33219.7 2800.34 2885.8
33869.2 2654.71 2738.24
34531.4 2516.28 2597.93
35206.6 2384.74 2464.55
35894.9 2259.75 2337.78
36596.8 2141.02 2217.3
37312.3 2028.26 2102.85
38041.9 1921.18 1994.12
38785.7 1819.52 1890.85
39544.1 1723.02 1792.78
40317.3 1631.43 1699.66
41105.6 1544.53 1611.27
41909.3 1462.08 1527.37
42728.7 1383.86 1447.74
43564.2 1309.68 1372.19
44416 1239.33 1300.51
45284.4 1172.64 1232.52
46169.8 1109.42 1168.03
47072.6 1049.49 1106.87
47992.9 992.697 1048.88
48931.3 938.884 993.907
49888.1 887.904 941.795
50863.5 839.609 892.4
51858 793.869 845.589
52871.9 750.552 801.232
53905.7 709.535 759.203
54959.7 670.704 719.388
56034.3 633.944 681.672
57129.9 599.153 645.95
58247 566.225 612.119
59385.8 535.066 580.081
60547 505.585 549.745
61730.8 477.695 521.025
62937.8 451.312 493.835
64168.4 426.359 468.098
65423.1 402.759 443.735
66702.2 380.443 420.678
68006.4 359.342 398.857
69336.1 339.393 378.207
70691.8 320.534 358.668
72074.1 302.707 340.179
73483.3 285.858 322.687
74920.1 269.934 306.139
76384.9 254.887 290.483
77878.4 240.667 275.673
79401.2 227.233 261.665
80953.6 214.541 248.414
82536.5 202.55 235.881
84150.3 191.224 224.027
85795.6 180.526 212.815
87473.2 170.422 202.212
89183.5 160.88 192.184
90927.2 151.868 182.7
92705.1 143.359 173.731
94517.8 135.324 165.248
96365.8 127.738 157.226
98249.9 120.576 149.64
100171 113.814 142.465
102130 107.43 135.68
104126 101.404 129.263
106162 95.7164 123.194
108238 90.3473 117.453
110354 85.28 112.024
112512 80.4969 106.888
114712 75.983 102.03
116955 71.7227 97.4346
119242 67.7024 93.0872
#S  41 Nb
#N 3
#L PhotonEnergy[eV]  Photoelectric[barn/atom]  Total[barn/atom]
2004.49 133785 134722
2043.68 127459 128394
2083.64 121433 122365
2124.38 115691 116620
2165.92 110221 111146
2208.27 105010 105931
2251.44 100045 100962
2295.47 95314.7 96227.9
2340.35 90808.1 91717.1
2386.11 326989 327893
2432.76 311878 312778
2480.33 419385 420280
2528.82 399923 400813
2578.27 381326 382210
2628.68 363556 364435
2680.08 346578 347452
2732.48 383217 384085
2785.91 365246 366108
2840.38 348082 348938
2895.92 331691 332541
2952.54 316040 316884
3010.27 301096 301933
3069.12 286829 287660
3129.14 273210 274034
3190.32 260211 261029
3252.7 247806 248616
3316.3 235967 236770
3381.14 224671 225467
3447.25 213893 214683
3514.65 203612 204394
3583.37 193806 194580
3653.43 184452 185219
3724.87 175532 176292
3797.7 167026 167778
3871.95 158917 159660
3947.66 151185 151921
4024.84 143815 144543
4103.54 136790 137510
4183.77 130095 130807
4265.58 123714 124418
4348.98 117635 118331
4434.02 111843 112530
4520.71 106325 107005
4609.1 101069 101740
4699.22 96063.6 96726.5
4791.1 91296.2 91950.8
4884.78 86756.4 87402.7
4980.29 82434.2 83072.1
5077.67 78318.9 78948.4
5176.95 74401.7 75022.9
5278.17 70673.1 71285.9
5381.37 67124.4 67728.9
5486.59 63747.5 64343.5
5593.87 60534.2 61121.9
5703.24 57476.9 58056.3
5814.75 54568.6 55139.6
5928.45 51802 52364.7
6044.36 49170.6 49725
6162.55 46668.2 47214.2
6283.04 44288.5 44826.3
6405.89 42026 42555.6
6531.14 39874.8 40396.2
6658.84 37829.9 38343.1
6789.04 35886.2 36391.3
6921.78 34038.8 34535.9
7057.11 32283.3 32772.4
7195.1 30615.2 31096.2
7335.78 29030.3 29503.4
7479.22 27524.5 27989.8
7625.45 26094.3 26551.8
7774.55 24735.8 25185.5
7926.56 23445.6 23887.6
8081.55 22220.4 22654.8
8239.56 21057.2 21483.9
8400.67 19952.7 20372
8564.92 18904.3 19316
8732.38 17909.1 18313.5
8903.12 16964.5 17361.6
9077.2 16068.2 16458
9254.69 15217.6 15600.3
9435.64 14410.6 14786.2
9620.13 13644.9 14013.5
9808.22 12918.6 13280.3
10000 12229.8 12584.6
10195.5 11576.5 11924.5
10394.9 10956.9 11298.2
10598.1 10369.4 10704.2
10805.3 9812.49 10140.7
11016.6 9284.47 9606.23
11232 8784 9099.39
11451.6 8309.61 8618.73
11675.5 7860.07 8163
11903.8 7434.07 7730.9
12136.6 7030.45 7321.25
12373.9 6648.05 6932.93
12615.8 6285.81 6564.85
12862.5 5942.7 6215.98
13114 5617.75 5885.35
13370.4 5310.01 5572.03
13631.8 5018.62 5275.15
13898.4 4742.73 4993.85
14170.1 4481.54 4727.34
14447.1 4234.32 4474.88
14729.6 4000.31 4235.73
15017.6 3778.85 4009.21
15311.3 3569.28 3794.67
15610.6 3371 3591.5
15915.9 3183.4 3399.1
16227.1 3005.93 3216.91
16544.3 2838.07 3044.42
16867.8 2679.29 2881.1
17197.6 2529.16 2726.5
17533.9 2387.18 2580.15
17876.7 2252.94 2441.62
18226.3 2126.03 2310.49
18582.6 2006.07 2186.4
18946 1892.68 2068.96
19316.4 12835.4 13007.7
19694.1 12226.4 12394.8
20079.2 11644.2 11808.8
20471.8 11087.6 11248.5
20872 10555.7 10712.9
21280.1 10047.4 10201.1
21696.2 9561.95 9712.07
22120.4 9098.31 9244.99
22552.9 8655.61 8798.93
22993.9 8233.04 8373.07
23443.5 7829.74 7966.56
23901.9 7444.93 7578.61
24369.2 7077.87 7208.47
24845.7 6727.77 6855.36
25331.5 6393.96 6518.62
25826.8 6075.73 6197.52
26331.8 5772.42 5891.4
26846.6 5483.39 5599.62
27371.5 5208.02 5321.58
27906.7 4945.73 5056.67
28452.3 4695.95 4804.34
29008.7 4458.11 4564
29575.9 4231.71 4335.17
30154.1 4016.22 4117.3
30743.7 3811.18 3909.94
31344.8 3616.08 3712.58
31957.7 3430.5 3524.79
32582.6 3254.01 3346.15
33219.7 3086.18 3176.22
33869.2 2926.62 3014.62
34531.4 2774.96 2860.96
35206.6 2630.82 2714.87
35894.9 2493.86 2576.01
36596.8 2363.73 2444.04
37312.3 2240.13 2318.64
38041.9 2122.73 2199.49
38785.7 2011.26 2086.31
39544.1 1905.41 1978.8
40317.3 1804.94 1876.71
41105.6 1709.58 1779.77
41909.3 1619.08 1687.73
42728.7 1533.21 1600.37
43564.2 1451.74 1517.44
44416 1374.46 1438.75
45284.4 1301.16 1364.08
46169.8 1231.66 1293.23
47072.6 1165.75 1226.02
47992.9 1103.27 1162.27
48931.3 1044.04 1101.81
49888.1 987.91 1044.47
50863.5 934.712 990.105
51858 884.304 938.56
52871.9 836.544 889.696
53905.7 791.299 843.376
54959.7 748.444 799.477
56034.3 707.855 757.872
57129.9 669.419 718.448
58247 633.023 681.092
59385.8 598.564 645.7
60547 565.942 612.171
61730.8 535.065 580.411
62937.8 505.838 550.328
64168.4 478.18 521.836
65423.1 452.006 494.852
66702.2 427.241 469.3
68006.4 403.811 445.104
69336.1 381.645 422.195
70691.8 360.678 400.504
72074.1 340.846 379.969
73483.3 322.089 360.53
74920.1 304.351 342.127
76384.9 287.578 324.709
77878.4 271.718 308.221
79401.2 256.723 292.616
80953.6 242.547 277.847
82536.5 229.145 263.868
84150.3 216.478 250.64
85795.6 204.504 238.121
87473.2 193.188 226.274
89183.5 182.493 215.064
90927.2 172.387 204.455
92705.1 162.836 194.416
94517.8 153.811 184.916
96365.8 145.285 175.927
98249.9 137.229 167.421
100171 129.618 159.372
102130 122.428 151.755
104126 115.636 144.548
106162 109.22 137.727
108238 103.159 131.272
110354 97.4346 125.164
112512 92.0275 119.383
114712 86.9212 113.912
116955 82.0981 108.733
119242 77.5434 103.832
#S  42 Mo
#N 3
#L PhotonEnergy[eV]  Photoelectric[barn/atom]  Total[barn/atom]
2004.49 151584 152572
2043.68 144464 145448
2083.64 137677 138658
2124.38 131210 132187
2165.92 125046 126020
2208.27 119172 120142
2251.44 113574 114539
2295.47 108238 109200
2340.35 103154 104110
2386.11 98308 99259.9
2432.76 93689.9 94636.8
2480.33 89288.6 90230.5
2528.82 313051 313988
2578.27 298342 299273
2628.68 400860 401785
2680.08 381956 382876
2732.48 363913 364826
2785.91 346691 347598
2840.38 330256 331156
2895.92 364902 365797
2952.54 347543 348431
3010.27 330979 331860
3069.12 315178 316053
3129.14 300105 300972
3190.32 285728 286588
3252.7 272016 272868
3316.3 258938 259783
3381.14 246468 247306
3447.25 234578 235408
3514.65 223242 224064
3583.37 212435 213250
3653.43 202134 202940
3724.87 192315 193114
3797.7 182957 183748
3871.95 174040 174822
3947.66 165542 166316
4024.84 157445 158211
4103.54 149732 150489
4183.77 142384 143133
4265.58 135384 136124
4348.98 128718 129450
4434.02 122368 123092
4520.71 116322 117037
4609.1 110565 111271
4699.22 105084 105781
4791.1 99865.8 100554
4884.78 94898 95577.9
4980.29 90169.9 90841
5077.67 85669.4 86331.8
5176.95 81386.8 82040.4
5278.17 77311.2 77956
5381.37 73433.4 74069.4
5486.59 69744 70371.2
5593.87 66234.1 66852.6
5703.24 62895.4 63505
5814.75 59719.8 60320.7
5928.45 56699.4 57291.6
6044.36 53827.2 54410.6
6162.55 51095.9 51670.7
6283.04 48498.9 49065
6405.89 46030 46587.5
6531.14 43682.9 44231.8
6658.84 41451.8 41992.2
6789.04 39331.2 39863
6921.78 37315.9 37839.3
7057.11 35400.8 35915.7
7195.1 33580.9 34087.5
7335.78 31851.9 32350.1
7479.22 30209.2 30699.1
7625.45 28648.7 29130.4
7774.55 27166.4 27640
7926.56 25758.6 26224.1
8081.55 24421.6 24879
8239.56 23151.9 23601.4
8400.67 21946.4 22388
8564.92 20801.8 21235.6
8732.38 19715.2 20141.2
8903.12 18683.6 19102
9077.2 17704.5 18115.3
9254.69 16775.3 17178.5
9435.64 15893.4 16289.2
9620.13 15056.6 15445
9808.22 14262.6 14643.7
10000 13509.2 13883.1
10195.5 12794.6 13161.4
10394.9 12116.6 12476.4
10598.1 11473.6 11826.5
10805.3 10863.8 11209.8
11016.6 10285.5 10624.7
11232 9737.1 10069.6
11451.6 9217.12 9543.03
11675.5 8724.18 9043.58
11903.8 8256.85 8569.83
12136.6 7813.88 8120.54
12373.9 7394.03 7694.44
12615.8 6996.12 7290.39
12862.5 6619.04 6907.25
13114 6261.76 6544.01
13370.4 5923.22 6199.6
13631.8 5602.5 5873.1
13898.4 5298.68 5563.59
14170.1 5010.89 5270.2
14447.1 4738.33 4992.13
14729.6 4480.19 4728.57
15017.6 4235.75 4478.81
15311.3 4004.29 4242.11
15610.6 3785.15 4017.83
15915.9 3577.7 3805.32
16227.1 3381.3 3603.96
16544.3 3195.42 3413.2
16867.8 3019.48 3232.48
17197.6 2852.99 3061.28
17533.9 2695.43 2899.11
17876.7 2546.36 2745.51
18226.3 2405.32 2600.03
18582.6 2271.89 2462.25
18946 2145.68 2331.76
19316.4 2026.3 2208.2
19694.1 1913.39 2091.19
20079.2 12608.9 12782.7
20471.8 12003.8 12173.6
20872 11425.9 11591.8
21280.1 10874.1 11036.3
21696.2 10347.3 10505.8
22120.4 9844.59 9999.46
22552.9 9364.83 9516.16
22993.9 8907.13 9054.99
23443.5 8470.54 8615
23901.9 8054.15 8195.29
24369.2 7657.13 7795.02
24845.7 7278.63 7413.35
25331.5 6917.88 7049.49
25826.8 6574.08 6702.65
26331.8 6246.51 6372.12
26846.6 5934.46 6057.17
27371.5 5637.23 5757.11
27906.7 5354.19 5471.31
28452.3 5084.7 5199.11
29008.7 4828.15 4939.92
29575.9 4583.97 4693.16
30154.1 4351.58 4458.27
30743.7 4130.48 4234.71
31344.8 3920.13 4021.97
31957.7 3720.04 3819.54
32582.6 3529.76 3626.99
33219.7 3348.82 3443.82
33869.2 3176.8 3269.63
34531.4 3013.27 3103.99
35206.6 2857.85 2946.51
35894.9 2710.15 2796.8
36596.8 2569.8 2654.49
37312.3 2436.47 2519.26
38041.9 2309.82 2390.75
38785.7 2189.53 2268.65
39544.1 2075.3 2152.66
40317.3 1966.84 2042.48
41105.6 1863.87 1937.83
41909.3 1766.12 1838.46
42728.7 1673.34 1744.09
43564.2 1585.3 1654.5
44416 1501.75 1569.45
45284.4 1422.49 1488.73
46169.8 1347.29 1412.11
47072.6 1275.96 1339.39
47992.9 1208.31 1270.39
48931.3 1144.16 1204.93
49888.1 1083.33 1142.82
50863.5 1025.65 1083.9
51858 970.98 1028.02
52871.9 919.153 975.021
53905.7 870.029 924.754
54959.7 823.476 877.091
56034.3 779.361 831.896
57129.9 737.562 789.046
58247 697.961 748.423
59385.8 660.446 709.915
60547 624.909 673.413
61730.8 591.252 638.816
62937.8 559.375 606.027
64168.4 529.19 574.954
65423.1 500.605 545.507
66702.2 473.542 517.606
68006.4 447.921 491.169
69336.1 423.666 466.122
70691.8 400.706 442.392
72074.1 378.974 419.911
73483.3 358.406 398.615
74920.1 338.941 378.442
76384.9 320.521 359.334
77878.4 303.091 341.235
79401.2 286.6 324.093
80953.6 270.997 307.859
82536.5 256.235 292.481
84150.3 242.271 277.92
85795.6 229.062 264.129
87473.2 216.568 251.069
89183.5 204.75 238.701
90927.2 193.574 226.989
92705.1 183.004 215.899
94517.8 173.007 205.396
96365.8 163.555 195.45
98249.9 154.617 186.033
100171 146.165 177.114
102130 138.174 168.668
104126 130.619 160.67
106162 123.476 153.096
108238 116.723 145.923
110354 110.34 139.131
112512 104.304 132.697
114712 98.6 126.604
116955 93.2073 120.833
119242 88.1102 115.367
#S  43 Tc
#N 3
#L PhotonEnergy[eV]  Photoelectric[barn/atom]  Total[barn/atom]
2004.49 170753 171784
2043.68 162850 163878
2083.64 155313 156337
2124.38 148124 149145
2165.92 141268 142286
2208.27 134730 135743
2251.44 128494 129504
2295.47 122547 123552
2340.35 116875 117876
2386.11 111466 112461
2432.76 106307 107297
2480.33 101386 102372
2528.82 96693.9 97673.9
2578.27 92218.6 93193.1
2628.68 87950.3 88919
2680.08 301442 302405
2732.48 287008 287964
2785.91 273244 274195
2840.38 366772 367716
2895.92 349132 350069
2952.54 332316 333246
3010.27 316286 317209
3069.12 349168 350085
3129.14 332276 333185
3190.32 316178 317080
3252.7 300838 301732
3316.3 286220 287107
3381.14 272294 273172
3447.25 259024 259895
3514.65 246384 247247
3583.37 234343 235198
3653.43 222874 223720
3724.87 211950 212789
3797.7 201548 202377
3871.95 191641 192462
3947.66 182208 183021
4024.84 173226 174030
4103.54 164675 165470
4183.77 156534 157321
4265.58 148785 149563
4348.98 141409 142178
4434.02 134389 135148
4520.71 127708 128458
4609.1 121349 122091
4699.22 115299 116032
4791.1 109543 110267
4884.78 104066 104780
4980.29 98855.6 99560.8
5077.67 93899.1 94595.1
5176.95 89184.6 89871.5
5278.17 84700.5 85378.2
5381.37 80435.9 81104.3
5486.59 76380.3 77039.5
5593.87 72523.8 73173.8
5703.24 68857 69497.8
5814.75 65370.8 66002.4
5928.45 62056.4 62678.8
6044.36 58905.7 59518.9
6162.55 55910.8 56514.9
6283.04 53064.3 53659.3
6405.89 50359 50944.9
6531.14 47788 48364.9
6658.84 45345 45912.8
6789.04 43023.5 43582.4
6921.78 40818.1 41368.1
7057.11 38722.7 39263.8
7195.1 36732.2 37264.5
7335.78 34841.5 35365
7479.22 33045.5 33560.3
7625.45 31340 31846.1
7774.55 29720.1 30217.7
7926.56 28181.9 28671
8081.55 26721.4 27202
8239.56 25334.7 25806.8
8400.67 24018.1 24482
8564.92 22768.3 23223.9
8732.38 21581.9 22029.4
8903.12 20455.9 20895.2
9077.2 19387.1 19818.4
9254.69 18372.8 18796.2
9435.64 17410.3 17825.9
9620.13 16497 16904.8
9808.22 15630.5 16030.6
10000 14808.3 15200.8
10195.5 14028.4 14413.4
10394.9 13288.6 13666.1
10598.1 12586.8 12957
10805.3 11921.3 12284.2
11016.6 11290 11645.9
11232 10691.5 11040.2
11451.6 10123.9 10465.7
11675.5 9585.69 9920.63
11903.8 9075.46 9403.62
12136.6 8591.73 8913.22
12373.9 8133.19 8448.09
12615.8 7698.55 8006.97
12862.5 7286.6 7588.63
13114 6896.19 7191.92
13370.4 6526.22 6815.74
13631.8 6175.62 6459.05
13898.4 5843.43 6120.85
14170.1 5528.7 5800.21
14447.1 5230.54 5496.24
14729.6 4948.08 5208.07
15017.6 4680.54 4934.9
15311.3 4427.12 4675.96
15610.6 4187.14 4430.54
15915.9 3959.86 4197.93
16227.1 3744.63 3977.47
16544.3 3540.85 3768.54
16867.8 3347.9 3570.54
17197.6 3165.24 3382.92
17533.9 2992.32 3205.13
17876.7 2828.63 3036.68
18226.3 2673.7 2877.07
18582.6 2527.08 2725.85
18946 2388.31 2582.58
19316.4 2257 2446.86
19694.1 2132.75 2318.28
20079.2 2015.19 2196.48
20471.8 1903.97 2081.11
20872 1798.75 1971.83
21280.1 11609.4 11778.5
21696.2 11061 11226.1
22120.4 10536.3 10697.6
22552.9 10034.5 10192.1
22993.9 9554.65 9708.64
23443.5 9096 9246.41
23901.9 8657.68 8804.6
24369.2 8238.93 8382.43
24845.7 7838.92 7979.07
25331.5 7456.97 7593.86
25826.8 7092.31 7226.01
26331.8 6744.26 6874.84
26846.6 6412.15 6539.68
27371.5 6095.3 6219.85
27906.7 5793.11 5914.75
28452.3 5504.96 5623.77
29008.7 5230.24 5346.28
29575.9 4968.42 5081.75
30154.1 4718.92 4829.61
30743.7 4481.22 4589.33
31344.8 4254.82 4360.42
31957.7 4039.22 4142.37
32582.6 3833.95 3934.71
33219.7 3638.56 3736.99
33869.2 3452.61 3548.76
34531.4 3275.68 3369.62
35206.6 3107.37 3199.15
35894.9 2947.28 3036.96
36596.8 2795.05 2882.67
37312.3 2650.32 2735.95
38041.9 2512.74 2596.42
38785.7 2381.99 2463.77
39544.1 2257.74 2337.68
40317.3 2139.71 2217.85
41105.6 2027.59 2103.98
41909.3 1921.11 1995.8
42728.7 1819.99 1893.03
43564.2 1724.01 1795.42
44416 1632.88 1702.73
45284.4 1546.41 1614.73
46169.8 1464.35 1531.18
47072.6 1386.49 1451.88
47992.9 1312.64 1376.62
48931.3 1242.59 1305.2
49888.1 1176.15 1237.44
50863.5 1113.17 1173.16
51858 1053.45 1112.18
52871.9 996.841 1054.35
53905.7 943.187 999.506
54959.7 892.345 947.509
56034.3 844.167 898.208
57129.9 798.526 851.475
58247 755.289 807.176
59385.8 714.336 765.192
60547 675.552 725.406
61730.8 638.827 687.706
62937.8 604.055 651.987
64168.4 571.136 618.149
65423.1 539.973 586.092
66702.2 510.479 555.73
68006.4 482.566 526.973
69336.1 456.152 499.739
70691.8 431.159 473.948
72074.1 407.512 449.527
73483.3 385.143 426.406
74920.1 363.982 404.514
76384.9 343.969 383.79
77878.4 325.04 364.172
79401.2 307.141 345.601
80953.6 290.216 328.024
82536.5 274.211 311.386
84150.3 259.082 295.641
85795.6 244.778 280.739
87473.2 231.257 266.636
89183.5 218.478 253.29
90927.2 206.398 240.661
92705.1 194.982 228.71
94517.8 184.194 217.401
96365.8 174 206.701
98249.9 164.367 196.576
100171 155.265 186.995
102130 146.665 177.93
104126 138.541 169.352
106162 130.866 161.235
108238 123.616 153.555
110354 116.767 146.288
112512 110.297 139.411
114712 104.187 132.904
116955 98.4154 126.745
119242 92.9643 120.917
#S  44 Ru
#N 3
#L PhotonEnergy[eV]  Photoelectric[barn/atom]  Total[barn/atom]
2004.49 189695 190789
2043.68 180799 181889
2083.64 172320 173406
2124.38 164238 165321
2165.92 156535 157614
2208.27 149194 150269
2251.44 142197 143268
2295.47 135528 136594
2340.35 129171 130233
2386.11 123113 124170
2432.76 117339 118390
2480.33 111836 112882
2528.82 106591 107631
2578.27 101592 102626
2628.68 96827.5 97855.5
2680.08 92286.3 93308
2732.48 87958 88973.3
2785.91 83832.9 84841.4
2840.38 274414 275416
2895.92 261534 262529
2952.54 249237 250225
3010.27 334871 335851
3069.12 319068 320041
3129.14 303984 304949
3190.32 289587 290544
3252.7 319984 320933
3316.3 304774 305715
3381.14 290262 291194
3447.25 276416 277340
3514.65 263206 264122
3583.37 250606 251513
3653.43 238588 239486
3724.87 227125 228015
3797.7 216194 217074
3871.95 205770 206642
3947.66 195832 196694
4024.84 186357 187210
4103.54 177324 178168
4183.77 168714 169549
4265.58 160508 161333
4348.98 152688 153503
4434.02 145234 146040
4520.71 138133 138930
4609.1 131367 132154
4699.22 124922 125699
4791.1 118782 119549
4884.78 112933 113691
4980.29 107363 108111
5077.67 102059 102797
5176.95 97007.8 97736
5278.17 92198.5 92916.8
5381.37 87619.7 88328.2
5486.59 83260.9 83959.5
5593.87 79111.7 79800.6
5703.24 75162.7 75841.8
5814.75 71404.4 72073.7
5928.45 67828 68487.4
6044.36 64424.8 65074.5
6162.55 61187 61826.9
6283.04 58106.7 58736.9
6405.89 55176.5 55797.1
6531.14 52389.3 53000.2
6658.84 49738.6 50339.9
6789.04 47217.5 47809.3
6921.78 44820.5 45402.8
7057.11 42541.3 43114.1
7195.1 40374.2 40937.7
7335.78 38314.3 38868.4
7479.22 36356.1 36900.9
7625.45 34494.9 35030.5
7774.55 32726.1 33252.5
7926.56 31045.1 31562.5
8081.55 29447.9 29956.3
8239.56 27930.4 28429.8
8400.67 26488.7 26979.2
8564.92 25119.1 25600.9
8732.38 23818.3 24291.4
8903.12 22582.7 23047.2
9077.2 21409.4 21865.3
9254.69 20295.2 20742.7
9435.64 19237.3 19676.4
9620.13 18232.8 18663.7
9808.22 17279.3 17702
10000 16374.1 16788.7
10195.5 15515.1 15921.6
10394.9 14699.7 15098.4
10598.1 13926 14316.9
10805.3 13191.8 13575
11016.6 12495.1 12870.7
11232 11834.3 12202.4
11451.6 11207.3 11568
11675.5 10612.6 10966
11903.8 10048.6 10394.8
12136.6 9513.74 9852.81
12373.9 9006.5 9338.58
12615.8 8525.55 8850.74
12862.5 8069.55 8387.95
13114 7637.28 7948.98
13370.4 7227.49 7532.61
13631.8 6839.1 7137.74
13898.4 6470.98 6763.24
14170.1 6122.14 6408.12
14447.1 5791.59 6071.4
14729.6 5478.38 5752.12
15017.6 5181.66 5449.44
15311.3 4900.56 5162.48
15610.6 4634.3 4890.46
15915.9 4382.12 4632.62
16227.1 4143.28 4388.22
16544.3 3917.11 4156.6
16867.8 3702.95 3937.08
17197.6 3500.2 3729.07
17533.9 3308.24 3531.96
17876.7 3126.53 3345.19
18226.3 2954.54 3168.23
18582.6 2791.76 3000.59
18946 2637.72 2841.77
19316.4 2491.95 2691.32
19694.1 2354.02 2548.81
20079.2 2223.53 2413.83
20471.8 2100.08 2285.99
20872 1983.31 2164.91
21280.1 1872.87 2050.26
21696.2 1768.41 1941.67
22120.4 11296.6 11465.9
22552.9 10764.2 10929.5
22993.9 10254.7 10416.1
23443.5 9767.38 9925.01
23901.9 9301.31 9455.24
24369.2 8855.76 9006.07
24845.7 8429.86 8576.64
25331.5 8022.91 8166.24
25826.8 7634.14 7774.09
26331.8 7262.84 7399.49
26846.6 6908.31 7041.74
27371.5 6569.88 6700.16
27906.7 6246.9 6374.12
28452.3 5938.74 6062.96
29008.7 5644.78 5766.07
29575.9 5364.45 5482.88
30154.1 5097.16 5212.81
30743.7 4842.38 4955.3
31344.8 4599.57 4709.84
31957.7 4368.21 4475.9
32582.6 4147.83 4253
33219.7 3937.93 4040.64
33869.2 3738.09 3838.4
34531.4 3547.83 3645.81
35206.6 3366.75 3462.45
35894.9 3194.44 3287.92
36596.8 3030.49 3121.81
37312.3 2874.57 2963.78
38041.9 2726.27 2813.43
38785.7 2585.26 2670.43
39544.1 2451.22 2534.44
40317.3 2323.81 2405.14
41105.6 2202.74 2282.22
41909.3 2087.71 2165.4
42728.7 1978.43 2054.38
43564.2 1874.64 1948.89
44416 1776.08 1848.68
45284.4 1682.51 1753.5
46169.8 1593.68 1663.11
47072.6 1509.37 1577.28
47992.9 1429.36 1495.79
48931.3 1353.44 1418.43
49888.1 1281.42 1345.01
50863.5 1213.11 1275.34
51858 1148.32 1209.23
52871.9 1086.88 1146.51
53905.7 1028.64 1087.01
54959.7 973.421 1030.58
56034.3 921.083 977.067
57129.9 871.484 926.321
58247 824.484 878.207
59385.8 779.954 832.594
60547 737.768 789.356
61730.8 697.81 748.376
62937.8 659.966 709.538
64168.4 624.128 672.736
65423.1 590.194 637.864
66702.2 558.067 604.825
68006.4 527.654 573.527
69336.1 498.866 543.881
70691.8 471.621 515.8
72074.1 445.837 489.204
73483.3 421.439 464.019
74920.1 398.354 440.168
76384.9 376.516 417.586
77878.4 355.857 396.204
79401.2 336.316 375.96
80953.6 317.835 356.796
82536.5 300.355 338.653
84150.3 283.827 321.481
85795.6 268.199 305.226
87473.2 253.423 289.841
89183.5 239.453 275.279
90927.2 226.247 261.498
92705.1 213.764 248.455
94517.8 201.964 236.112
96365.8 190.812 224.431
98249.9 180.273 213.377
100171 170.312 202.916
102130 160.9 193.017
104126 152.007 183.65
106162 143.603 174.786
108238 135.663 166.397
110354 128.163 158.46
112512 121.076 150.947
114712 114.382 143.839
116955 108.057 137.112
119242 102.084 130.745
#S  45 Rh
#N 3
#L PhotonEnergy[eV]  Photoelectric[barn/atom]  Total[barn/atom]
2004.49 201617 202767
2043.68 191670 192816
2083.64 182213 183356
2124.38 173223 174362
2165.92 164676 165811
2208.27 156551 157682
2251.44 148827 149953
2295.47 141484 142606
2340.35 134503 135620
2386.11 127867 128978
2432.76 121558 122664
2480.33 115560 116661
2528.82 109858 110953
2578.27 104438 105527
2628.68 99285.4 100368
2680.08 94386.6 95462.3
2732.48 89729.6 90798.5
2785.91 85302.4 86364.4
2840.38 81093.6 82148.5
2895.92 77092.5 78140
2952.54 73288.8 74328.8
3010.27 259548 260580
3069.12 247274 248298
3129.14 235560 236576
3190.32 316379 317387
3252.7 301340 302340
3316.3 286992 287983
3381.14 273304 274287
3447.25 301885 302859
3514.65 287438 288403
3583.37 273659 274615
3653.43 260518 261465
3724.87 247987 248924
3797.7 236039 236966
3871.95 224647 225566
3947.66 213787 214696
4024.84 203434 204334
4103.54 193567 194456
4183.77 184162 185042
4265.58 175200 176069
4348.98 166660 167519
4434.02 158522 159371
4520.71 150768 151608
4609.1 143382 144211
4699.22 136346 137166
4791.1 129645 130454
4884.78 123262 124060
4980.29 117184 117972
5077.67 111395 112173
5176.95 105884 106652
5278.17 100637 101394
5381.37 95641.6 96388.4
5486.59 90886.6 91623
5593.87 86360.6 87086.6
5703.24 82052.9 82768.6
5814.75 77953.7 78659
5928.45 74052.8 74747.8
6044.36 70341.1 71025.8
6162.55 66809.9 67484.3
6283.04 63450.5 64114.6
6405.89 60254.9 60908.9
6531.14 57215.4 57859.2
6658.84 54324.6 54958.2
6789.04 51575.4 52198.9
6921.78 48961.3 49574.8
7057.11 46475.7 47079.3
7195.1 44112.4 44706.1
7335.78 41865.9 42449.6
7479.22 39730.3 40304.2
7625.45 37700.5 38264.7
7774.55 35771.3 36325.9
7926.56 33938 34483
8081.55 32195.8 32731.3
8239.56 30540.6 31066.6
8400.67 28968 29484.6
8564.92 27474 27981.4
8732.38 26054.8 26553
8903.12 24706.9 25195.9
9077.2 23426.7 23906.7
9254.69 22210.9 22682
9435.64 21056.5 21518.8
9620.13 19960.3 20413.8
9808.22 18919.6 19364.5
10000 17931.6 18368
10195.5 16993.8 17421.8
10394.9 16103.7 16523.3
10598.1 15258.9 15670.2
10805.3 14457.2 14860.4
11016.6 13696.4 14091.6
11232 12974.6 13361.8
11451.6 12289.7 12669.1
11675.5 11640.1 12011.8
11903.8 11023.8 11387.9
12136.6 10439.3 10795.9
12373.9 9884.88 10234.1
12615.8 9359.15 9701.08
12862.5 8860.62 9195.38
13114 8387.96 8715.65
13370.4 7939.82 8260.56
13631.8 7514.98 7828.87
13898.4 7112.26 7419.42
14170.1 6730.56 7031.09
14447.1 6368.81 6662.82
14729.6 6025.97 6313.57
15017.6 5701.12 5982.42
15311.3 5393.31 5668.43
15610.6 5101.69 5370.73
15915.9 4825.44 5088.5
16227.1 4563.74 4820.94
16544.3 4315.88 4567.31
16867.8 4081.13 4326.91
17197.6 3858.82 4099.05
17533.9 3648.31 3883.09
17876.7 3448.99 3678.43
18226.3 3260.28 3484.49
18582.6 3081.64 3300.71
18946 2912.53 3126.57
19316.4 2752.48 2961.58
19694.1 2601 2805.26
20079.2 2457.64 2657.18
20471.8 2321.99 2516.88
20872 2193.64 2383.99
21280.1 2072.21 2258.12
21696.2 1957.33 2138.88
22120.4 1848.67 2025.96
22552.9 1745.88 1919.01
22993.9 1648.68 1817.73
23443.5 10218 10383.1
23901.9 9741.74 9902.91
24369.2 9285.68 9443.03
24845.7 8849.05 9002.68
25331.5 8431.18 8581.17
25826.8 8031.35 8177.78
26331.8 7648.93 7791.89
26846.6 7283.22 7422.78
27371.5 6933.6 7069.85
27906.7 6599.48 6732.49
28452.3 6280.22 6410.07
29008.7 5975.24 6102.02
29575.9 5684.01 5807.77
30154.1 5405.94 5526.77
30743.7 5140.53 5258.5
31344.8 4887.28 5002.45
31957.7 4645.65 4758.1
32582.6 4415.2 4524.99
33219.7 4195.43 4302.64
33869.2 3985.93 4090.61
34531.4 3786.26 3888.48
35206.6 3595.98 3695.8
35894.9 3414.71 3512.2
36596.8 3242.04 3337.26
37312.3 3077.64 3170.64
38041.9 2921.1 3011.94
38785.7 2772.11 2860.86
39544.1 2630.32 2717.02
40317.3 2495.41 2580.12
41105.6 2367.08 2449.85
41909.3 2245.03 2325.91
42728.7 2128.97 2208.02
43564.2 2018.64 2095.9
44416 1913.76 1989.29
45284.4 1814.1 1887.94
46169.8 1719.41 1791.6
47072.6 1629.44 1700.04
47992.9 1544 1613.04
48931.3 1462.86 1530.38
49888.1 1385.82 1451.87
50863.5 1312.68 1377.31
51858 1243.26 1306.5
52871.9 1177.39 1239.28
53905.7 1114.88 1175.45
54959.7 1055.58 1114.88
56034.3 999.327 1057.39
57129.9 945.982 1002.84
58247 895.396 951.082
59385.8 847.434 901.983
60547 801.968 855.412
61730.8 758.873 811.243
62937.8 718.03 769.358
64168.4 679.33 729.645
65423.1 642.661 691.992
66702.2 607.927 656.301
68006.4 575.023 622.469
69336.1 543.861 590.405
70691.8 514.351 560.018
72074.1 486.408 531.224
73483.3 459.955 503.944
74920.1 434.911 478.097
76384.9 411.207 453.612
77878.4 388.771 430.418
79401.2 367.539 408.45
80953.6 347.45 387.645
82536.5 328.441 367.94
84150.3 310.458 349.282
85795.6 293.447 331.614
87473.2 277.356 314.884
89183.5 262.136 299.045
90927.2 247.743 284.049
92705.1 234.132 269.852
94517.8 221.262 256.412
96365.8 209.093 243.69
98249.9 197.589 231.647
100171 186.713 220.247
102130 176.432 209.457
104126 166.714 199.243
106162 157.529 189.575
108238 148.848 180.425
110354 140.644 171.764
112512 132.89 163.566
114712 125.565 155.807
116955 118.642 148.463
119242 112.101 141.511
#S  46 Pd
#N 3
#L PhotonEnergy[eV]  Photoelectric[barn/atom]  Total[barn/atom]
2004.49 231103 232320
2043.68 219875 221089
2083.64 209192 210403
2124.38 199028 200235
2165.92 189358 190561
2208.27 180159 181357
2251.44 171406 172599
2295.47 163078 164267
2340.35 155155 156338
2386.11 147617 148794
2432.76 140445 141617
2480.33 133621 134787
2528.82 127129 128289
2578.27 120953 122106
2628.68 115076 116223
2680.08 109485 110625
2732.48 104166 105298
2785.91 99105 100230
2840.38 94289.9 95407.4
2895.92 89708.8 90818.5
2952.54 85350.4 86452
3010.27 81203.5 82297
3069.12 77258.4 78343.5
3129.14 73504.6 74581.2
3190.32 238224 239292
3252.7 227094 228153
3316.3 216464 217514
3381.14 290899 291940
3447.25 277228 278259
3514.65 264175 265196
3583.37 251712 252724
3653.43 278184 279187
3724.87 265010 266002
3797.7 252435 253417
3871.95 240434 241406
3947.66 228982 229944
4024.84 218054 219006
4103.54 207627 208569
4183.77 197681 198612
4265.58 188193 189113
4348.98 179143 180053
4434.02 170512 171411
4520.71 162281 163170
4609.1 154433 155311
4699.22 146951 147817
4791.1 139817 140673
4884.78 133017 133862
4980.29 126536 127370
5077.67 120358 121182
5176.95 114472 115284
5278.17 108863 109664
5381.37 103519 104309
5486.59 98427.8 99206.9
5593.87 93578.1 94346.1
5703.24 88958.8 89715.8
5814.75 84559.5 85305.6
5928.45 80369.9 81105
6044.36 76380.7 77104.8
6162.55 72582.5 73295.7
6283.04 68966.5 69668.9
6405.89 65524.6 66216
6531.14 62248.3 62928.9
6658.84 59130.3 59800.2
6789.04 56163 56822.2
6921.78 53339.6 53988.1
7057.11 50653.3 51291.2
7195.1 48097.5 48724.9
7335.78 45666.4 46283.4
7479.22 43354 43960.5
7625.45 41154.8 41751
7774.55 39063.4 39649.3
7926.56 37074.7 37650.5
8081.55 35183.9 35749.5
8239.56 33386.3 33941.9
8400.67 31677.6 32223.3
8564.92 30053.5 30589.3
8732.38 28509.8 29035.9
8903.12 27042.8 27559.3
9077.2 25648.9 26155.8
9254.69 24324.5 24821.9
9435.64 23066.3 23554.3
9620.13 21871.1 22349.8
9808.22 20735.8 21205.4
10000 19657.6 20118.1
10195.5 18633.7 19085.2
10394.9 17661.3 18104
10598.1 16738.2 17172.1
10805.3 15861.7 16287.1
11016.6 15029.7 15446.6
11232 14240 14648.5
11451.6 13490.5 13890.6
11675.5 12779.3 13171.2
11903.8 12104.3 12488.2
12136.6 11463.9 11839.9
12373.9 10856.4 11224.5
12615.8 10280.1 10640.4
12862.5 9733.41 10086.2
13114 9214.93 9560.22
13370.4 8723.23 9061.16
13631.8 8256.97 8587.65
13898.4 7814.9 8138.44
14170.1 7395.78 7712.3
14447.1 6998.48 7308.1
14729.6 6621.87 6924.7
15017.6 6264.95 6561.11
15311.3 5926.67 6216.28
15610.6 5606.14 5889.32
15915.9 5302.44 5579.29
16227.1 5014.7 5285.33
16544.3 4742.13 5006.67
16867.8 4483.94 4742.49
17197.6 4239.41 4492.09
17533.9 4007.82 4254.74
17876.7 3788.52 4029.79
18226.3 3580.88 3816.61
18582.6 3384.3 3614.6
18946 3198.2 3423.18
19316.4 3022.05 3241.8
19694.1 2855.32 3069.97
20079.2 2697.54 2907.17
20471.8 2548.23 2752.96
20872 2406.95 2606.88
21280.1 2273.3 2468.53
21696.2 2146.85 2337.48
22120.4 2027.24 2213.37
22552.9 1914.12 2095.84
22993.9 1807.13 1984.55
23443.5 1705.96 1879.17
23901.9 1610.3 1779.39
24369.2 10545.3 10710.4
24845.7 10025.4 10186.5
25331.5 9529.66 9686.94
25826.8 9057.08 9210.61
26331.8 8606.66 8756.51
26846.6 8177.43 8323.7
27371.5 7768.49 7911.26
27906.7 7378.97 7518.32
28452.3 7007.99 7144.01
29008.7 6654.74 6787.5
29575.9 6318.44 6448.03
30154.1 5998.34 6124.84
30743.7 5693.71 5817.18
31344.8 5403.85 5524.37
31957.7 5128.09 5245.74
32582.6 4865.8 4980.64
33219.7 4616.34 4728.45
33869.2 4379.15 4488.6
34531.4 4153.65 4260.51
35206.6 3939.3 4043.63
35894.9 3735.58 3837.46
36596.8 3542 3641.47
37312.3 3358.08 3455.22
38041.9 3183.36 3278.23
38785.7 3017.41 3110.06
39544.1 2859.81 2950.31
40317.3 2710.17 2798.56
41105.6 2568.1 2654.45
41909.3 2433.24 2517.6
42728.7 2305.23 2387.66
43564.2 2183.76 2264.31
44416 2068.49 2147.21
45284.4 1959.14 2036.08
46169.8 1855.4 1930.61
47072.6 1757 1830.53
47992.9 1663.68 1735.57
48931.3 1575.19 1645.49
49888.1 1491.29 1560.04
50863.5 1411.75 1479
51858 1336.35 1402.13
52871.9 1264.88 1329.25
53905.7 1197.15 1260.13
54959.7 1132.97 1194.61
56034.3 1072.16 1132.49
57129.9 1014.54 1073.61
58247 959.964 1017.8
59385.8 908.265 964.905
60547 859.299 914.777
61730.8 812.928 867.277
62937.8 769.017 822.269
64168.4 727.44 779.627
65423.1 688.075 739.227
66702.2 650.809 700.957
68006.4 615.533 664.704
69336.1 582.143 630.366
70691.8 550.542 597.843
72074.1 520.633 567.039
73483.3 492.332 537.87
74920.1 465.552 510.245
76384.9 440.214 484.087
77878.4 416.241 459.317
79401.2 393.563 435.865
80953.6 372.11 413.66
82536.5 351.816 392.636
84150.3 332.622 372.733
85795.6 314.469 353.889
87473.2 297.3 336.051
89183.5 281.063 319.163
90927.2 265.71 303.177
92705.1 251.191 288.044
94517.8 237.463 273.718
96365.8 224.484 260.157
98249.9 212.213 247.321
100171 200.611 235.169
102130 189.643 223.667
104126 179.274 212.779
106162 169.473 202.472
108238 160.208 192.715
110354 151.45 183.478
112512 143.172 174.734
114712 135.348 166.457
116955 127.953 158.619
119242 120.964 151.2
#S  47 Ag
#N 3
#L PhotonEnergy[eV]  Photoelectric[barn/atom]  Total[barn/atom]
2004.49 253265 254533
2043.68 241387 242651
2083.64 230065 231326
2124.38 219275 220532
2165.92 208990 210243
2208.27 199188 200437
2251.44 189846 191090
2295.47 180942 182181
2340.35 172456 173689
2386.11 164367 165595
2432.76 156658 157880
2480.33 149310 150526
2528.82 142307 143517
2578.27 135633 136836
2628.68 129272 130468
2680.08 123208 124398
2732.48 117430 118612
2785.91 111922 113096
2840.38 106673 107839
2895.92 101670 102828
2952.54 96901 98051.4
3010.27 92356.2 93498.1
3069.12 88024.6 89158
3129.14 83896 85020.5
3190.32 79961.1 81076.7
3252.7 76211 77317.4
3316.3 72636.4 73733.5
3381.14 223277 224365
3447.25 212718 213796
3514.65 202641 203709
3583.37 272165 273223
3653.43 259228 260276
3724.87 246885 247923
3797.7 235111 236138
3871.95 259699 260716
3947.66 247272 248278
4024.84 235419 236415
4103.54 224115 225100
4183.77 213337 214311
4265.58 203060 204023
4348.98 193261 194214
4434.02 183920 184861
4520.71 175016 175946
4609.1 166528 167447
4699.22 158439 159347
4791.1 150731 151627
4884.78 143385 144269
4980.29 136386 137259
5077.67 129717 130579
5176.95 123364 124214
5278.17 117312 118151
5381.37 111548 112376
5486.59 106058 106874
5593.87 100830 101635
5703.24 95851.8 96644.8
5814.75 91111.5 91893.1
5928.45 86598.3 87368.4
6044.36 82301.8 83060.4
6162.55 78211.8 78959.1
6283.04 74318.7 75054.6
6405.89 70613.7 71338.3
6531.14 67087.5 67800.8
6658.84 63732.2 64434.3
6789.04 60539.5 61230.3
6921.78 57502 58181.7
7057.11 54612.3 55281
7195.1 51863.4 52521
7335.78 49248.8 49895.4
7479.22 46762 47397.7
7625.45 44397.1 45022
7774.55 42148.1 42762.3
7926.56 40009.8 40613.3
8081.55 37976.7 38569.7
8239.56 36044 36626.4
8400.67 34206.7 34778.7
8564.92 32460.3 33022
8732.38 30800.5 31352
8903.12 29223.1 29764.5
9077.2 27724.2 28255.5
9254.69 26299.9 26821.3
9435.64 24946.7 25458.3
9620.13 23661.1 24163
9808.22 22440 22932.2
10000 21279.9 21762.7
10195.5 20178.3 20651.6
10394.9 19132 19596.1
10598.1 18138.4 18593.4
10805.3 17195 17640.9
11016.6 16299.3 16736.2
11232 15449 15877.1
11451.6 14641.7 15061.2
11675.5 13875.5 14286.4
11903.8 13148.3 13550.7
12136.6 12458.2 12852.2
12373.9 11803.2 12189.1
12615.8 11181.8 11559.5
12862.5 10592.2 10961.9
13114 10032.8 10394.7
13370.4 9502.23 9856.37
13631.8 8998.91 9345.43
13898.4 8521.53 8860.56
14170.1 8068.8 8400.46
14447.1 7639.49 7963.91
14729.6 7232.4 7549.68
15017.6 6846.44 7156.72
15311.3 6480.51 6783.91
15610.6 6133.64 6430.27
15915.9 5804.85 6094.84
16227.1 5493.21 5776.67
16544.3 5197.88 5474.93
16867.8 4917.99 5188.76
17197.6 4652.8 4917.39
17533.9 4401.53 4660.07
17876.7 4163.48 4416.08
18226.3 3937.97 4184.75
18582.6 3724.36 3965.43
18946 3522.05 3757.53
19316.4 3330.45 3560.44
19694.1 3149 3373.62
20079.2 2977.18 3196.54
20471.8 2814.51 3028.71
20872 2660.5 2869.66
21280.1 2514.71 2718.92
21696.2 2376.7 2576.08
22120.4 2246.08 2440.73
22552.9 2122.46 2312.48
22993.9 2005.48 2190.97
23443.5 1894.78 2075.85
23901.9 1790.04 1966.78
24369.2 1690.95 1863.46
24845.7 1597.21 1765.58
25331.5 1508.55 1672.87
25826.8 9424.65 9585.03
26331.8 8971.43 9127.96
26846.6 8538.6 8691.36
27371.5 8125.33 8274.41
27906.7 7730.81 7876.3
28452.3 7354.28 7496.27
29008.7 6994.98 7133.55
29575.9 6652.22 6787.45
30154.1 6325.27 6457.25
30743.7 6013.49 6142.3
31344.8 5716.23 5841.94
31957.7 5432.86 5555.55
32582.6 5162.81 5282.55
33219.7 4905.46 5022.34
33869.2 4660.3 4774.38
34531.4 4426.78 4538.14
35206.6 4204.38 4313.09
35894.9 3992.63 4098.75
36596.8 3791.03 3894.63
37312.3 3599.16 3700.31
38041.9 3416.55 3515.32
38785.7 3242.8 3339.24
39544.1 3077.52 3171.69
40317.3 2920.29 3012.26
41105.6 2770.78 2860.61
41909.3 2628.61 2716.35
42728.7 2493.44 2579.15
43564.2 2364.96 2448.7
44416 2242.85 2324.67
45284.4 2126.82 2206.77
46169.8 2016.57 2094.71
47072.6 1911.83 1988.21
47992.9 1812.36 1887.02
48931.3 1717.88 1790.87
49888.1 1628.17 1699.54
50863.5 1543 1612.79
51858 1462.14 1530.4
52871.9 1385.4 1452.17
53905.7 1312.56 1377.88
54959.7 1243.44 1307.36
56034.3 1177.86 1240.42
57129.9 1115.65 1176.88
58247 1056.64 1116.58
59385.8 1000.67 1059.36
60547 947.592 1005.06
61730.8 897.261 953.552
62937.8 849.541 904.685
64168.4 804.304 858.334
65423.1 761.419 814.367
66702.2 720.777 772.674
68006.4 682.258 733.135
69336.1 645.758 695.644
70691.8 611.173 660.098
72074.1 578.406 626.396
73483.3 547.366 594.449
74920.1 517.963 564.165
76384.9 490.114 535.461
77878.4 463.739 508.255
79401.2 438.763 482.472
80953.6 415.113 458.038
82536.5 392.72 434.884
84150.3 371.52 412.945
85795.6 351.451 392.158
87473.2 332.453 372.462
89183.5 314.471 353.803
90927.2 297.452 336.125
92705.1 281.345 319.378
94517.8 266.103 303.514
96365.8 251.679 288.487
98249.9 238.032 274.252
100171 225.119 260.768
102130 212.903 247.997
104126 201.346 235.9
106162 190.413 224.442
108238 180.071 213.589
110354 170.288 203.31
112512 161.036 193.574
114712 152.285 184.353
116955 144.008 175.619
119242 136.182 167.346
#S  48 Cd
#N 3
#L PhotonEnergy[eV]  Photoelectric[barn/atom]  Total[barn/atom]
2004.49 294214 295532
2043.68 280161 281476
2083.64 266779 268091
2124.38 254036 255344
2165.92 241902 243206
2208.27 230348 231647
2251.44 219346 220640
2295.47 208869 210158
2340.35 198892 200176
2386.11 189392 190670
2432.76 180346 181618
2480.33 171731 172998
2528.82 163529 164789
2578.27 155718 156971
2628.68 148280 149526
2680.08 141198 142437
2732.48 134453 135685
2785.91 128031 129255
2840.38 121916 123132
2895.92 116092 117300
2952.54 110547 111746
3010.27 105267 106458
3069.12 100239 101421
3129.14 95450.9 96623.7
3190.32 90891.8 92055.3
3252.7 86550.5 87704.6
3316.3 82416.3 83560.8
3381.14 78479.9 79614.5
3447.25 74731.1 75855.8
3514.65 71161.7 72276.2
3583.37 220149 221253
3653.43 209382 210475
3724.87 199129 200212
3797.7 267007 268079
3871.95 253902 254964
3947.66 241426 242477
4024.84 266277 267317
4103.54 253162 254191
4183.77 240679 241696
4265.58 228797 229803
4348.98 217490 218484
4434.02 206728 207711
4520.71 196487 197459
4609.1 186742 187702
4699.22 177470 178418
4791.1 168649 169585
4884.78 160256 161180
4980.29 152271 153184
5077.67 144676 145576
5176.95 137451 138340
5278.17 130579 131456
5381.37 124044 124909
5486.59 117828 118681
5593.87 111917 112758
5703.24 106296 107125
5814.75 100952 101769
5928.45 95870.2 96675.4
6044.36 91038.9 91832.2
6162.55 86446 87227.4
6283.04 82079.7 82849.2
6405.89 77929.5 78687.1
6531.14 73984.4 74730.4
6658.84 70235 70969.2
6789.04 66671.5 67394.1
6921.78 63285.1 63996
7057.11 60067.1 60766.4
7195.1 57009.2 57697
7335.78 54103.8 54780.2
7479.22 51343.3 52008.3
7625.45 48720.9 49374.6
7774.55 46229.4 46872
7926.56 43862.9 44494.3
8081.55 41615 42235.3
8239.56 39479.8 40089.2
8400.67 37452.1 38050.6
8564.92 35526.3 36114
8732.38 33697.5 34274.6
8903.12 31960.9 32527.4
9077.2 30312 30868
9254.69 28746.5 29292.1
9435.64 27260.2 27795.5
9620.13 25849.1 26374.3
9808.22 24509.6 25024.8
10000 23238.2 23743.4
10195.5 22031.3 22526.7
10394.9 20885.9 21371.6
10598.1 19798.9 20275
10805.3 18767.3 19234
11016.6 17788.4 18245.7
11232 16859.5 17307.6
11451.6 15978.2 16417.1
11675.5 15142 15572
11903.8 14348.8 14769.9
12136.6 13596.2 14008.6
12373.9 12882.4 13286.2
12615.8 12205.3 12600.6
12862.5 11563.1 11950
13114 10954 11332.8
13370.4 10376.5 10747
13631.8 9828.71 10191.3
13898.4 9309.33 9664.11
14170.1 8816.85 9163.91
14447.1 8349.94 8689.41
14729.6 7907.27 8239.26
15017.6 7487.63 7812.28
15311.3 7089.81 7407.25
15610.6 6712.75 7023.1
15915.9 6355.36 6658.75
16227.1 6016.61 6313.16
16544.3 5695.6 5985.44
16867.8 5391.37 5674.62
17197.6 5103.1 5379.89
17533.9 4829.95 5100.39
17876.7 4571.15 4835.36
18226.3 4325.95 4584.06
18582.6 4093.66 4345.79
18946 3873.61 4119.87
19316.4 3665.18 3905.68
19694.1 3467.74 3702.62
20079.2 3280.74 3510.1
20471.8 3103.64 3327.59
20872 2935.93 3154.59
21280.1 2777.11 2990.59
21696.2 2626.73 2835.13
22120.4 2484.34 2687.78
22552.9 2349.52 2548.11
22993.9 2221.89 2415.73
23443.5 2101.07 2290.27
23901.9 1986.69 2171.35
24369.2 1878.44 2058.65
24845.7 1775.97 1951.85
25331.5 1678.99 1850.63
25826.8 1587.21 1754.71
26331.8 1500.36 1663.81
26846.6 9244.14 9403.64
27371.5 8804.17 8959.81
27906.7 8383.57 8535.44
28452.3 7981.54 8129.74
29008.7 7597.34 7741.95
29575.9 7230.31 7371.43
30154.1 6879.77 7017.47
30743.7 6545.04 6679.41
31344.8 6225.5 6356.62
31957.7 5920.52 6048.47
32582.6 5629.52 5754.38
33219.7 5351.9 5473.75
33869.2 5087.13 5206.05
34531.4 4834.66 4950.73
35206.6 4593.98 4707.26
35894.9 4364.59 4475.16
36596.8 4145.99 4253.91
37312.3 3937.74 4043.09
38041.9 3739.37 3842.22
38785.7 3550.47 3650.88
39544.1 3370.62 3468.66
40317.3 3199.41 3295.14
41105.6 3036.47 3129.95
41909.3 2881.44 2972.74
42728.7 2733.93 2823.1
43564.2 2593.64 2680.74
44416 2460.21 2545.3
45284.4 2333.35 2416.48
46169.8 2212.76 2293.99
47072.6 2098.13 2177.51
47992.9 1989.2 2066.77
48931.3 1885.7 1961.53
49888.1 1787.38 1861.51
50863.5 1693.99 1766.47
51858 1605.3 1676.17
52871.9 1521.09 1590.4
53905.7 1441.14 1508.93
54959.7 1365.25 1431.58
56034.3 1293.22 1358.12
57129.9 1224.88 1288.39
58247 1160.04 1222.2
59385.8 1098.52 1159.37
60547 1040.17 1099.75
61730.8 984.838 1043.18
62937.8 932.364 989.502
64168.4 882.616 938.589
65423.1 835.449 890.29
66702.2 790.743 844.486
68006.4 748.374 801.049
69336.1 708.22 759.86
70691.8 670.174 720.808
72074.1 634.127 683.785
73483.3 599.981 648.691
74920.1 567.636 615.426
76384.9 537.004 583.899
77878.4 507.993 554.02
79401.2 480.524 525.709
80953.6 454.515 498.882
82536.5 429.892 473.465
84150.3 406.582 449.384
85795.6 384.52 426.573
87473.2 363.639 404.964
89183.5 343.878 384.497
90927.2 325.178 365.11
92705.1 307.484 346.749
94517.8 290.743 329.36
96365.8 274.905 312.893
98249.9 259.923 297.299
100171 245.75 282.532
102130 232.345 268.55
104126 219.666 255.309
106162 207.676 242.773
108238 196.337 230.903
110354 185.615 219.665
112512 175.476 209.023
114712 165.89 198.949
116955 156.826 189.409
119242 148.258 180.378
#S  49 In
#N 3
#L PhotonEnergy[eV]  Photoelectric[barn/atom]  Total[barn/atom]
2004.49 320357 321722
2043.68 305254 306616
2083.64 290863 292221
2124.38 277150 278504
2165.92 264083 265434
2208.27 251632 252979
2251.44 239769 241111
2295.47 228465 229802
2340.35 217694 219025
2386.11 207430 208756
2432.76 197651 198970
2480.33 188332 189646
2528.82 179453 180760
2578.27 170993 172293
2628.68 162931 164224
2680.08 155250 156535
2732.48 147930 149208
2785.91 140956 142226
2840.38 134310 135572
2895.92 127978 129232
2952.54 121944 123190
3010.27 116195 117432
3069.12 110717 111945
3129.14 105497 106715
3190.32 100524 101732
3252.7 95784.4 96983.4
3316.3 91268.4 92457.5
3381.14 86965.6 88144.6
3447.25 82865.4 84034.2
3514.65 78958.7 80117.1
3583.37 75236.1 76384
3653.43 71689 72826.2
3724.87 68309.2 69435.5
3797.7 211380 212495
3871.95 200754 201858
3947.66 268824 269916
4024.84 255289 256370
4103.54 242426 243496
4183.77 230203 231261
4265.58 253560 254607
4348.98 240756 241790
4434.02 228588 229611
4520.71 217027 218038
4609.1 206042 207041
4699.22 195605 196592
4791.1 185690 186664
4884.78 176269 177232
4980.29 167320 168271
5077.67 158819 159757
5176.95 150744 151670
5278.17 143073 143987
5381.37 135788 136689
5486.59 128868 129756
5593.87 122296 123172
5703.24 116054 116918
5814.75 110126 110978
5928.45 104497 105336
6044.36 99151.7 99978.6
6162.55 94076 94890.7
6283.04 89256.5 90058.8
6405.89 84680.4 85470.5
6531.14 80335.6 81113.5
6658.84 76210.9 76976.6
6789.04 72294.8 73048.4
6921.78 68577.3 69318.9
7057.11 65048.3 65777.9
7195.1 61698.3 62415.9
7335.78 58518.5 59224.3
7479.22 55500.3 56194.2
7625.45 52635.8 53318
7774.55 49916.9 50587.5
7926.56 47336.7 47995.7
8081.55 44887.9 45535.5
8239.56 42564.2 43200.3
8400.67 40359.1 40983.9
8564.92 38266.7 38880.3
8732.38 36281.3 36883.8
8903.12 34397.6 34989.1
9077.2 32610.2 33190.8
9254.69 30914.5 31484.3
9435.64 29305.9 29865
9620.13 27779.7 28328.3
9808.22 26332 26870.1
10000 24958.8 25486.5
10195.5 23656.2 24173.7
10394.9 22420.6 22928
10598.1 21248.8 21746.2
10805.3 20137.4 20624.9
11016.6 19083.3 19561.1
11232 18083.7 18551.8
11451.6 17135.7 17594.4
11675.5 16236.8 16686.1
11903.8 15384.4 15824.5
12136.6 14576.1 15007.1
12373.9 13809.8 14231.8
12615.8 13083.2 13496.4
12862.5 12394.4 12798.8
13114 11741.4 12137.2
13370.4 11122.3 11509.6
13631.8 10535.4 10914.4
13898.4 9979.07 10349.9
14170.1 9451.74 9814.54
14447.1 8951.95 9306.82
14729.6 8478.19 8825.27
15017.6 8029.21 8368.62
15311.3 7603.69 7935.56
15610.6 7200.44 7524.91
15915.9 6818.3 7135.49
16227.1 6456.16 6766.21
16544.3 6113.03 6416.06
16867.8 5787.88 6084.02
17197.6 5479.81 5769.2
17533.9 5187.94 5470.69
17876.7 4911.4 5187.65
18226.3 4649.43 4919.28
18582.6 4401.24 4664.84
18946 4166.13 4423.59
19316.4 3943.43 4194.88
19694.1 3732.48 3978.04
20079.2 3532.66 3772.45
20471.8 3343.41 3577.54
20872 3164.18 3392.77
21280.1 2994.43 3217.6
21696.2 2833.66 3051.53
22120.4 2681.43 2894.1
22552.9 2537.26 2744.85
22993.9 2400.76 2603.37
23443.5 2271.5 2469.26
23901.9 2149.12 2342.12
24369.2 2033.25 2221.6
24845.7 1923.54 2107.35
25331.5 1819.69 1999.06
25826.8 1721.37 1896.4
26331.8 1628.29 1799.09
26846.6 1540.19 1706.85
27371.5 1456.8 1619.41
27906.7 1377.86 1536.53
28452.3 8217.87 8372.69
29008.7 7835.63 7986.69
29575.9 7469.63 7617.02
30154.1 7119.28 7263.09
30743.7 6783.97 6924.29
31344.8 6463.18 6600.09
31957.7 6156.35 6289.94
32582.6 5862.94 5993.3
33219.7 5582.44 5709.64
33869.2 5314.37 5438.5
34531.4 5058.22 5179.35
35206.6 4813.53 4931.75
35894.9 4579.87 4695.24
36596.8 4356.75 4469.35
37312.3 4143.8 4253.7
38041.9 3940.56 4047.84
38785.7 3746.65 3851.37
39544.1 3561.69 3663.92
40317.3 3385.3 3485.11
41105.6 3217.12 3314.57
41909.3 3056.82 3151.97
42728.7 2904.03 2996.96
43564.2 2758.47 2849.22
44416 2619.8 2708.44
45284.4 2487.73 2574.32
46169.8 2361.98 2446.57
47072.6 2242.25 2324.9
47992.9 2128.3 2209.06
48931.3 2019.85 2098.78
49888.1 1916.68 1993.82
50863.5 1818.53 1893.94
51858 1725.17 1798.9
52871.9 1636.41 1708.5
53905.7 1552.01 1622.52
54959.7 1471.79 1540.75
56034.3 1395.55 1463
57129.9 1323.1 1389.1
58247 1254.27 1318.85
59385.8 1188.88 1252.09
60547 1126.78 1188.65
61730.8 1067.81 1128.38
62937.8 1011.82 1071.14
64168.4 958.674 1016.76
65423.1 908.223 965.125
66702.2 860.346 916.096
68006.4 814.917 869.547
69336.1 771.817 825.36
70691.8 730.931 783.419
72074.1 692.15 743.613
73483.3 655.374 705.843
74920.1 620.502 670.005
76384.9 587.439 636.005
77878.4 556.097 603.753
79401.2 526.389 573.16
80953.6 498.233 544.147
82536.5 471.549 516.63
84150.3 446.267 490.539
85795.6 422.315 465.802
87473.2 399.624 442.348
89183.5 378.132 420.114
90927.2 357.775 399.038
92705.1 338.497 379.061
94517.8 320.242 360.127
96365.8 302.958 342.184
98249.9 286.594 325.179
100171 271.103 309.065
102130 256.439 293.796
104126 242.56 279.329
106162 229.424 265.622
108238 216.993 252.635
110354 205.231 240.332
112512 194.1 228.675
114712 183.569 217.634
116955 173.606 207.173
119242 164.181 197.264
#S  50 Sn
#N 3
#L PhotonEnergy[eV]  Photoelectric[barn/atom]  Total[barn/atom]
2004.49 352039 353454
2043.68 334962 336374
2083.64 318713 320122
2124.38 303253 304658
2165.92 288543 289944
2208.27 274546 275942
2251.44 261228 262620
2295.47 248556 249943
2340.35 236499 237880
2386.11 225027 226402
2432.76 214111 215480
2480.33 203725 205088
2528.82 193842 195198
2578.27 184439 185789
2628.68 175492 176835
2680.08 166979 168314
2732.48 158880 160206
2785.91 151172 152491
2840.38 143839 145150
2895.92 136862 138164
2952.54 130223 131516
3010.27 123906 125190
3069.12 117895 119170
3129.14 112176 113441
3190.32 106735 107990
3252.7 101558 102803
3316.3 96630.9 97866.3
3381.14 91943.6 93168.6
3447.25 87483.4 88697.9
3514.65 83239.7 84443.6
3583.37 79201.9 80394.8
3653.43 75359.9 76541.8
3724.87 71704.3 72875
3797.7 68226 69385.3
3871.95 64916.5 66064.4
3947.66 189154 190290
4024.84 180201 181325
4103.54 171656 172769
4183.77 230540 231640
4265.58 219571 220660
4348.98 209107 210184
4434.02 199124 200188
4520.71 219939 220990
4609.1 209403 210442
4699.22 199355 200382
4791.1 189774 190788
4884.78 180637 181639
4980.29 171926 172915
5077.67 163621 164597
5176.95 155703 156667
5278.17 148157 149107
5381.37 140964 141902
5486.59 134108 135034
5593.87 127576 128488
5703.24 121351 122250
5814.75 115420 116307
5928.45 109770 110644
6044.36 104387 105248
6162.55 99260.1 100108
6283.04 94376.7 95212.3
6405.89 89725.9 90548.9
6531.14 85297 86107.2
6658.84 81080 81877.7
6789.04 77064.7 77849.8
6921.78 73242.2 74014.8
7057.11 69603.4 70363.4
7195.1 66139.5 66887.2
7335.78 62842.8 63578.2
7479.22 59705.3 60428.4
7625.45 56719.7 57430.6
7774.55 53878.7 54577.6
7926.56 51175.7 51862.5
8081.55 48604 49279
8239.56 46157.8 46820.9
8400.67 43831 44482.3
8564.92 41617.9 42257.6
8732.38 39513.1 40141.3
8903.12 37511.6 38128.3
9077.2 35608.5 36213.9
9254.69 33799 34393.2
9435.64 32078.8 32661.9
9620.13 30443.5 31015.6
9808.22 28889.1 29450.3
10000 27411.8 27962.2
10195.5 26007.8 26547.5
10394.9 24673.5 25202.8
10598.1 23405.8 23924.7
10805.3 22201.3 22709.9
11016.6 21057 21555.5
11232 19970 20458.4
11451.6 18937.4 19416
11675.5 17956.8 18425.6
11903.8 17025.4 17484.6
12136.6 16141 16590.8
12373.9 15301.2 15741.6
12615.8 14503.9 14935.1
12862.5 13747 14169.1
13114 13028.5 13441.6
13370.4 12346.4 12750.8
13631.8 11699.1 12094.8
13898.4 11084.8 11471.9
14170.1 10501.8 10880.5
14447.1 9948.66 10319.1
14729.6 9423.82 9786.14
15017.6 8925.94 9280.27
15311.3 8453.62 8800.09
15610.6 8005.62 8344.38
15915.9 7580.73 7911.9
16227.1 7177.76 7501.47
16544.3 6795.65 7112.04
16867.8 6433.31 6742.52
17197.6 6089.79 6391.95
17533.9 5764.11 6059.35
17876.7 5455.39 5743.84
18226.3 5162.77 5444.55
18582.6 4885.42 5160.67
18946 4622.57 4891.42
19316.4 4373.51 4636.08
19694.1 4137.51 4393.92
20079.2 3913.9 4164.29
20471.8 3702.07 3946.55
20872 3501.4 3740.1
21280.1 3311.34 3544.37
21696.2 3131.31 3358.8
22120.4 2960.83 3182.9
22552.9 2799.39 3016.14
22993.9 2646.52 2858.09
23443.5 2501.8 2708.28
23901.9 2364.78 2566.29
24369.2 2235.08 2431.73
24845.7 2112.3 2304.21
25331.5 1996.11 2183.38
25826.8 1886.15 2068.88
26331.8 1782.09 1960.39
26846.6 1683.63 1857.6
27371.5 1590.47 1760.22
27906.7 1502.34 1667.96
28452.3 1418.98 1580.57
29008.7 1340.12 1497.78
29575.9 8236.69 8390.51
30154.1 7838.18 7988.25
30743.7 7457.72 7604.14
31344.8 7094.55 7237.41
31957.7 6747.96 6887.35
32582.6 6417.28 6553.28
33219.7 6101.83 6234.53
33869.2 5801.01 5930.49
34531.4 5514.16 5640.5
35206.6 5240.69 5363.98
35894.9 4980.06 5100.37
36596.8 4731.69 4849.1
37312.3 4495.06 4609.65
38041.9 4269.66 4381.49
38785.7 4054.99 4164.15
39544.1 3850.59 3957.14
40317.3 3656 3760.01
41105.6 3470.78 3572.32
41909.3 3294.52 3393.66
42728.7 3126.8 3223.6
43564.2 2967.26 3061.78
44416 2815.49 2907.8
45284.4 2671.18 2761.34
46169.8 2533.96 2622.03
47072.6 2403.51 2489.54
47992.9 2279.51 2363.56
48931.3 2161.67 2243.79
49888.1 2049.69 2129.95
50863.5 1943.31 2021.75
51858 1842.26 1918.93
52871.9 1746.28 1821.24
53905.7 1655.13 1728.42
54959.7 1568.59 1640.26
56034.3 1486.43 1556.52
57129.9 1408.44 1477.01
58247 1334.42 1401.5
59385.8 1264.18 1329.82
60547 1197.53 1261.77
61730.8 1134.3 1197.18
62937.8 1074.32 1135.88
64168.4 1017.44 1077.71
65423.1 963.484 1022.51
66702.2 912.326 970.147
68006.4 863.82 920.467
69336.1 817.837 873.344
70691.8 774.249 828.648
72074.1 732.933 786.258
73483.3 693.779 746.061
74920.1 656.677 707.945
76384.9 621.522 671.808
77878.4 588.215 637.545
79401.2 556.662 605.066
80953.6 526.778 574.281
82536.5 498.469 545.099
84150.3 471.66 517.442
85795.6 446.273 491.231
87473.2 422.235 466.393
89183.5 399.475 442.856
90927.2 377.927 420.554
92705.1 357.529 399.423
94517.8 338.219 379.402
96365.8 319.944 360.436
98249.9 302.647 342.467
100171 286.277 325.444
102130 270.786 309.32
104126 256.127 294.044
106162 242.257 279.576
108238 229.134 265.871
110354 216.719 252.889
112512 204.973 240.593
114712 193.863 228.947
116955 183.352 217.916
119242 173.411 207.468
#S  51 Sb
#N 3
#L PhotonEnergy[eV]  Photoelectric[barn/atom]  Total[barn/atom]
2004.49 380655 382123
2043.68 362276 363741
2083.64 344785 346246
2124.38 328138 329596
2165.92 312295 313748
2208.27 297216 298665
2251.44 282866 284310
2295.47 269209 270648
2340.35 256211 257644
2386.11 243841 245268
2432.76 232068 233488
2480.33 220863 222277
2528.82 210199 211606
2578.27 200050 201451
2628.68 190392 191784
2680.08 181199 182584
2732.48 172450 173827
2785.91 164124 165493
2840.38 156200 157560
2895.92 148658 150009
2952.54 141481 142823
3010.27 134650 135982
3069.12 128149 129472
3129.14 121961 123274
3190.32 116073 117376
3252.7 110469 111762
3316.3 105135 106417
3381.14 100059 101331
3447.25 95227.6 96488.7
3514.65 90629.9 91879.9
3583.37 86254.1 87492.9
3653.43 82089.6 83317
3724.87 78126.1 79341.9
3797.7 74354 75558.1
3871.95 70764.1 71956.4
3947.66 67347.5 68527.7
4024.84 64095.8 65263.9
4103.54 61001.2 62156.9
4183.77 170951 172094
4265.58 163030 164160
4348.98 155459 156577
4434.02 208996 210101
4520.71 199249 200342
4609.1 189935 191015
4699.22 210005 211072
4791.1 200148 201202
4884.78 190732 191773
4980.29 181741 182768
5077.67 173155 174169
5176.95 164957 165959
5278.17 157131 158119
5381.37 149660 150635
5486.59 142530 143491
5593.87 135724 136673
5703.24 129231 130166
5814.75 123034 123957
5928.45 117123 118032
6044.36 111484 112379
6162.55 106105 106987
6283.04 100975 101844
6405.89 96082.9 96939
6531.14 91418.1 92261
6658.84 86970.8 87800.6
6789.04 82730.9 83547.7
6921.78 78689.5 79493.3
7057.11 74837.7 75628.6
7195.1 71166.7 71944.8
7335.78 67668.9 68434.2
7479.22 64335.9 65088.5
7625.45 61160.9 61900.8
7774.55 58136.2 58863.7
7926.56 55255.5 55970.4
8081.55 52511.9 53214.4
8239.56 49899.2 50589.5
8400.67 47411.6 48089.7
8564.92 45043.2 45709.3
8732.38 42788.6 43442.7
8903.12 40642.5 41284.7
9077.2 38600.1 39230.5
9254.69 36656.3 37275.1
9435.64 34806.9 35414.1
9620.13 33047.1 33643
9808.22 31373.1 31957.7
10000 29780.8 30354.1
10195.5 28266.2 28828.6
10394.9 26825.9 27377.3
10598.1 25456.3 25996.8
10805.3 24154 24684
11016.6 22915.9 23435.3
11232 21739.1 22248.1
11451.6 20620.4 21119.1
11675.5 19557.3 20045.9
11903.8 18547 19025.6
12136.6 17587.1 18055.8
12373.9 16675.1 17134.1
12615.8 15808.7 16258.1
12862.5 14985.7 15425.7
13114 14204.1 14634.8
13370.4 13461.9 13883.4
13631.8 12757 13169.5
13898.4 12087.8 12491.4
14170.1 11452.5 11847.4
14447.1 10849.5 11235.7
14729.6 10277 10654.9
15017.6 9733.84 10103.3
15311.3 9218.36 9579.67
15610.6 8729.25 9082.53
15915.9 8265.24 8610.61
16227.1 7825.04 8162.65
16544.3 7407.53 7737.52
16867.8 7011.54 7334.05
17197.6 6636.03 6951.19
17533.9 6279.96 6587.91
17876.7 5942.37 6243.25
18226.3 5622.32 5916.26
18582.6 5318.97 5606.1
18946 5031.44 5311.9
19316.4 4758.97 5032.88
19694.1 4500.76 4768.26
20079.2 4256.12 4517.33
20471.8 4024.35 4279.4
20872 3804.8 4053.82
21280.1 3596.85 3839.97
21696.2 3399.9 3637.23
22120.4 3213.4 3445.08
22552.9 3036.8 3262.94
22993.9 2869.62 3090.34
23443.5 2711.35 2926.77
23901.9 2561.54 2771.77
24369.2 2419.75 2624.91
24845.7 2285.56 2485.77
25331.5 2158.6 2353.96
25826.8 2038.46 2229.09
26331.8 1924.82 2110.82
26846.6 1817.31 1998.79
27371.5 1715.63 1892.69
27906.7 1619.46 1792.22
28452.3 1528.53 1697.08
29008.7 1442.55 1606.99
29575.9 1361.27 1521.69
30154.1 1284.42 1440.94
30743.7 7738.75 7891.45
31344.8 7392.85 7541.83
31957.7 7060.41 7205.76
32582.6 6741.02 6882.82
33219.7 6434.27 6572.62
33869.2 6139.83 6274.82
34531.4 5857.26 5988.97
35206.6 5586.22 5714.73
35894.9 5326.33 5451.73
36596.8 5077.18 5199.54
37312.3 4838.49 4957.9
38041.9 4609.85 4726.38
38785.7 4390.91 4504.64
39544.1 4181.37 4292.37
40317.3 3980.86 4089.2
41105.6 3789.07 3894.82
41909.3 3605.68 3708.92
42728.7 3430.38 3531.17
43564.2 3262.87 3361.28
44416 3102.84 3198.93
45284.4 2950.04 3043.88
46169.8 2804.15 2895.8
47072.6 2664.91 2754.42
47992.9 2532.06 2619.5
48931.3 2405.34 2490.77
49888.1 2284.51 2367.99
50863.5 2169.34 2250.9
51858 2059.57 2139.28
52871.9 1954.98 2032.9
53905.7 1855.37 1931.54
54959.7 1760.51 1834.98
56034.3 1670.2 1743.03
57129.9 1584.26 1655.48
58247 1502.48 1572.14
59385.8 1424.68 1492.83
60547 1350.69 1417.38
61730.8 1280.35 1345.61
62937.8 1213.48 1277.35
64168.4 1149.93 1212.46
65423.1 1089.54 1150.76
66702.2 1032.18 1092.13
68006.4 977.706 1036.42
69336.1 925.979 983.503
70691.8 876.869 933.232
72074.1 830.258 885.494
73483.3 786.027 840.169
74920.1 744.06 797.139
76384.9 704.255 756.302
77878.4 666.499 717.545
79401.2 630.699 680.774
80953.6 596.761 645.892
82536.5 564.587 612.801
84150.3 534.097 581.422
85795.6 505.206 551.666
87473.2 477.833 523.455
89183.5 451.904 496.711
90927.2 427.346 471.363
92705.1 404.089 447.337
94517.8 382.069 424.571
96365.8 361.224 403.001
98249.9 341.491 382.564
100171 322.815 363.204
102130 305.142 344.866
104126 288.419 327.497
106162 272.599 311.05
108238 257.632 295.473
110354 243.477 280.724
112512 230.088 266.759
114712 217.428 253.538
116955 205.456 241.021
119242 194.138 229.173
#S  52 Te
#N 3
#L PhotonEnergy[eV]  Photoelectric[barn/atom]  Total[barn/atom]
2004.49 418302 419825
2043.68 398201 399720
2083.64 379066 380582
2124.38 360850 362362
2165.92 343510 345018
2208.27 327002 328505
2251.44 311289 312787
2295.47 296331 297823
2340.35 282091 283577
2386.11 268535 270016
2432.76 255631 257105
2480.33 243347 244814
2528.82 231653 233113
2578.27 220521 221974
2628.68 209924 211369
2680.08 199837 201274
2732.48 190234 191662
2785.91 181092 182512
2840.38 172390 173801
2895.92 164106 165508
2952.54 156220 157613
3010.27 148713 150096
3069.12 141567 142940
3129.14 134764 136127
3190.32 128288 129641
3252.7 122124 123465
3316.3 116255 117586
3381.14 110668 111989
3447.25 105350 106659
3514.65 100288 101585
3583.37 95468.7 96754.5
3653.43 90881.1 92155
3724.87 86513.9 87775.9
3797.7 82356.6 83606.4
3871.95 78399.1 79636.7
3947.66 74631.7 75856.9
4024.84 71045.3 72257.9
4103.54 67631.3 68831.2
4183.77 64381.3 65568.5
4265.58 61287.6 62461.8
4348.98 173899 175060
4434.02 165508 166656
4520.71 157512 158646
4609.1 149891 151012
4699.22 201107 202215
4791.1 191351 192446
4884.78 182055 183136
4980.29 200910 201978
5077.67 191123 192177
5176.95 181801 182841
5278.17 172921 173947
5381.37 164463 165476
5486.59 156408 157407
5593.87 148737 149722
5703.24 141432 142404
5814.75 134477 135436
5928.45 127855 128800
6044.36 121551 122482
6162.55 115549 116466
6283.04 109836 110740
6405.89 104398 105288
6531.14 99223 100099
6658.84 94297.6 95160.2
6789.04 89610.2 90459.4
6921.78 85150.2 85985.9
7057.11 80906.5 81728.8
7195.1 76868.7 77677.7
7335.78 73027.6 73823.3
7479.22 69373.3 70155.9
7625.45 65897.5 66667
7774.55 62591.4 63347.9
7926.56 59447.1 60190.7
8081.55 56456.7 57187.4
8239.56 53613.1 54331.1
8400.67 50909 51614.4
8564.92 48338.1 49031
8732.38 45893.8 46574.3
8903.12 43570 44238.2
9077.2 41361.1 42017.1
9254.69 39261.3 39905.2
9435.64 37265.6 37897.6
9620.13 35368.8 35988.9
9808.22 33566.3 34174.7
10000 31853.4 32450.2
10195.5 30225.8 30811.1
10394.9 28679.3 29253.3
10598.1 27210.2 27772.9
10805.3 25814.4 26366.2
11016.6 24488.6 25029.3
11232 23229.2 23759.2
11451.6 22033 22552.4
11675.5 20897 21405.8
11903.8 19818.2 20316.6
12136.6 18793.8 19282
12373.9 17821 18299.1
12615.8 16897.5 17365.6
12862.5 16020.7 16479
13114 15188.3 15637
13370.4 14398.2 14837.4
13631.8 13648.2 14078
13898.4 12936.4 13357
14170.1 12260.9 12672.3
14447.1 11619.8 12022.4
14729.6 11011.5 11405.2
15017.6 10434.3 10819.4
15311.3 9886.64 10263.2
15610.6 9367.1 9735.34
15915.9 8874.24 9234.27
16227.1 8406.71 8758.67
16544.3 7963.28 8307.32
16867.8 7542.7 7878.95
17197.6 7143.84 7472.45
17533.9 6765.59 7086.7
17876.7 6406.93 6720.68
18226.3 6066.86 6373.39
18582.6 5744.44 6043.88
18946 5438.77 5731.27
19316.4 5149.02 5434.7
19694.1 4874.36 5153.36
20079.2 4614.03 4886.49
20471.8 4367.29 4633.34
20872 4133.47 4393.23
21280.1 3911.89 4165.51
21696.2 3701.93 3949.52
22120.4 3502.99 3744.69
22552.9 3314.51 3550.44
22993.9 3135.97 3366.24
23443.5 2966.82 3191.57
23901.9 2806.61 3025.95
24369.2 2654.86 2868.93
24845.7 2511.14 2720.03
25331.5 2375.04 2578.88
25826.8 2246.16 2445.06
26331.8 2124.12 2318.2
26846.6 2008.57 2197.93
27371.5 1899.18 2083.93
27906.7 1795.62 1975.87
28452.3 1697.59 1873.45
29008.7 1604.79 1776.37
29575.9 1516.97 1684.36
30154.1 1433.85 1597.15
30743.7 1355.19 1514.51
31344.8 1280.76 1436.19
31957.7 7526.72 7678.36
32582.6 7169.22 7317.16
33219.7 6827.32 6971.65
33869.2 6500.46 6641.28
34531.4 6188.04 6325.43
35206.6 5889.52 6023.57
35894.9 5604.36 5735.15
36596.8 5332 5459.62
37312.3 5071.96 5196.49
38041.9 4823.74 4945.26
38785.7 4586.86 4705.45
39544.1 4360.86 4476.59
40317.3 4145.27 4258.23
41105.6 3939.69 4049.94
41909.3 3743.69 3851.3
42728.7 3556.85 3661.9
43564.2 3378.82 3481.37
44416 3209.17 3309.3
45284.4 3047.59 3145.36
46169.8 2893.71 2989.18
47072.6 2747.19 2840.43
47992.9 2607.7 2698.77
48931.3 2474.95 2563.9
49888.1 2348.63 2435.53
50863.5 2228.45 2313.36
51858 2114.14 2197.1
52871.9 2005.43 2086.51
53905.7 1902.06 1981.31
54959.7 1803.8 1881.27
56034.3 1710.41 1786.14
57129.9 1621.65 1695.71
58247 1537.33 1609.75
59385.8 1457.22 1528.05
60547 1381.13 1450.42
61730.8 1308.88 1376.67
62937.8 1240.27 1306.61
64168.4 1175.14 1240.07
65423.1 1113.32 1176.87
66702.2 1054.65 1116.87
68006.4 998.977 1059.9
69336.1 946.158 1005.83
70691.8 896.051 954.5
72074.1 848.524 905.788
73483.3 803.455 859.569
74920.1 760.716 815.712
76384.9 720.197 774.11
77878.4 681.785 734.644
79401.2 645.377 697.214
80953.6 610.872 661.716
82536.5 578.171 628.051
84150.3 547.189 596.133
85795.6 517.836 565.871
87473.2 490.029 537.181
89183.5 463.691 509.985
90927.2 438.745 484.208
92705.1 415.122 459.776
94517.8 392.752 436.62
96365.8 371.572 414.678
98249.9 351.521 393.885
100171 332.539 374.183
102130 314.571 355.516
104126 297.565 337.83
106162 281.47 321.075
108238 266.239 305.202
110354 251.827 290.165
112512 238.189 275.921
114712 225.287 262.429
116955 213.08 249.648
119242 201.532 237.542
#S  53 I
#N 3
#L PhotonEnergy[eV]  Photoelectric[barn/atom]  Total[barn/atom]
2004.49 453065 454645
2043.68 431807 433384
2083.64 411546 413120
2124.38 392237 393806
2165.92 373832 375397
2208.27 356292 357851
2251.44 339575 341129
2295.47 323642 325190
2340.35 308456 309999
2386.11 293983 295519
2432.76 280190 281719
2480.33 267043 268565
2528.82 254513 256028
2578.27 242571 244079
2628.68 231190 232689
2680.08 220342 221833
2732.48 210004 211486
2785.91 200150 201624
2840.38 190759 192223
2895.92 181808 183263
2952.54 173278 174723
3010.27 165148 166582
3069.12 157399 158824
3129.14 150014 151428
3190.32 142975 144378
3252.7 136267 137659
3316.3 129873 131254
3381.14 123779 125149
3447.25 117971 119329
3514.65 112436 113782
3583.37 107160 108495
3653.43 102132 103454
3724.87 97340.4 98650
3797.7 92773.1 94070.1
3871.95 88420.2 89704.6
3947.66 84271.6 85543
4024.84 80317.4 81575.9
4103.54 76548.9 77794.3
4183.77 72957.2 74189.2
4265.58 69533.9 70752.6
4348.98 66271.5 67476.6
4434.02 63161.9 64353.5
4520.71 60198.4 61376.3
4609.1 163632 164796
4699.22 155483 156634
4791.1 147735 148871
4884.78 197916 199039
4980.29 188039 189147
5077.67 178647 179741
5176.95 169718 170798
5278.17 187025 188091
5381.37 177664 178716
5486.59 168765 169802
5593.87 160305 161329
5703.24 152264 153273
5814.75 144621 145616
5928.45 137356 138336
6044.36 130451 131417
6162.55 123888 124840
6283.04 117651 118589
6405.89 111724 112648
6531.14 106091 107001
6658.84 100739 101635
6789.04 95652.7 96534.8
6921.78 90820.1 91688.3
7057.11 86228.4 87082.7
7195.1 81865.4 82706
7335.78 77720.5 78547.3
7479.22 73782.4 74595.6
7625.45 70041.4 70841.1
7774.55 66487.5 67273.6
7926.56 63111.5 63884.3
8081.55 59904.5 60664.1
8239.56 56858.5 57604.8
8400.67 53965.3 54698.5
8564.92 51217.4 51937.6
8732.38 48607.5 49314.9
8903.12 46128.8 46823.5
9077.2 43774.9 44456.9
9254.69 41539.5 42209
9435.64 39416.8 40073.9
9620.13 37401.1 38045.9
9808.22 35487.2 36119.9
10000 33669.9 34290.6
10195.5 31944.4 32553.2
10394.9 30306.2 30903.3
10598.1 28751 29336.4
10805.3 27274.6 27848.5
11016.6 25872.9 26435.5
11232 24542.4 25093.8
11451.6 23279.3 23819.7
11675.5 22080.5 22610
11903.8 20942.6 21461.2
12136.6 19862.6 20370.6
12373.9 18837.5 19335.1
12615.8 17864.7 18351.9
12862.5 16941.5 17418.5
13114 16065.4 16532.4
13370.4 15234 15691.1
13631.8 14445.1 14892.5
13898.4 13696.5 14134.3
14170.1 12986.2 13414.6
14447.1 12312.3 12731.4
14729.6 11672.9 12082.9
15017.6 11066.3 11467.3
15311.3 10490.8 10883
15610.6 9944.87 10328.4
15915.9 9427 9801.94
16227.1 8935.74 9302.31
16544.3 8469.76 8828.09
16867.8 8027.77 8378.01
17197.6 7608.57 7950.86
17533.9 7210.98 7545.48
17876.7 6833.91 7160.76
18226.3 6476.31 6795.64
18582.6 6137.18 6449.15
18946 5815.6 6120.34
19316.4 5510.66 5808.31
19694.1 5221.5 5512.21
20079.2 4947.33 5231.23
20471.8 4687.38 4964.61
20872 4440.91 4711.61
21280.1 4207.25 4471.55
21696.2 3985.73 4243.76
22120.4 3775.73 4027.62
22552.9 3576.66 3822.54
22993.9 3387.96 3627.96
23443.5 3209.09 3443.33
23901.9 3039.54 3268.16
24369.2 2878.85 3101.97
24845.7 2726.54 2944.27
25331.5 2582.2 2794.67
25826.8 2445.41 2652.73
26331.8 2315.77 2518.06
26846.6 2192.92 2390.3
27371.5 2076.51 2269.09
27906.7 1966.21 2154.1
28452.3 1861.69 2045.01
29008.7 1762.66 1941.51
29575.9 1668.84 1843.32
30154.1 1579.95 1750.17
30743.7 1495.74 1661.8
31344.8 1415.96 1577.97
31957.7 1340.39 1498.43
32582.6 1268.8 1422.99
33219.7 7403.2 7553.63
33869.2 7049.78 7196.54
34531.4 6712.03 6855.21
35206.6 6389.28 6528.97
35894.9 6080.98 6217.27
36596.8 5786.53 5919.51
37312.3 5505.4 5635.15
38041.9 5237.02 5363.63
38785.7 4980.91 5104.46
39544.1 4736.54 4857.1
40317.3 4503.42 4621.07
41105.6 4281.09 4395.92
41909.3 4069.11 4181.19
42728.7 3867.02 3976.42
43564.2 3674.41 3781.21
44416 3490.87 3595.13
45284.4 3316.03 3417.82
46169.8 3149.49 3248.87
47072.6 2990.88 3087.93
47992.9 2839.87 2934.65
48931.3 2696.11 2788.69
49888.1 2559.3 2649.72
50863.5 2429.11 2517.45
51858 2305.25 2391.56
52871.9 2187.43 2271.76
53905.7 2075.38 2157.79
54959.7 1968.83 2049.38
56034.3 1867.53 1946.26
57129.9 1771.24 1848.22
58247 1679.72 1754.99
59385.8 1592.76 1666.37
60547 1510.14 1582.14
61730.8 1431.66 1502.09
62937.8 1357.12 1426.02
64168.4 1286.33 1353.75
65423.1 1219.12 1285.1
66702.2 1155.31 1219.89
68006.4 1094.74 1157.97
69336.1 1037.25 1099.17
70691.8 982.703 1043.34
72074.1 930.942 990.338
73483.3 881.837 940.028
74920.1 835.256 892.276
76384.9 791.078 846.961
77878.4 749.18 803.96
79401.2 709.452 763.161
80953.6 671.787 724.455
82536.5 636.079 687.736
84150.3 602.233 652.909
85795.6 570.153 619.876
87473.2 539.751 588.549
89183.5 510.942 558.841
90927.2 483.647 530.674
92705.1 457.787 503.966
94517.8 433.288 478.645
96365.8 410.085 454.641
98249.9 388.107 431.887
100171 367.292 410.318
102130 347.583 389.875
104126 328.918 370.498
106162 311.248 352.136
108238 294.518 334.733
110354 278.68 318.241
112512 263.688 302.613
114712 249.498 287.805
116955 236.066 273.772
119242 223.356 260.477
#S  54 Xe
#N 3
#L PhotonEnergy[eV]  Photoelectric[barn/atom]  Total[barn/atom]
2004.49 467953 469594
2043.68 446265 447902
2083.64 425583 427216
2124.38 405859 407487
2165.92 387048 388672
2208.27 369110 370729
2251.44 352004 353616
2295.47 335690 337297
2340.35 320132 321732
2386.11 305295 306889
2432.76 291145 292732
2480.33 277652 279232
2528.82 264784 266356
2578.27 252512 254076
2628.68 240809 242365
2680.08 229649 231195
2732.48 219006 220543
2785.91 208855 210384
2840.38 199176 200694
2895.92 189944 191454
2952.54 181141 182640
3010.27 172746 174234
3069.12 164740 166218
3129.14 157105 158572
3190.32 149824 151280
3252.7 142880 144325
3316.3 136258 137691
3381.14 129943 131364
3447.25 123920 125329
3514.65 118178 119574
3583.37 112700 114084
3653.43 107477 108848
3724.87 102496 103854
3797.7 97745.7 99091.2
3871.95 93215.6 94547.9
3947.66 88895.5 90214.4
4024.84 84775.4 86080.9
4103.54 80846.5 82138.3
4183.77 77099.5 78377.6
4265.58 73526.2 74790.5
4348.98 70118.6 71368.9
4434.02 66868.8 68105
4520.71 63769.8 64991.8
4609.1 60814.2 62022
4699.22 57995.8 59189.2
4791.1 159242 160421
4884.78 151463 152628
4980.29 144056 145206
5077.67 137002 138137
5176.95 183702 184822
5278.17 174684 175790
5381.37 166098 167189
5486.59 183192 184269
5593.87 174166 175228
5703.24 165573 166621
5814.75 157395 158428
5928.45 149611 150629
6044.36 142203 143206
6162.55 135153 136142
6283.04 128444 129418
6405.89 122061 123021
6531.14 115987 116932
6658.84 110209 111139
6789.04 104711 105627
6921.78 99482.1 100384
7057.11 94507.8 95394.9
7195.1 89776.3 90649
7335.78 85276.4 86134.9
7479.22 80996.6 81841.1
7625.45 76926.9 77757.3
7774.55 73056.9 73873.4
7926.56 69377.2 70179.8
8081.55 65878.5 66667.4
8239.56 62552.4 63327.6
8400.67 59390.3 60151.9
8564.92 56384.5 57132.7
8732.38 53527.4 54262.3
8903.12 50811.8 51533.4
9077.2 48230.8 48939.4
9254.69 45778.1 46473.7
9435.64 43447.3 44130.1
9620.13 41232.4 41902.5
9808.22 39128.1 39785.6
10000 37128.7 37773.7
10195.5 35229.2 35861.9
10394.9 33424.8 34045.3
10598.1 31710.8 32319.3
10805.3 30082.8 30679.3
11016.6 28536.4 29121.2
11232 27067.9 27641.1
11451.6 25673.2 26235
11675.5 24348.9 24899.3
11903.8 23091.4 23630.7
12136.6 21897.4 22425.7
12373.9 20763.9 21281.3
12615.8 19687.7 20194.4
12862.5 18666.1 19162.3
13114 17696.5 18182.2
13370.4 16776.1 17251.6
13631.8 15902.6 16368
13898.4 15073.5 15529
14170.1 14286.8 14732.5
14447.1 13540.3 13976.3
14729.6 12832 13258.5
15017.6 12159.9 12577.1
15311.3 11522.3 11930.3
15610.6 10917.4 11316.5
15915.9 10343.7 10733.9
16227.1 9799.4 10180.9
16544.3 9283.21 9656.13
16867.8 8793.61 9158.13
17197.6 8329.33 8685.6
17533.9 7889.04 8237.22
17876.7 7471.54 7811.76
18226.3 7075.69 7408.11
18582.6 6700.39 7025.15
18946 6344.58 6661.83
19316.4 6007.29 6317.18
19694.1 5687.56 5990.24
20079.2 5384.5 5680.09
20471.8 5097.26 5385.92
20872 4825.04 5106.9
21280.1 4567.06 4842.27
21696.2 4322.6 4591.29
22120.4 4090.96 4353.27
22552.9 3871.48 4127.54
22993.9 3663.55 3913.49
23443.5 3466.57 3710.52
23901.9 3279.96 3518.05
24369.2 3103.2 3335.57
24845.7 2935.77 3162.54
25331.5 2777.21 2998.49
25826.8 2627.04 2842.97
26331.8 2484.82 2695.52
26846.6 2350.16 2555.74
27371.5 2222.66 2423.23
27906.7 2101.93 2297.62
28452.3 1987.64 2178.56
29008.7 1879.44 2065.7
29575.9 1777.02 1958.73
30154.1 1680.07 1857.34
30743.7 1588.3 1761.25
31344.8 1501.46 1670.18
31957.7 1419.27 1583.86
32582.6 1341.49 1502.06
33219.7 1267.9 1424.54
33869.2 1198.26 1351.08
34531.4 1132.38 1281.46
35206.6 6554.11 6699.56
35894.9 6243.92 6385.82
36596.8 5947.19 6085.64
37312.3 5663.45 5798.53
38041.9 5392.18 5523.98
38785.7 5132.91 5261.51
39544.1 4885.16 5010.65
40317.3 4648.51 4770.97
41105.6 4422.49 4542
41909.3 4206.71 4323.35
42728.7 4000.73 4114.57
43564.2 3804.18 3915.3
44416 3616.65 3725.11
45284.4 3437.78 3543.67
46169.8 3267.23 3370.61
47072.6 3104.61 3205.55
47992.9 2949.62 3048.19
48931.3 2801.92 2898.18
49888.1 2661.21 2755.22
50863.5 2527.19 2619.02
51858 2399.54 2489.25
52871.9 2278.03 2365.68
53905.7 2162.35 2247.99
54959.7 2052.26 2135.95
56034.3 1947.51 2029.3
57129.9 1847.86 1927.81
58247 1753.08 1831.24
59385.8 1662.94 1739.37
60547 1577.25 1651.99
61730.8 1495.79 1568.88
62937.8 1418.37 1489.87
64168.4 1344.8 1414.76
65423.1 1274.9 1343.35
66702.2 1208.5 1275.49
68006.4 1145.44 1211.01
69336.1 1085.56 1149.75
70691.8 1028.7 1091.56
72074.1 974.726 1036.29
73483.3 923.497 983.796
74920.1 874.879 933.952
76384.9 828.75 886.633
77878.4 784.982 841.71
79401.2 743.466 799.073
80953.6 704.092 758.61
82536.5 666.748 720.208
84150.3 631.341 683.775
85795.6 597.77 649.206
87473.2 565.948 616.416
89183.5 535.784 585.311
90927.2 507.197 555.811
92705.1 480.108 527.835
94517.8 454.439 501.304
96365.8 430.122 476.15
98249.9 407.084 452.299
100171 385.261 429.687
102130 364.595 408.253
104126 345.021 387.934
106162 326.488 368.676
108238 308.938 350.423
110354 292.323 333.124
112512 276.592 316.728
114712 261.704 301.193
116955 247.609 286.469
119242 234.27 272.519
#S  55 Cs
#N 3
#L PhotonEnergy[eV]  Photoelectric[barn/atom]  Total[barn/atom]
2004.49 546318 548000
2043.68 520185 521864
2083.64 495301 496976
2124.38 471607 473278
2165.92 449047 450713
2208.27 427566 429227
2251.44 407113 408769
2295.47 387638 389288
2340.35 369095 370738
2386.11 351439 353075
2432.76 334627 336256
2480.33 318620 320242
2528.82 303378 304992
2578.27 288866 290472
2628.68 275047 276645
2680.08 261890 263479
2732.48 249362 250942
2785.91 237433 239004
2840.38 226075 227637
2895.92 215261 216812
2952.54 204963 206505
3010.27 195159 196689
3069.12 185823 187343
3129.14 176934 178443
3190.32 168470 169968
3252.7 160411 161897
3316.3 152737 154212
3381.14 145431 146894
3447.25 138474 139924
3514.65 131850 133288
3583.37 125543 126968
3653.43 119537 120950
3724.87 113819 115218
3797.7 108374 109760
3871.95 103190 104563
3947.66 98253.9 99613
4024.84 93553.7 94899.1
4103.54 89078.4 90410
4183.77 84817.2 86134.8
4265.58 80759.9 82063.4
4348.98 76896.6 78185.9
4434.02 73218.1 74493
4520.71 69715.6 70976.1
4609.1 66380.6 67626.5
4699.22 63205.3 64436.6
4791.1 60181.8 61398.4
4884.78 57302.8 58504.7
4980.29 54561.7 55748.7
5077.67 147773 148945
5176.95 140406 141563
5278.17 133401 134543
5381.37 178703 179830
5486.59 169772 170885
5593.87 161282 162379
5703.24 153210 154292
5814.75 168822 169889
5928.45 160359 161411
6044.36 152315 153352
6162.55 144668 145690
6283.04 137400 138406
6405.89 130491 131483
6531.14 123924 124902
6658.84 117684 118646
6789.04 111753 112700
6921.78 106117 107049
7057.11 100761 101678
7195.1 95670.9 96574
7335.78 90834.5 91723.1
7479.22 86239.1 87113.2
7625.45 81872.9 82732.6
7774.55 77724.6 78569.9
7926.56 73783.5 74614.6
8081.55 70039.3 70856.3
8239.56 66482.5 67285.4
8400.67 63103.7 63892.7
8564.92 59894.2 60669.4
8732.38 56845.6 57607
8903.12 53949.9 54697.8
9077.2 51199.7 51934.1
9254.69 48587.7 49308.7
9435.64 46107.2 46815
9620.13 43751.4 44446.1
9808.22 41514.4 42196.1
10000 39390 40058.9
10195.5 37373 38029.2
10394.9 35457.6 36101.3
10598.1 33639.2 34270.4
10805.3 31912.7 32531.6
11016.6 30273.5 30880.3
11232 28717.4 29312.3
11451.6 27240.2 27823.2
11675.5 25837.9 26409.2
11903.8 24506.8 25066.5
12136.6 23243.3 23791.7
12373.9 22044 22581.2
12615.8 20905.8 21432
12862.5 19825.6 20340.8
13114 18800.4 19304.9
13370.4 17827.5 18321.4
13631.8 16904.2 17387.7
13898.4 16028.2 16501.3
14170.1 15196.9 15659.9
14447.1 14408.1 14861.2
14729.6 13659.7 14102.9
15017.6 12949.7 13383.2
15311.3 12276 12700.1
15610.6 11637 12051.7
15915.9 11030.7 11436.3
16227.1 10455.6 10852.2
16544.3 9910.12 10297.8
16867.8 9392.68 9771.67
17197.6 8901.92 9272.36
17533.9 8436.44 8798.48
17876.7 7994.97 8348.76
18226.3 7576.3 7922.01
18582.6 7179.26 7517.02
18946 6802.75 7132.73
19316.4 6445.73 6768.07
19694.1 6107.2 6422.04
20079.2 5786.2 6093.7
20471.8 5481.86 5782.15
20872 5193.31 5486.55
21280.1 4919.76 5206.09
21696.2 4660.41 4939.97
22120.4 4414.57 4687.49
22552.9 4181.51 4447.94
22993.9 3960.61 4220.68
23443.5 3751.22 4005.07
23901.9 3552.75 3800.51
24369.2 3364.66 3606.46
24845.7 3186.38 3422.36
25331.5 3017.43 3247.71
25826.8 2857.32 3082.03
26331.8 2705.6 2924.86
26846.6 2561.83 2775.77
27371.5 2425.6 2634.34
27906.7 2296.52 2500.18
28452.3 2174.23 2372.92
29008.7 2058.35 2252.2
29575.9 1948.58 2137.69
30154.1 1844.59 2029.07
30743.7 1746.07 1926.04
31344.8 1652.75 1828.32
31957.7 1564.35 1735.62
32582.6 1480.63 1647.7
33219.7 1401.32 1564.31
33869.2 1326.21 1485.21
34531.4 1255.07 1410.18
35206.6 1187.7 1339.02
35894.9 1123.91 1271.53
36596.8 6357.71 6501.73
37312.3 6053.78 6194.29
38041.9 5763.26 5900.35
38785.7 5485.65 5619.41
39544.1 5220.46 5350.97
40317.3 4967.19 5094.53
41105.6 4725.35 4849.63
41909.3 4494.51 4615.78
42728.7 4274.21 4392.57
43564.2 4064.02 4179.53
44416 3863.5 3976.26
45284.4 3672.29 3782.36
46169.8 3489.99 3597.43
47072.6 3316.2 3421.1
47992.9 3150.58 3253
48931.3 2992.77 3092.79
49888.1 2842.45 2940.12
50863.5 2699.29 2794.68
51858 2562.96 2656.14
52871.9 2433.18 2524.21
53905.7 2309.65 2398.59
54959.7 2192.1 2279
56034.3 2080.26 2165.18
57129.9 1973.88 2056.88
58247 1872.69 1953.82
59385.8 1776.47 1855.8
60547 1685 1762.56
61730.8 1598.05 1673.89
62937.8 1515.41 1589.59
64168.4 1436.89 1509.46
65423.1 1362.29 1433.28
66702.2 1291.42 1360.89
68006.4 1224.12 1292.11
69336.1 1160.21 1226.76
70691.8 1099.53 1164.69
72074.1 1041.92 1105.73
73483.3 987.247 1049.74
74920.1 935.356 996.567
76384.9 886.121 946.091
77878.4 839.406 898.172
79401.2 795.094 852.69
80953.6 753.063 809.523
82536.5 713.199 768.557
84150.3 675.4 729.687
85795.6 639.562 692.809
87473.2 605.586 657.824
89183.5 573.38 624.638
90927.2 542.854 593.161
92705.1 513.925 563.307
94517.8 486.512 534.997
96365.8 460.54 508.153
98249.9 435.933 482.7
100171 412.623 458.568
102130 390.542 435.688
104126 369.629 414
106162 349.825 393.442
108238 331.07 373.954
110354 313.313 355.486
112512 296.499 337.98
114712 280.581 321.39
116955 265.512 305.668
119242 251.249 290.769
#S  56 Ba
#N 3
#L PhotonEnergy[eV]  Photoelectric[barn/atom]  Total[barn/atom]
2004.49 598291 600017
2043.68 569318 571042
2083.64 541749 543468
2124.38 515514 517229
2165.92 490550 492260
2208.27 466795 468500
2251.44 444191 445890
2295.47 422681 424374
2340.35 402212 403899
2386.11 382734 384415
2432.76 364200 365874
2480.33 346563 348230
2528.82 329781 331439
2578.27 313811 315462
2628.68 298615 300257
2680.08 284154 285787
2732.48 270394 272018
2785.91 257300 258914
2840.38 244840 246445
2895.92 232983 234578
2952.54 221701 223286
3010.27 210965 212539
3069.12 200749 202312
3129.14 191027 192579
3190.32 181777 183317
3252.7 172974 174503
3316.3 164598 166115
3381.14 156627 158132
3447.25 149042 150534
3514.65 141825 143304
3583.37 134957 136424
3653.43 128422 129875
3724.87 122203 123643
3797.7 116285 117712
3871.95 110654 112067
3947.66 105295 106695
4024.84 100196 101582
4103.54 95344.3 96715.8
4183.77 90727.2 92084.4
4265.58 86333.6 87676.5
4348.98 82153 83481.4
4434.02 78174.5 79488.2
4520.71 74389 75688
4609.1 70786.5 72070.7
4699.22 67358.8 68628
4791.1 64096.9 65351.1
4884.78 60992.9 62232
4980.29 58039.3 59263.3
5077.67 55228.7 56437.4
5176.95 52554.2 53747.7
5278.17 141975 143154
5381.37 134900 136062
5486.59 128172 129320
5593.87 121776 122908
5703.24 163130 164246
5814.75 154979 156080
5928.45 147230 148316
6044.36 162242 163312
6162.55 154119 155174
6283.04 146398 147438
6405.89 139060 140085
6531.14 132085 133094
6658.84 125455 126449
6789.04 119154 120133
6921.78 113166 114130
7057.11 107476 108424
7195.1 102067 103001
7335.78 96928.3 97846.7
7479.22 92044.5 92948
7625.45 87404 88292.8
7774.55 82994.6 83868.6
7926.56 78805.1 79664.5
8081.55 74824.5 75669.3
8239.56 71042.6 71873
8400.67 67449.6 68265.7
8564.92 64036.1 64838
8732.38 60793.4 61581.2
8903.12 57712.9 58486.7
9077.2 54786.6 55546.5
9254.69 52006.9 52753.1
9435.64 49366.7 50099.3
9620.13 46858.8 47577.9
9808.22 44476.9 45182.7
10000 42214.6 42907.2
10195.5 40066.1 40745.6
10394.9 38025.5 38692.1
10598.1 36087.8 36741.6
10805.3 34247.6 34888.8
11016.6 32500.2 33128.8
11232 30840.9 31457.2
11451.6 29265.2 29869.3
11675.5 27769.2 28361.3
11903.8 26348.8 26929
12136.6 25000.2 25568.6
12373.9 23719.7 24276.6
12615.8 22504.1 23049.6
12862.5 21350.1 21884.3
13114 20254.6 20777.7
13370.4 19214.7 19726.8
13631.8 18227.5 18728.9
13898.4 17290.5 17781.2
14170.1 16401 16881.3
14447.1 15556.9 16026.9
14729.6 14755.6 15215.5
15017.6 13995.2 14445.1
15311.3 13273.5 13713.5
15610.6 12588.6 13019
15915.9 11938.6 12359.6
16227.1 11321.8 11733.4
16544.3 10736.5 11139
16867.8 10181.1 10574.6
17197.6 9654.19 10038.8
17533.9 9154.17 9530.09
17876.7 8679.77 9047.15
18226.3 8229.68 8588.68
18582.6 7802.67 8153.45
18946 7397.55 7740.26
19316.4 7013.25 7348.05
19694.1 6648.68 6975.72
20079.2 6302.84 6622.27
20471.8 5974.79 6286.76
20872 5663.63 5968.29
21280.1 5368.49 5665.98
21696.2 5088.55 5379.02
22120.4 4823.07 5106.66
22552.9 4571.27 4848.12
22993.9 4332.47 4602.73
23443.5 4106.01 4369.82
23901.9 3891.25 4148.74
24369.2 3687.6 3938.91
24845.7 3494.49 3739.75
25331.5 3311.39 3550.73
25826.8 3137.77 3371.33
26331.8 2973.15 3201.06
26846.6 2817.08 3039.46
27371.5 2669.11 2886.08
27906.7 2528.82 2740.52
28452.3 2395.83 2602.37
29008.7 2269.75 2471.25
29575.9 2150.24 2346.82
30154.1 2036.96 2228.73
30743.7 1929.57 2116.65
31344.8 1827.79 2010.29
31957.7 1731.31 1909.35
32582.6 1639.87 1813.55
33219.7 1553.21 1722.63
33869.2 1471.08 1636.36
34531.4 1393.25 1554.47
35206.6 1319.49 1476.77
35894.9 1249.59 1403.02
36596.8 1183.35 1333.04
37312.3 1120.59 1266.62
38041.9 6187.54 6330.01
38785.7 5895.63 6034.63
39544.1 5616.25 5751.87
40317.3 5348.98 5481.31
41105.6 5093.36 5222.48
41909.3 4848.94 4974.94
42728.7 4615.31 4738.27
43564.2 4392.06 4512.06
44416 4178.77 4295.89
45284.4 3975.09 4089.41
46169.8 3780.62 3892.21
47072.6 3594.97 3703.91
47992.9 3417.81 3524.17
48931.3 3248.8 3352.65
49888.1 3087.6 3189.01
50863.5 2933.89 3032.93
51858 2787.36 2884.09
52871.9 2647.7 2742.18
53905.7 2514.62 2606.92
54959.7 2387.86 2478.03
56034.3 2267.12 2355.23
57129.9 2152.16 2238.27
58247 2042.72 2126.88
59385.8 1938.56 2020.83
60547 1839.44 1919.88
61730.8 1745.15 1823.8
62937.8 1655.46 1732.38
64168.4 1570.18 1645.4
65423.1 1489.09 1562.68
66702.2 1412.01 1484.01
68006.4 1338.75 1409.21
69336.1 1269.14 1338.1
70691.8 1203.01 1270.52
72074.1 1140.2 1206.29
73483.3 1080.54 1145.26
74920.1 1023.89 1087.28
76384.9 970.123 1032.21
77878.4 919.077 979.909
79401.2 870.635 930.248
80953.6 824.668 883.096
82536.5 781.054 838.333
84150.3 739.684 795.846
85795.6 700.447 755.526
87473.2 663.237 717.264
89183.5 627.954 680.96
90927.2 594.507 646.52
92705.1 562.799 613.849
94517.8 532.746 582.861
96365.8 504.266 553.473
98249.9 477.281 525.606
100171 451.712 499.181
102130 427.49 474.126
104126 404.546 450.374
106162 382.815 427.859
108238 362.235 406.517
110354 342.749 386.29
112512 324.297 367.118
114712 306.83 348.95
116955 290.293 331.734
119242 274.64 315.42
#S  57 La
#N 3
#L PhotonEnergy[eV]  Photoelectric[barn/atom]  Total[barn/atom]
2004.49 653566 655350
2043.68 621684 623464
2083.64 591355 593132
2124.38 562506 564278
2165.92 535065 536832
2208.27 508962 510723
2251.44 484134 485889
2295.47 460516 462265
2340.35 438050 439792
2386.11 416680 418415
2432.76 396352 398081
2480.33 377016 378737
2528.82 358624 360336
2578.27 341129 342834
2628.68 324488 326183
2680.08 308658 310344
2732.48 293600 295277
2785.91 279277 280944
2840.38 265652 267310
2895.92 252693 254340
2952.54 240366 242002
3010.27 228640 230264
3069.12 217486 219099
3129.14 206876 208478
3190.32 196784 198374
3252.7 187184 188762
3316.3 178052 179618
3381.14 169366 170919
3447.25 161104 162644
3514.65 153244 154772
3583.37 145768 147282
3653.43 138657 140158
3724.87 131893 133380
3797.7 125459 126932
3871.95 119338 120797
3947.66 113517 114962
4024.84 107979 109409
4103.54 102711 104127
4183.77 97700.4 99101.7
4265.58 92934.2 94320.6
4348.98 88400.5 89772
4434.02 84087.9 85444.3
4520.71 79985.8 81327.1
4609.1 76083.6 77409.6
4699.22 72372.1 73682.7
4791.1 68841.5 70136.7
4884.78 65483 66762.6
4980.29 62288.6 63552.6
5077.67 59249.8 60498.2
5176.95 56359.4 57592
5278.17 53609.9 54826.8
5381.37 50994.7 52195.8
5486.59 131861 133046
5593.87 125539 126708
5703.24 119511 120665
5814.75 113765 114902
5928.45 152684 153806
6044.36 145321 146427
6162.55 138303 139393
6283.04 152672 153746
6405.89 145278 146336
6531.14 138231 139274
6658.84 131516 132544
6789.04 125119 126130
6921.78 119024 120020
7057.11 113217 114198
7195.1 107686 108651
7335.78 102418 103367
7479.22 97399.8 98334
7625.45 92621.1 93540
7774.55 88070.2 88974
7926.56 83736.9 84625.6
8081.55 79610.8 80484.5
8239.56 75682.5 76541.4
8400.67 71942.8 72786.9
8564.92 68382.9 69212.4
8732.38 64994.3 65809.3
8903.12 61769 62569.6
9077.2 58699.6 59485.8
9254.69 55778.4 56550.6
9435.64 52998.9 53757
9620.13 50354.1 51098.3
9808.22 47837.8 48568.3
10000 45443.8 46160.6
10195.5 43166.6 43869.9
10394.9 41000.3 41690.3
10598.1 38940 39616.8
10805.3 36980.5 37644.3
11016.6 35117 35767.9
11232 33344.9 33983.1
11451.6 31659.9 32285.5
11675.5 30058 30671.1
11903.8 28534.9 29135.8
12136.6 27087 27675.8
12373.9 25710.7 26287.6
12615.8 24402.5 24967.6
12862.5 23159.2 23712.7
13114 21977.7 22519.7
13370.4 20854.8 21385.5
13631.8 19787.9 20307.5
13898.4 18774.2 19282.8
14170.1 17811.1 18308.9
14447.1 16896.2 17383.3
14729.6 16027 16503.8
15017.6 15201.5 15668
15311.3 14417.4 14873.7
15610.6 13672.8 14119.1
15915.9 12965.7 13402.2
16227.1 12294.2 12721.1
16544.3 11656.7 12074.1
16867.8 11051.4 11459.5
17197.6 10476.8 10875.7
17533.9 9931.29 10321.2
17876.7 9413.51 9794.65
18226.3 8922.08 9294.55
18582.6 8455.68 8819.65
18946 8013.06 8368.69
19316.4 7593.07 7940.51
19694.1 7194.55 7533.96
20079.2 6816.45 7147.98
20471.8 6457.74 6781.55
20872 6117.46 6433.69
21280.1 5794.69 6103.5
21696.2 5488.54 5790.08
22120.4 5198.19 5492.61
22552.9 4922.82 5210.26
22993.9 4661.72 4942.32
23443.5 4414.13 4688.05
23901.9 4179.38 4446.75
24369.2 3956.83 4217.79
24845.7 3745.85 4000.54
25331.5 3545.86 3794.43
25826.8 3356.3 3598.87
26331.8 3176.64 3413.34
26846.6 3006.38 3237.34
27371.5 2845.03 3070.39
27906.7 2692.15 2912.03
28452.3 2547.3 2761.82
29008.7 2410.05 2619.35
29575.9 2280.04 2484.23
30154.1 2156.88 2356.09
30743.7 2040.23 2234.56
31344.8 1929.74 2119.32
31957.7 1825.1 2010.04
32582.6 1726.01 1906.42
33219.7 1632.17 1808.16
33869.2 1543.33 1715.01
34531.4 1459.21 1626.69
35206.6 1379.58 1542.96
35894.9 1304.2 1463.58
36596.8 1232.84 1388.32
37312.3 1165.31 1316.99
38041.9 1101.39 1249.37
38785.7 1040.9 1185.27
39544.1 5991.22 6132.07
40317.3 5704.41 5841.83
41105.6 5430.28 5564.37
41909.3 5168.36 5299.2
42728.7 4918.14 5045.82
43564.2 4679.19 4803.79
44416 4451.04 4572.64
45284.4 4233.27 4351.95
46169.8 4025.46 4141.3
47072.6 3827.18 3940.26
47992.9 3638.07 3748.46
48931.3 3457.72 3565.5
49888.1 3285.79 3391.03
50863.5 3121.91 3224.67
51858 2965.74 3066.09
52871.9 2816.96 2914.98
53905.7 2675.23 2770.98
54959.7 2540.27 2633.81
56034.3 2411.77 2503.16
57129.9 2289.45 2378.75
58247 2173.03 2260.3
59385.8 2062.26 2147.55
60547 1956.87 2040.26
61730.8 1856.64 1938.16
62937.8 1761.32 1841.03
64168.4 1670.69 1748.64
65423.1 1584.53 1660.77
66702.2 1502.64 1577.23
68006.4 1424.82 1497.8
69336.1 1350.89 1422.3
70691.8 1280.65 1350.55
72074.1 1213.94 1282.36
73483.3 1150.59 1217.58
74920.1 1090.44 1156.04
76384.9 1033.33 1097.59
77878.4 979.131 1042.07
79401.2 927.689 989.361
80953.6 878.876 939.312
82536.5 832.56 891.798
84150.3 788.625 846.698
85795.6 746.951 803.894
87473.2 707.426 763.273
89183.5 669.949 724.73
90927.2 634.412 688.159
92705.1 600.722 653.465
94517.8 568.787 620.555
96365.8 538.519 589.339
98249.9 509.833 559.734
100171 482.65 531.658
102130 456.895 505.037
104126 432.494 479.794
106162 409.38 455.861
108238 387.484 433.171
110354 366.747 411.662
112512 347.107 391.272
114712 328.51 371.946
116955 310.9 353.628
119242 294.228 336.268
#S  58 Ce
#N 3
#L PhotonEnergy[eV]  Photoelectric[barn/atom]  Total[barn/atom]
2004.49 710686 712558
2043.68 676032 677900
2083.64 643066 644930
2124.38 611708 613567
2165.92 581879 583732
2208.27 553504 555352
2251.44 526514 528356
2295.47 500840 502675
2340.35 476417 478246
2386.11 453185 455006
2432.76 431086 432900
2480.33 410065 411871
2528.82 390069 391866
2578.27 371048 372837
2628.68 352954 354734
2680.08 335743 337513
2732.48 319371 321131
2785.91 303798 305547
2840.38 288983 290722
2895.92 274892 276620
2952.54 261487 263204
3010.27 248736 250442
3069.12 236607 238301
3129.14 225069 226750
3190.32 214094 215763
3252.7 203654 205311
3316.3 193723 195367
3381.14 184277 185908
3447.25 175291 176908
3514.65 166743 168347
3583.37 158612 160202
3653.43 150878 152453
3724.87 143520 145081
3797.7 136522 138068
3871.95 129865 131396
3947.66 123532 125049
4024.84 117508 119010
4103.54 111778 113265
4183.77 106327 107799
4265.58 101142 102598
4348.98 96210.6 97650.6
4434.02 91518.9 92943.1
4520.71 87056.2 88464.5
4609.1 82811 84203.2
4699.22 78772.9 80149
4791.1 74931.7 76291.6
4884.78 71277.7 72621.3
4980.29 67802 69129.2
5077.67 64495.7 65806.5
5176.95 61350.8 62645.1
5278.17 58359.1 59636.8
5381.37 55513.3 56774.5
5486.59 52806.3 54050.8
5593.87 50231.3 51459.2
5703.24 47781.8 48993.1
5814.75 124453 125648
5928.45 118355 119533
6044.36 112550 113711
6162.55 107024 108169
6283.04 143489 144617
6405.89 136431 137542
6531.14 129714 130809
6658.84 143053 144131
6789.04 135996 137058
6921.78 129281 130327
7057.11 122892 123922
7195.1 116813 117826
7335.78 111029 112026
7479.22 105526 106507
7625.45 100291 101256
7774.55 95311.3 96260.4
7926.56 90574.2 91507.5
8081.55 86068.3 86985.9
8239.56 81782.6 82684.6
8400.67 77706.4 78592.8
8564.92 73829.9 74700.9
8732.38 70143.2 70999.1
8903.12 66637.3 67478
9077.2 63303.7 64129.3
9254.69 60133.7 60944.5
9435.64 57119.8 57915.9
9620.13 54254.2 55035.7
9808.22 51529.9 52296.9
10000 48939.9 49692.7
10195.5 46477.9 47216.5
10394.9 44137.5 44862.1
10598.1 41912.9 42623.7
10805.3 39798.6 40495.7
11016.6 37788.9 38472.4
11232 35879.1 36549.2
11451.6 34064 34720.9
11675.5 32339.2 32983.1
11903.8 30700.3 31331.2
12136.6 29142.9 29761.2
12373.9 27663.2 28268.9
12615.8 26257.3 26850.7
12862.5 24921.7 25502.8
13114 23652.9 24222
13370.4 22447.5 23004.7
13631.8 21302.5 21848.1
13898.4 20215 20749
14170.1 19182 19704.7
14447.1 18200.9 18712.4
14729.6 17269.1 17769.6
15017.6 16384.3 16873.9
15311.3 15544 16023
15610.6 14746.1 15214.6
15915.9 13988.4 14446.6
16227.1 13269 13717.1
16544.3 12586.1 13024.2
16867.8 11937.6 12366
17197.6 11322 11740.8
17533.9 10737.7 11147
17876.7 10183 10583
18226.3 9656.49 10047.4
18582.6 9156.74 9538.69
18946 8682.44 9055.61
19316.4 8232.31 8596.87
19694.1 7805.11 8161.23
20079.2 7399.73 7747.57
20471.8 7015.06 7354.77
20872 6650.05 6981.81
21280.1 6303.74 6627.7
21696.2 5975.15 6291.46
22120.4 5663.43 5972.25
22552.9 5367.68 5669.17
22993.9 5087.16 5381.46
23443.5 4821.05 5108.32
23901.9 4568.63 4849.01
24369.2 4329.22 4602.86
24845.7 4102.15 4369.19
25331.5 3886.8 4147.4
25826.8 3682.58 3936.87
26331.8 3488.91 3737.03
26846.6 3305.27 3547.36
27371.5 3131.14 3367.33
27906.7 2966.03 3196.47
28452.3 2809.5 3034.31
29008.7 2661.09 2880.39
29575.9 2520.41 2734.34
30154.1 2387.04 2595.72
30743.7 2260.62 2464.18
31344.8 2140.79 2339.35
31957.7 2027.21 2220.88
32582.6 1919.56 2108.47
33219.7 1817.54 2001.8
33869.2 1720.86 1900.59
34531.4 1629.24 1804.54
35206.6 1542.42 1713.41
35894.9 1460.16 1626.94
36596.8 1382.21 1544.9
37312.3 1308.37 1467.06
38041.9 1238.41 1393.2
38785.7 1172.13 1323.12
39544.1 1109.34 1256.64
40317.3 1049.87 1193.56
41105.6 5892.41 6032.59
41909.3 5609.8 5746.57
42728.7 5339.65 5473.09
43564.2 5081.49 5211.69
44416 4834.84 4961.88
45284.4 4599.27 4723.25
46169.8 4374.34 4495.33
47072.6 4159.61 4277.7
47992.9 3954.7 4069.95
48931.3 3759.19 3871.69
49888.1 3572.72 3682.55
50863.5 3394.89 3502.12
51858 3225.37 3330.06
52871.9 3063.8 3166.03
53905.7 2909.82 3009.67
54959.7 2763.16 2860.68
56034.3 2623.46 2718.72
57129.9 2490.44 2583.51
58247 2363.81 2454.74
59385.8 2243.28 2332.14
60547 2128.59 2215.43
61730.8 2019.48 2104.36
62937.8 1915.7 1998.68
64168.4 1817.01 1898.14
65423.1 1723.16 1802.5
66702.2 1633.97 1711.56
68006.4 1549.19 1625.09
69336.1 1468.64 1542.89
70691.8 1392.11 1464.77
72074.1 1319.41 1390.52
73483.3 1250.37 1319.98
74920.1 1184.82 1252.97
76384.9 1122.59 1189.32
77878.4 1063.52 1128.87
79401.2 1007.46 1071.47
80953.6 954.26 1016.97
82536.5 903.791 965.246
84150.3 855.915 916.147
85795.6 810.507 869.551
87473.2 767.448 825.34
89183.5 726.619 783.392
90927.2 687.911 743.597
92705.1 651.22 705.851
94517.8 616.441 670.048
96365.8 583.485 636.099
98249.9 552.259 603.908
100171 522.67 573.382
102130 494.643 544.444
104126 468.094 517.011
106162 442.948 491.008
108238 419.135 466.361
110354 396.588 443.004
112512 375.238 420.868
114712 355.027 399.892
116955 335.893 380.016
119242 317.782 361.184
#S  59 Pr
#N 3
#L PhotonEnergy[eV]  Photoelectric[barn/atom]  Total[barn/atom]
2004.49 766931 768878
2043.68 729687 731631
2083.64 694251 696190
2124.38 660536 662470
2165.92 628459 630387
2208.27 597938 599861
2251.44 568902 570818
2295.47 541274 543184
2340.35 514988 516891
2386.11 489979 491874
2432.76 466184 468071
2480.33 443545 445424
2528.82 422005 423875
2578.27 401511 403372
2628.68 382013 383864
2680.08 363461 365303
2732.48 345810 347642
2785.91 329017 330838
2840.38 313039 314848
2895.92 297837 299635
2952.54 283373 285160
3010.27 269611 271386
3069.12 256518 258281
3129.14 244061 245811
3190.32 232209 233946
3252.7 220932 222656
3316.3 210203 211914
3381.14 199995 201692
3447.25 190282 191965
3514.65 181042 182711
3583.37 172250 173904
3653.43 163885 165525
3724.87 155926 157551
3797.7 148354 149964
3871.95 141150 142744
3947.66 134295 135874
4024.84 127773 129336
4103.54 121568 123116
4183.77 115665 117196
4265.58 110048 111563
4348.98 104703 106202
4434.02 99618.6 101101
4520.71 94781 96247
4609.1 90177.9 91627.3
4699.22 85798.8 87231.4
4791.1 81632.2 83048
4884.78 77667.9 79066.7
4980.29 73896.1 75277.9
5077.67 70307.4 71672.2
5176.95 66893.2 68240.8
5278.17 63644.6 64975.1
5381.37 60553.9 61867.2
5486.59 57613.2 58909.2
5593.87 54815.3 56094.1
5703.24 52153.3 53414.8
5814.75 49620.7 50864.8
5928.45 47210.9 48437.8
6044.36 120298 121507
6162.55 114336 115528
6283.04 108665 109840
6405.89 103270 104428
6531.14 138376 139516
6658.84 131494 132618
6789.04 124949 126055
6921.78 137720 138809
7057.11 130853 131925
7195.1 124322 125378
7335.78 118112 119151
7479.22 112207 113229
7625.45 106593 107598
7774.55 101254 102243
7926.56 96179.1 97151.7
8081.55 91353.9 92310.1
8239.56 86766.8 87706.9
8400.67 82406.2 83330.2
8564.92 78261.2 79169.2
8732.38 74321.4 75213.5
8903.12 70576.5 71452.9
9077.2 67017.3 67878.1
9254.69 63634.6 64479.9
9435.64 60420 61250
9620.13 57365 58179.8
9808.22 54462.1 55261.9
10000 51703.6 52488.5
10195.5 49082.7 49852.9
10394.9 46592.4 47348
10598.1 44226.5 44967.7
10805.3 41978.8 42705.8
11016.6 39843.4 40556.3
11232 37815.1 38514
11451.6 35888.2 36573.4
11675.5 34058 34729.6
11903.8 32319.6 32977.8
12136.6 30668.6 31313.6
12373.9 29100.6 29732.5
12615.8 27611.4 28230.5
12862.5 26197.3 26803.6
13114 24854.5 25448.2
13370.4 23579.4 24160.8
13631.8 22368.7 22937.9
13898.4 21219.2 21776.4
14170.1 20127.8 20673.2
14447.1 19091.7 19625.4
14729.6 18108 18630.3
15017.6 17174.3 17685.3
15311.3 16288 16787.9
15610.6 15446.7 15935.7
15915.9 14648.2 15126.5
16227.1 13890.3 14358
16544.3 13171 13628.4
16867.8 12488.4 12935.5
17197.6 11840.7 12277.8
17533.9 11226 11653.3
17876.7 10642.8 11060.3
18226.3 10089.3 10497.4
18582.6 9564.24 9963
18946 9066.07 9455.68
19316.4 8593.46 8974.09
19694.1 8145.11 8516.92
20079.2 7719.79 8082.97
20471.8 7316.35 7671.05
20872 6933.66 7280.06
21280.1 6570.71 6908.96
21696.2 6226.45 6556.73
22120.4 5899.97 6222.43
22552.9 5590.34 5905.14
22993.9 5296.73 5604.03
23443.5 5018.31 5318.27
23901.9 4754.29 5047.06
24369.2 4503.97 4789.71
24845.7 4266.62 4545.47
25331.5 4041.61 4313.72
25826.8 3828.28 4093.8
26331.8 3626.04 3885.12
26846.6 3434.33 3687.11
27371.5 3252.61 3499.23
27906.7 3080.36 3320.96
28452.3 2917.1 3151.82
29008.7 2762.36 2991.33
29575.9 2615.71 2839.07
30154.1 2476.74 2694.61
30743.7 2345.04 2557.55
31344.8 2220.24 2427.53
31957.7 2101.98 2304.16
32582.6 1989.94 2187.14
33219.7 1883.77 2076.11
33869.2 1783.2 1970.79
34531.4 1687.91 1870.88
35206.6 1597.64 1776.1
35894.9 1512.13 1686.19
36596.8 1431.13 1600.9
37312.3 1354.41 1520
38041.9 1281.74 1443.25
38785.7 1212.92 1370.45
39544.1 1147.73 1301.4
40317.3 1086 1235.9
41105.6 1027.55 1173.77
41909.3 972.195 1114.84
42728.7 5417.31 5556.47
43564.2 5157.33 5293.1
44416 4908.93 5041.4
45284.4 4671.69 4800.94
46169.8 4445.12 4571.25
47072.6 4228.82 4351.9
47992.9 4022.37 4142.49
48931.3 3825.36 3942.6
49888.1 3637.43 3751.86
50863.5 3458.16 3569.87
51858 3287.22 3396.28
52871.9 3124.25 3230.73
53905.7 2968.91 3072.89
54959.7 2820.88 2922.42
56034.3 2679.85 2779.02
57129.9 2545.51 2642.38
58247 2417.57 2512.2
59385.8 2295.74 2388.2
60547 2179.77 2270.12
61730.8 2069.4 2157.69
62937.8 1964.35 2050.65
64168.4 1864.42 1948.78
65423.1 1769.35 1851.83
66702.2 1678.94 1759.6
68006.4 1592.97 1671.85
69336.1 1511.23 1588.38
70691.8 1433.53 1509.01
72074.1 1359.67 1433.53
73483.3 1289.5 1361.78
74920.1 1222.83 1293.57
76384.9 1159.48 1228.74
77878.4 1099.32 1167.14
79401.2 1042.19 1108.61
80953.6 987.943 1052.99
82536.5 936.438 1000.17
84150.3 887.546 949.995
85795.6 841.142 902.346
87473.2 797.105 857.1
89183.5 755.318 814.14
90927.2 715.673 773.356
92705.1 678.064 734.641
94517.8 642.389 697.892
96365.8 608.558 663.018
98249.9 576.475 629.924
100171 546.052 598.518
102130 517.21 568.722
104126 489.866 540.452
106162 463.949 513.635
108238 439.383 488.196
110354 416.103 464.067
112512 394.041 441.18
114712 373.138 419.476
116955 353.331 398.891
119242 334.568 379.373
#S  60 Nd
#N 3
#L PhotonEnergy[eV]  Photoelectric[barn/atom]  Total[barn/atom]
2004.49 832676 834702
2043.68 791945 793967
2083.64 753206 755223
2124.38 716362 718374
2165.92 681320 683326
2208.27 647991 649991
2251.44 616295 618288
2295.47 586148 588135
2340.35 557475 559454
2386.11 530205 532176
2432.76 504270 506233
2480.33 479603 481557
2528.82 456142 458087
2578.27 433829 435765
2628.68 412608 414534
2680.08 392425 394340
2732.48 373229 375133
2785.91 354972 356865
2840.38 337607 339490
2895.92 321093 322963
2952.54 305386 307244
3010.27 290447 292294
3069.12 276240 278074
3129.14 262727 264547
3190.32 249876 251683
3252.7 237653 239446
3316.3 226027 227807
3381.14 214971 216736
3447.25 204455 206206
3514.65 194454 196190
3583.37 184942 186663
3653.43 175895 177601
3724.87 167291 168981
3797.7 159108 160782
3871.95 151325 152984
3947.66 143923 145565
4024.84 136882 138509
4103.54 130186 131797
4183.77 123818 125412
4265.58 117761 119338
4348.98 112001 113561
4434.02 106522 108065
4520.71 101312 102837
4609.1 96355.8 97864.2
4699.22 91642.4 93133.5
4791.1 87159.7 88633.3
4884.78 82896 84352
4980.29 78841.1 80279.5
5077.67 74984.4 76405.1
5176.95 71316.5 72719.4
5278.17 67827.9 69213
5381.37 64510 65877.2
5486.59 61354.4 62703.7
5593.87 58353.2 59684.6
5703.24 55498.7 56812.2
5814.75 52783.9 54079.4
5928.45 50201.9 51479.5
6044.36 47746.2 49005.8
6162.55 45410.7 46652.3
6283.04 115385 116609
6405.89 109757 110963
6531.14 104397 105585
6658.84 99291.7 100462
6789.04 133146 134299
6921.78 126619 127754
7057.11 120404 121521
7195.1 132804 133903
7335.78 126268 127350
7479.22 120046 121111
7625.45 114124 115171
7774.55 108486 109516
7926.56 103120 104134
8081.55 98013.6 99010
8239.56 93153.6 94133.2
8400.67 88528.8 89491.6
8564.92 84128.2 85074.4
8732.38 79940.9 80870.7
8903.12 75957.3 76870.7
9077.2 72167.3 73064.5
9254.69 68562 69443.1
9435.64 65132.6 65997.8
9620.13 61870.5 62719.9
9808.22 58768.1 59601.9
10000 55817.6 56635.8
10195.5 53011.7 53814.7
10394.9 50343.5 51131.3
10598.1 47806.6 48579.4
10805.3 45394.6 46152.6
11016.6 43101.3 43844.6
11232 40921.3 41650.2
11451.6 38849 39563.5
11675.5 36879.2 37579.6
11903.8 35007 35693.5
12136.6 33227.7 33900.4
12373.9 31536.7 32195.8
12615.8 29929.9 30575.5
12862.5 28403 29035.5
13114 26952.3 27571.7
13370.4 25574.1 26180.6
13631.8 24264.7 24858.5
13898.4 23020.8 23602.1
14170.1 21839.3 22408.3
14447.1 20717.1 21274
14729.6 19651.2 20196.1
15017.6 18638.9 19172.1
15311.3 17677.7 18199.3
15610.6 16764.9 17275.2
15915.9 15898.2 16397.3
16227.1 15075.3 15563.4
16544.3 14294.1 14771.4
16867.8 13552.5 14019.1
17197.6 12848.5 13304.7
17533.9 12180.3 12626.2
17876.7 11546.1 11981.9
18226.3 10944.2 11370.1
18582.6 10373 10789.2
18946 9830.94 10237.6
19316.4 9316.63 9713.93
19694.1 8828.63 9216.75
20079.2 8365.66 8744.76
20471.8 7926.44 8296.7
20872 7509.78 7871.38
21280.1 7114.57 7467.67
21696.2 6739.7 7084.48
22120.4 6384.19 6720.81
22552.9 6047.02 6375.65
22993.9 5727.28 6048.09
23443.5 5424.1 5737.25
23901.9 5136.63 5442.27
24369.2 4864.08 5162.37
24845.7 4605.68 4896.78
25331.5 4360.73 4644.81
25826.8 4128.54 4405.74
26331.8 3908.46 4178.92
26846.6 3699.86 3963.74
27371.5 3502.17 3759.62
27906.7 3314.82 3565.99
28452.3 3137.3 3382.32
29008.7 2969.08 3208.09
29575.9 2809.7 3042.84
30154.1 2658.7 2886.12
30743.7 2515.65 2737.47
31344.8 2380.15 2596.5
31957.7 2251.79 2462.81
32582.6 2130.22 2336.03
33219.7 2015.08 2215.81
33869.2 1906.03 2101.81
34531.4 1802.78 1993.71
35206.6 1705 1891.22
35894.9 1612.42 1794.04
36596.8 1524.76 1701.89
37312.3 1441.79 1614.54
38041.9 1363.23 1531.72
38785.7 1288.87 1453.21
39544.1 1218.49 1378.78
40317.3 1151.87 1308.22
41105.6 1088.83 1241.33
41909.3 1029.17 1177.93
42728.7 972.712 1117.82
43564.2 919.294 1060.86
44416 5222.53 5360.64
45284.4 4968.72 5103.46
46169.8 4726.5 4857.96
47072.6 4495.37 4623.65
47992.9 4274.91 4400.08
48931.3 4064.65 4186.81
49888.1 3864.16 3983.39
50863.5 3673.05 3789.42
51858 3490.89 3604.48
52871.9 3317.3 3428.2
53905.7 3151.93 3260.2
54959.7 2994.39 3100.11
56034.3 2844.36 2947.6
57129.9 2701.52 2802.34
58247 2565.52 2663.99
59385.8 2436.07 2532.27
60547 2312.88 2406.86
61730.8 2195.66 2287.5
62937.8 2084.15 2173.89
64168.4 1978.09 2065.81
65423.1 1877.21 1962.96
66702.2 1781.31 1865.14
68006.4 1690.12 1772.09
69336.1 1603.45 1683.61
70691.8 1521.07 1599.48
72074.1 1442.79 1519.49
73483.3 1368.41 1443.46
74920.1 1297.75 1371.19
76384.9 1230.64 1302.52
77878.4 1166.9 1237.27
79401.2 1106.37 1175.27
80953.6 1048.91 1116.38
82536.5 994.346 1060.43
84150.3 942.562 1007.3
85795.6 893.411 956.845
87473.2 846.765 908.932
89183.5 802.508 863.444
90927.2 760.513 820.255
92705.1 720.678 779.26
94517.8 682.89 740.346
96365.8 647.049 703.412
98249.9 613.061 668.363
100171 580.83 635.102
102130 550.269 603.54
104126 521.294 573.594
106162 493.827 545.184
108238 467.79 518.231
110354 443.112 492.663
112512 419.722 468.409
114712 397.556 445.404
116955 376.551 423.583
119242 356.649 402.889
#S  61 Pm
#N 3
#L PhotonEnergy[eV]  Photoelectric[barn/atom]  Total[barn/atom]
2004.49 897806 899911
2043.68 853787 855888
2083.64 811926 814022
2124.38 772117 774208
2165.92 734260 736345
2208.27 698258 700337
2251.44 664023 666095
2295.47 631467 633531
2340.35 600505 602562
2386.11 571062 573111
2432.76 543063 545103
2480.33 516436 518467
2528.82 491115 493137
2578.27 467037 469048
2628.68 444137 446139
2680.08 422361 424352
2732.48 401653 403633
2785.91 381960 383928
2840.38 363232 365189
2895.92 345422 347367
2952.54 328487 330419
3010.27 312380 314300
3069.12 297065 298971
3129.14 282499 284392
3190.32 268649 270527
3252.7 255477 257342
3316.3 242951 244801
3381.14 231039 232874
3447.25 219711 221531
3514.65 208939 210744
3583.37 198694 200484
3653.43 188952 190726
3724.87 179688 181446
3797.7 170878 172619
3871.95 162500 164225
3947.66 154532 156241
4024.84 146956 148647
4103.54 139750 141425
4183.77 132898 134556
4265.58 126382 128022
4348.98 120186 121808
4434.02 114293 115898
4520.71 108689 110276
4609.1 103360 104929
4699.22 98292.4 99843.8
4791.1 93473.3 95006.5
4884.78 88890 90405
4980.29 84531.8 86028.5
5077.67 80387.1 81865.5
5176.95 76445.8 77905.7
5278.17 72697.7 74139.1
5381.37 69133.2 70556.2
5486.59 65743.7 67148
5593.87 62520.2 63906
5703.24 59454.8 60822
5814.75 56539.8 57888.3
5928.45 53767.7 55097.5
6044.36 51131.4 52442.6
6162.55 48624.4 49917.1
6283.04 46240.3 47514.4
6405.89 43973.2 45228.7
6531.14 112766 114003
6658.84 107164 108383
6789.04 101835 103035
6921.78 96767.1 97949
7057.11 129645 130808
7195.1 123180 124326
7335.78 117032 118160
7479.22 128976 130085
7625.45 122527 123618
7774.55 116395 117468
7926.56 110565 111620
8081.55 105021 106059
8239.56 99750.9 100771
8400.67 94740.4 95743.5
8564.92 89977.4 90963.2
8732.38 85449.5 86418.3
8903.12 81145.6 82097.3
9077.2 77054.8 77989.7
9254.69 73166.6 74084.8
9435.64 69471.3 70373
9620.13 65959.4 66844.6
9808.22 62622.1 63491.1
10000 59450.6 60303.6
10195.5 56437.2 57274.2
10394.9 53573.8 54395.1
10598.1 50853.3 51659
10805.3 48268.6 49058.9
11016.6 45813 46588
11232 43480.3 44240.2
11451.6 41264.3 42009.3
11675.5 39159.4 39889.7
11903.8 37160.1 37875.9
12136.6 35261.1 35962.6
12373.9 33457.5 34144.9
12615.8 31744.7 32418.1
12862.5 30118.1 30777.7
13114 28573.5 29219.5
13370.4 27106.8 27739.4
13631.8 25714.1 26333.5
13898.4 24391.8 24998.2
14170.1 23136.3 23729.9
14447.1 21944.5 22525.5
14729.6 20813 21381.5
15017.6 19738.9 20295.2
15311.3 18719.3 19263.6
15610.6 17751.5 18284
15915.9 16833 17353.8
16227.1 15961.2 16470.5
16544.3 15133.8 15631.9
16867.8 14348.6 14835.6
17197.6 13603.5 14079.6
17533.9 12896.5 13361.9
17876.7 12225.6 12680.5
18226.3 11589.1 12033.7
18582.6 10985.2 11419.6
18946 10412.2 10836.7
19316.4 9868.67 10283.4
19694.1 9353.05 9758.18
20079.2 8863.92 9259.66
20471.8 8399.98 8786.5
20872 7959.93 8337.41
21280.1 7542.57 7911.2
21696.2 7146.75 7506.69
22120.4 6771.37 7122.81
22552.9 6415.4 6758.49
22993.9 6077.85 6412.78
23443.5 5757.78 6084.72
23901.9 5454.3 5773.4
24369.2 5166.57 5478.01
24845.7 4893.78 5197.71
25331.5 4635.17 4931.76
25826.8 4390.01 4679.42
26331.8 4157.61 4440
26846.6 3937.34 4212.85
27371.5 3728.55 3997.34
27906.7 3530.66 3792.88
28452.3 3343.11 3598.92
29008.7 3165.37 3414.91
29575.9 2996.94 3240.35
30154.1 2837.33 3074.75
30743.7 2686.09 2917.66
31344.8 2542.79 2768.66
31957.7 2407.02 2627.3
32582.6 2278.39 2493.23
33219.7 2156.52 2366.06
33869.2 2041.08 2245.43
34531.4 1931.72 2131.02
35206.6 1828.14 2022.5
35894.9 1730.03 1919.57
36596.8 1637.09 1821.95
37312.3 1549.09 1729.37
38041.9 1465.73 1641.56
38785.7 1386.8 1558.28
39544.1 1312.05 1479.29
40317.3 1241.28 1404.39
41105.6 1174.26 1333.35
41909.3 1110.81 1265.98
42728.7 1050.73 1202.09
43564.2 993.864 1141.5
44416 940.021 1084.04
45284.4 5260.43 5400.93
46169.8 5005.47 5142.54
47072.6 4762.07 4895.81
47992.9 4529.79 4660.27
48931.3 4308.14 4435.46
49888.1 4096.71 4220.97
50863.5 3895.06 4016.33
51858 3702.78 3821.14
52871.9 3519.49 3635.01
53905.7 3344.77 3457.55
54959.7 3178.3 3288.4
56034.3 3019.68 3127.18
57129.9 2868.59 2973.57
58247 2724.71 2827.23
59385.8 2587.7 2687.83
60547 2457.28 2555.09
61730.8 2333.14 2428.7
62937.8 2215.01 2308.37
64168.4 2102.61 2193.85
65423.1 1995.68 2084.85
66702.2 1893.98 1981.15
68006.4 1797.27 1882.48
69336.1 1705.32 1788.63
70691.8 1617.9 1699.38
72074.1 1534.81 1614.5
73483.3 1455.85 1533.81
74920.1 1380.82 1457.09
76384.9 1309.54 1384.17
77878.4 1241.82 1314.87
79401.2 1177.51 1249.01
80953.6 1116.44 1186.44
82536.5 1058.44 1127
84150.3 1003.39 1070.53
85795.6 951.13 1016.9
87473.2 901.526 965.967
89183.5 854.454 917.604
90927.2 809.784 871.681
92705.1 767.403 828.083
94517.8 727.193 786.692
96365.8 689.055 747.408
98249.9 652.883 710.123
100171 618.575 674.734
102130 586.045 641.154
104126 555.201 609.291
106162 525.957 579.057
108238 498.234 550.373
110354 471.956 523.162
112512 447.047 497.347
114712 423.442 472.862
116955 401.072 449.637
119242 379.875 427.609
#S  62 Sm
#N 3
#L PhotonEnergy[eV]  Photoelectric[barn/atom]  Total[barn/atom]
2004.49 967773 969959
2043.68 920020 922202
2083.64 874623 876800
2124.38 831466 833637
2165.92 790437 792602
2208.27 751433 753592
2251.44 714356 716508
2295.47 679107 681251
2340.35 645596 647733
2386.11 613740 615868
2432.76 583456 585575
2480.33 554665 556775
2528.82 527296 529396
2578.27 501278 503368
2628.68 476542 478622
2680.08 453028 455096
2732.48 430673 432730
2785.91 409422 411468
2840.38 389219 391252
2895.92 370014 372034
2952.54 351756 353764
3010.27 334398 336393
3069.12 317898 319879
3129.14 302211 304178
3190.32 287299 289252
3252.7 273123 275061
3316.3 259646 261569
3381.14 246834 248742
3447.25 234654 236546
3514.65 223076 224952
3583.37 212068 213928
3653.43 201604 203448
3724.87 191656 193483
3797.7 182199 184009
3871.95 173208 175002
3947.66 164662 166438
4024.84 156536 158295
4103.54 148812 150554
4183.77 141469 143193
4265.58 134488 136194
4348.98 127852 129540
4434.02 121544 123213
4520.71 115546 117197
4609.1 109844 111477
4699.22 104424 106038
4791.1 99271.8 100866
4884.78 94373.3 95949.1
4980.29 89716.6 91273.5
5077.67 85289.5 86827.3
5176.95 81081 82599.8
5278.17 77080.2 78579.7
5381.37 73276.7 74757
5486.59 69660.9 71122
5593.87 66223.6 67665.4
5703.24 62955.8 64378.3
5814.75 59849.4 61252.6
5928.45 56896.2 58280
6044.36 54088.7 55453.2
6162.55 51419.7 52765
6283.04 48882.4 50208.4
6405.89 46470.4 47777.2
6531.14 44177.3 45464.9
6658.84 41997.5 43265.9
6789.04 107090 108339
6921.78 101789 103019
7057.11 96745.5 97956.8
7195.1 91947.8 93140.2
7335.78 123212 124386
7479.22 117091 118246
7625.45 111270 112406
7774.55 122650 123768
7926.56 116542 117641
8081.55 110733 111814
8239.56 105208 106271
8400.67 99955.2 101000
8564.92 94960.3 95987.2
8732.38 90210.5 91219.7
8903.12 85694.6 86686.1
9077.2 81401 82375
9254.69 77319.2 78275.8
9435.64 73438.7 74378.1
9620.13 69749.6 70672
9808.22 66243.2 67148.7
10000 62909.9 63798.7
10195.5 59741.9 60614.1
10394.9 56730.6 57586.5
10598.1 53868.9 54708.6
10805.3 51149.2 51972.8
11016.6 48564.5 49372.3
11232 46108.5 46900.6
11451.6 43774.6 44551.2
11675.5 41557 42318.4
11903.8 39450 40196.3
12136.6 37448.1 38179.5
12373.9 35546.2 36262.9
12615.8 33739.4 34441.5
12862.5 32022.9 32710.7
13114 30392.5 31066.2
13370.4 28843.7 29503.4
13631.8 27372.6 28018.6
13898.4 25975.4 26607.9
14170.1 24648.4 25267.5
14447.1 23388.2 23994.2
14729.6 22191.3 22784.3
15017.6 21054.8 21635.1
15311.3 19975.5 20543.3
15610.6 18950.8 19506.2
15915.9 17977.8 18521.1
16227.1 17053.9 17585.3
16544.3 16176.9 16696.5
16867.8 15344.2 15852.3
17197.6 14553.8 15050.5
17533.9 13803.4 14289
17876.7 13091.2 13565.8
18226.3 12415.1 12879
18582.6 11773.4 12226.8
18946 11164.4 11607.4
19316.4 10586.4 11019.2
19694.1 10037.9 10460.7
20079.2 9517.35 9930.4
20471.8 9023.4 9426.84
20872 8554.7 8948.72
21280.1 8109.99 8494.77
21696.2 7688.04 8063.77
22120.4 7287.72 7654.58
22552.9 6907.93 7266.09
22993.9 6547.65 6897.29
23443.5 6205.87 6547.17
23901.9 5881.67 6214.8
24369.2 5574.16 5899.28
24845.7 5282.47 5599.77
25331.5 5005.83 5315.47
25826.8 4743.47 5045.61
26331.8 4494.65 4789.45
26846.6 4258.69 4546.32
27371.5 4034.94 4315.56
27906.7 3822.77 4096.53
28452.3 3621.59 3888.65
29008.7 3430.85 3691.36
29575.9 3250.01 3504.11
30154.1 3078.56 3326.41
30743.7 2916.02 3157.76
31344.8 2761.94 2997.72
31957.7 2615.88 2845.83
32582.6 2477.44 2701.71
33219.7 2346.21 2564.93
33869.2 2221.84 2435.14
34531.4 2103.97 2311.98
35206.6 1992.26 2195.11
35894.9 1886.39 2084.22
36596.8 1786.07 1978.99
37312.3 1691.01 1879.15
38041.9 1600.94 1784.41
38785.7 1515.6 1694.52
39544.1 1434.74 1609.23
40317.3 1358.13 1528.31
41105.6 1285.55 1451.52
41909.3 1216.81 1378.68
42728.7 1151.68 1309.56
43564.2 1089.99 1243.98
44416 1031.56 1181.76
45284.4 976.215 1122.73
46169.8 923.8 1066.73
47072.6 5067 5206.44
47992.9 4817.77 4953.81
48931.3 4580.12 4712.85
49888.1 4353.57 4483.08
50863.5 4137.65 4264.03
51858 3931.91 4055.24
52871.9 3735.89 3856.26
53905.7 3549.16 3666.65
54959.7 3371.34 3486.03
56034.3 3202.02 3313.98
57129.9 3040.82 3150.14
58247 2887.4 2994.14
59385.8 2741.39 2845.62
60547 2602.46 2704.27
61730.8 2470.3 2569.74
62937.8 2344.59 2441.74
64168.4 2225.05 2319.97
65423.1 2111.37 2204.12
66702.2 2003.31 2093.95
68006.4 1900.59 1989.18
69336.1 1802.96 1889.57
70691.8 1710.19 1794.87
72074.1 1622.04 1704.85
73483.3 1538.31 1619.29
74920.1 1458.77 1537.99
76384.9 1383.24 1460.74
77878.4 1311.51 1387.34
79401.2 1243.4 1317.62
80953.6 1178.75 1251.4
82536.5 1117.38 1188.5
84150.3 1059.13 1128.78
85795.6 1003.86 1072.06
87473.2 951.411 1018.22
89183.5 901.65 967.102
90927.2 854.444 918.581
92705.1 809.666 872.526
94517.8 767.192 828.813
96365.8 726.916 787.334
98249.9 688.722 747.971
100171 652.507 710.622
102130 618.172 675.185
104126 585.622 641.566
106162 554.768 609.673
108238 525.521 579.418
110354 497.804 550.722
112512 471.536 523.502
114712 446.645 497.688
116955 423.058 473.203
119242 400.71 449.984
#S  63 Eu
#N 3
#L PhotonEnergy[eV]  Photoelectric[barn/atom]  Total[barn/atom]
2004.49 1.06032e+06 1.06259e+06
2043.68 1.00758e+06 1.00984e+06
2083.64 957463 959722
2124.38 909838 912092
2165.92 864582 866830
2208.27 821577 823818
2251.44 780713 782946
2295.47 741880 744106
2340.35 704978 707196
2386.11 669912 672121
2432.76 636591 638791
2480.33 604927 607117
2528.82 574837 577018
2578.27 546245 548415
2628.68 519074 521234
2680.08 493256 495403
2732.48 468720 470857
2785.91 445406 447530
2840.38 423252 425363
2895.92 402199 404297
2952.54 382193 384278
3010.27 363183 365254
3069.12 345118 347176
3129.14 327952 329994
3190.32 311640 313668
3252.7 296139 298152
3316.3 281408 283406
3381.14 267411 269393
3447.25 254110 256076
3514.65 241470 243420
3583.37 229460 231392
3653.43 218046 219962
3724.87 207200 209099
3797.7 196894 198776
3871.95 187101 188965
3947.66 177794 179640
4024.84 168951 170779
4103.54 160547 162357
4183.77 152562 154353
4265.58 144973 146746
4348.98 137762 139516
4434.02 130910 132645
4520.71 124398 126114
4609.1 118210 119907
4699.22 112331 114008
4791.1 106744 108401
4884.78 101434 103072
4980.29 96388.8 98007.5
5077.67 91594.2 93193.2
5176.95 87038.3 88617.5
5278.17 82709 84268.4
5381.37 78595.1 80134.6
5486.59 74685.7 76205.2
5593.87 70970.7 72470.3
5703.24 67440.6 68920.2
5814.75 64086.2 65545.8
5928.45 60898.5 62338.1
6044.36 57869.4 59289
6162.55 54991 56390.5
6283.04 52255.6 53635.2
6405.89 49656.5 51016.2
6531.14 47186.5 48526.3
6658.84 44839.5 46159.4
6789.04 42609.1 43909.1
6921.78 40489.8 41770.1
7057.11 104776 106037
7195.1 99523.8 100765
7335.78 94531.6 95753.1
7479.22 89786.5 90988.6
7625.45 120240 121423
7774.55 114197 115361
7926.56 108454 109599
8081.55 119476 120602
8239.56 113460 114567
8400.67 107743 108831
8564.92 102311 103381
8732.38 97149.7 98200.6
8903.12 92245.5 93278.1
9077.2 87585.9 88600.2
9254.69 83158.9 84155.3
9435.64 78953.1 79931.6
9620.13 74957.2 75918.1
9808.22 71161.5 72104.8
10000 67555.5 68481.4
10195.5 64130.3 65039
10394.9 60876.5 61768.2
10598.1 57786 58660.9
10805.3 54850.5 55708.8
11016.6 52062.4 52904.2
11232 49414.4 50239.9
11451.6 46899.4 47708.8
11675.5 44511 45304.5
11903.8 42242.8 43020.6
12136.6 40088.8 40851.2
12373.9 38043.4 38790.4
12615.8 36101.1 36833.1
12862.5 34256.8 34973.9
13114 32505.8 33208.1
13370.4 30843.1 31531
13631.8 29264.5 29938.1
13898.4 27765.8 28425.3
14170.1 26343 26988.6
14447.1 24992.2 25624.2
14729.6 23709.8 24328.3
15017.6 22492.6 23097.9
15311.3 21337.1 21929.3
15610.6 20240.3 20819.7
15915.9 19199.2 19766
16227.1 18211.1 18765.4
16544.3 17273.3 17815.4
16867.8 16383.1 16913.2
17197.6 15538.4 16056.6
17533.9 14736.7 15243.4
17876.7 13975.9 14471.2
18226.3 13253.9 13738
18582.6 12568.8 13041.9
18946 11918.7 12381
19316.4 11301.9 11753.6
19694.1 10716.6 11157.9
20079.2 10161.3 10592.4
20471.8 9634.47 10055.5
20872 9134.61 9545.85
21280.1 8660.44 9062.05
21696.2 8210.56 8602.74
22120.4 7783.81 8166.73
22552.9 7378.99 7752.84
22993.9 6995 7359.97
23443.5 6630.76 6987.03
23901.9 6285.27 6633.02
24369.2 5957.59 6297
24845.7 5646.8 5978.04
25331.5 5352.05 5675.3
25826.8 5072.51 5387.94
26331.8 4807.41 5115.19
26846.6 4556.01 4856.31
27371.5 4317.61 4610.59
27906.7 4091.56 4377.37
28452.3 3877.2 4156.02
29008.7 3673.96 3945.94
29575.9 3481.25 3746.55
30154.1 3298.54 3557.3
30743.7 3125.31 3377.7
31344.8 2961.08 3207.24
31957.7 2805.39 3045.46
32582.6 2657.8 2891.93
33219.7 2517.88 2746.21
33869.2 2385.25 2607.93
34531.4 2259.53 2476.68
35206.6 2140.37 2352.13
35894.9 2027.42 2233.93
36596.8 1920.37 2121.74
37312.3 1818.91 2015.29
38041.9 1722.75 1914.25
38785.7 1631.62 1818.37
39544.1 1545.26 1727.38
40317.3 1463.42 1641.02
41105.6 1385.87 1559.07
41909.3 1312.39 1481.3
42728.7 1242.76 1407.49
43564.2 1176.78 1337.45
44416 1114.27 1270.98
45284.4 1055.05 1207.89
46169.8 998.938 1148.03
47072.6 945.778 1091.21
47992.9 895.418 1037.3
48931.3 4836.39 4974.8
49888.1 4599.54 4734.59
50863.5 4373.63 4505.4
51858 4158.21 4286.78
52871.9 3952.84 4078.31
53905.7 3757.07 3879.52
54959.7 3570.52 3690.04
56034.3 3392.76 3509.43
57129.9 3223.45 3337.34
58247 3062.18 3173.37
59385.8 2908.61 3017.18
60547 2762.4 2868.42
61730.8 2623.23 2726.77
62937.8 2490.77 2591.91
64168.4 2364.74 2463.54
65423.1 2244.83 2341.35
66702.2 2130.77 2225.09
68006.4 2022.29 2114.46
69336.1 1919.14 2009.23
70691.8 1821.07 1909.13
72074.1 1727.83 1813.93
73483.3 1639.22 1723.41
74920.1 1555.01 1637.35
76384.9 1475 1555.53
77878.4 1398.98 1477.76
79401.2 1326.77 1403.85
80953.6 1258.19 1333.62
82536.5 1193.05 1266.89
84150.3 1131.21 1203.5
85795.6 1072.5 1143.27
87473.2 1016.76 1086.07
89183.5 963.859 1031.75
90927.2 913.651 980.157
92705.1 866.006 931.171
94517.8 820.798 884.662
96365.8 777.909 840.509
98249.9 737.224 798.596
100171 698.632 758.813
102130 662.03 721.055
104126 627.319 685.22
106162 594.405 651.215
108238 563.195 618.947
110354 533.607 588.329
112512 505.556 559.28
114712 478.967 531.721
116955 453.765 505.575
119242 429.879 480.774
#S  64 Gd
#N 3
#L PhotonEnergy[eV]  Photoelectric[barn/atom]  Total[barn/atom]
2004.49 1.09037e+06 1.09271e+06
2043.68 1.03666e+06 1.039e+06
2083.64 985603 987933
2124.38 937057 939381
2165.92 890902 893220
2208.27 847021 849332
2251.44 805302 807605
2295.47 765637 767932
2340.35 727925 730212
2386.11 692072 694350
2432.76 657984 660252
2480.33 625575 627833
2528.82 594762 597010
2578.27 565468 567706
2628.68 537615 539842
2680.08 511136 513350
2732.48 485960 488162
2785.91 462024 464214
2840.38 439266 441444
2895.92 417630 419794
2952.54 397060 399210
3010.27 377503 379639
3069.12 358910 361031
3129.14 341231 343338
3190.32 324424 326516
3252.7 308445 310521
3316.3 293252 295313
3381.14 278808 280852
3447.25 265076 267103
3514.65 252019 254030
3583.37 239606 241600
3653.43 227805 229781
3724.87 216584 218543
3797.7 205916 207857
3871.95 195774 197697
3947.66 186131 188036
4024.84 176963 178849
4103.54 168247 170114
4183.77 159960 161808
4265.58 152081 153910
4348.98 144591 146401
4434.02 137469 139259
4520.71 130698 132469
4609.1 124260 126011
4699.22 118140 119871
4791.1 112321 114032
4884.78 106788 108480
4980.29 101529 103200
5077.67 96527.8 98178.8
5176.95 91773.5 93404.1
5278.17 87253.2 88863.4
5381.37 82955.6 84545.4
5486.59 78869.6 80438.8
5593.87 74984.9 76533.6
5703.24 71291.5 72819.7
5814.75 67780.1 69287.7
5928.45 64441.6 65928.6
6044.36 61267.5 62734
6162.55 58249.8 59695.7
6283.04 55380.8 56806.1
6405.89 52653 54057.8
6531.14 50059.6 51443.9
6658.84 47593.9 48957.8
6789.04 45249.6 46593.2
6921.78 43020.9 44344.2
7057.11 40902 42205
7195.1 38887.3 40170.1
7335.78 99855.9 101119
7479.22 94854.8 96097.6
7625.45 90101.2 91324.1
7774.55 85583.1 86786.2
7926.56 81288.8 82472.3
8081.55 108862 110026
8239.56 103394 104538
8400.67 113907 115032
8564.92 108178 109284
8732.38 102733 103820
8903.12 97558.9 98627.1
9077.2 92642.5 93692
9254.69 87971 89002
9435.64 83532.3 84544.8
9620.13 79314.8 80309.1
9808.22 75308.1 76284.3
10000 71501.1 72459.5
10195.5 67884.5 68825.2
10394.9 64448.7 65371.8
10598.1 61184.9 62090.6
10805.3 58084.4 58973
11016.6 55139.1 56010.8
11232 52341.6 53196.5
11451.6 49684.3 50522.6
11675.5 47160.4 47982.3
11903.8 44763.2 45568.9
12136.6 42486.5 43276.2
12373.9 40324.3 41098.2
12615.8 38270.9 39029.2
12862.5 36320.8 37063.7
13114 34469 35196.8
13370.4 32710.5 33423.3
13631.8 31040.7 31738.8
13898.4 29455.2 30138.7
14170.1 27949.7 28618.9
14447.1 26520.3 27175.4
14729.6 25163.2 25804.4
15017.6 23874.8 24502.3
15311.3 22651.5 23265.6
15610.6 21490.3 22091.1
15915.9 20388 20975.7
16227.1 19341.5 19916.3
16544.3 18348.1 18910.4
16867.8 17405.2 17955
17197.6 16510.2 17047.9
17533.9 15660.7 16186.4
17876.7 14854.5 15368.3
18226.3 14089.3 14591.5
18582.6 13363 13853.9
18946 12673.8 13153.5
19316.4 12019.7 12488.5
19694.1 11399.1 11857
20079.2 10810.1 11257.5
20471.8 10251.2 10688.2
20872 9720.88 10147.8
21280.1 9217.7 9634.6
21696.2 8740.27 9147.4
22120.4 8287.31 8684.86
22552.9 7857.55 8245.71
22993.9 7449.85 7828.81
23443.5 7063.07 7433.02
23901.9 6696.14 7057.26
24369.2 6348.08 6700.55
24845.7 6017.9 6361.91
25331.5 5704.72 6040.44
25826.8 5407.65 5735.27
26331.8 5125.89 5445.56
26846.6 4858.65 5170.56
27371.5 4605.18 4909.5
27906.7 4364.8 4661.7
28452.3 4136.83 4426.47
29008.7 3920.64 4203.18
29575.9 3715.63 3991.23
30154.1 3521.22 3790.05
30743.7 3336.87 3599.08
31344.8 3162.07 3417.81
31957.7 2996.33 3245.75
32582.6 2839.18 3082.44
33219.7 2690.18 2927.42
33869.2 2548.93 2780.28
34531.4 2415.01 2640.63
35206.6 2288.05 2508.07
35894.9 2167.7 2382.25
36596.8 2053.6 2262.82
37312.3 1945.45 2149.48
38041.9 1842.94 2041.89
38785.7 1745.77 1939.78
39544.1 1653.66 1842.86
40317.3 1566.37 1750.87
41105.6 1483.63 1663.56
41909.3 1405.23 1580.69
42728.7 1330.91 1502.04
43564.2 1260.49 1427.38
44416 1193.76 1356.52
45284.4 1130.52 1289.27
46169.8 1070.6 1225.44
47072.6 1013.82 1164.85
47992.9 960.016 1107.35
48931.3 909.04 1052.77
49888.1 860.744 1000.96
50863.5 4716.09 4852.89
51858 4487.58 4621.06
52871.9 4269.37 4399.62
53905.7 4061.03 4188.13
54959.7 3862.18 3986.23
56034.3 3672.44 3793.51
57129.9 3491.43 3609.61
58247 3318.79 3434.16
59385.8 3154.18 3266.82
60547 2997.26 3107.24
61730.8 2847.71 2955.11
62937.8 2705.2 2810.09
64168.4 2569.45 2671.9
65423.1 2440.16 2540.23
66702.2 2317.05 2414.82
68006.4 2199.84 2295.37
69336.1 2088.28 2181.65
70691.8 1982.12 2073.37
72074.1 1881.11 1970.32
73483.3 1785.04 1872.25
74920.1 1693.66 1778.94
76384.9 1606.78 1690.17
77878.4 1524.17 1605.74
79401.2 1445.65 1525.45
80953.6 1371.04 1449.12
82536.5 1300.13 1376.54
84150.3 1232.78 1307.57
85795.6 1168.8 1242.01
87473.2 1108.03 1179.71
89183.5 1050.33 1120.53
90927.2 995.553 1064.31
92705.1 943.551 1010.91
94517.8 894.191 960.19
96365.8 847.35 912.03
98249.9 802.908 866.308
100171 760.742 822.898
102130 720.742 781.691
104126 682.802 742.579
106162 646.823 705.462
108238 612.704 670.236
110354 580.357 636.816
112512 549.688 605.104
114712 520.617 575.021
116955 493.062 546.482
119242 466.95 519.414
#S  65 Tb
#N 3
#L PhotonEnergy[eV]  Photoelectric[barn/atom]  Total[barn/atom]
2004.49 1.20875e+06 1.21119e+06
2043.68 1.1485e+06 1.15093e+06
2083.64 1.09125e+06 1.09368e+06
2124.38 1.03686e+06 1.03929e+06
2165.92 985182 987600
2208.27 936077 938487
2251.44 889421 891824
2295.47 845089 847484
2340.35 802967 805354
2386.11 762945 765322
2432.76 724917 727284
2480.33 688785 691142
2528.82 654454 656800
2578.27 621834 624170
2628.68 590840 593164
2680.08 561390 563702
2732.48 533409 535708
2785.91 506822 509109
2840.38 481560 483834
2895.92 457558 459817
2952.54 434752 436997
3010.27 413082 415313
3069.12 392493 394709
3129.14 372929 375130
3190.32 354342 356526
3252.7 336681 338850
3316.3 319899 322051
3381.14 303955 306090
3447.25 288804 290922
3514.65 274410 276511
3583.37 260732 262815
3653.43 247736 249802
3724.87 235388 237435
3797.7 223656 225684
3871.95 212508 214518
3947.66 201916 203907
4024.84 191852 193823
4103.54 182290 184242
4183.77 173204 175136
4265.58 164571 166483
4348.98 156368 158260
4434.02 148574 150446
4520.71 141169 143020
4609.1 134132 135963
4699.22 127447 129257
4791.1 121094 122884
4884.78 115058 116827
4980.29 109324 111072
5077.67 103875 105601
5176.95 98697.3 100403
5278.17 93777.9 95462.2
5381.37 89103.7 90766.7
5486.59 84662.5 86304.1
5593.87 80442.6 82062.9
5703.24 76433.1 78031.9
5814.75 72623.6 74200.9
5928.45 69003.8 70559.6
6044.36 65564.3 67098.7
6162.55 62296.4 63809.4
6283.04 59191.3 60682.8
6405.89 56241.1 57711.2
6531.14 53437.8 54886.5
6658.84 50774.3 52201.8
6789.04 48243.5 49649.7
6921.78 45838.9 47223.9
7057.11 43554.2 44918.1
7195.1 41383.3 42726.1
7335.78 39320.7 40642.5
7479.22 37360.7 38661.7
7625.45 96365.5 97645.7
7774.55 91549.8 92809.3
7926.56 86971.5 88210.5
8081.55 82619.4 83838
8239.56 78482.3 79680.6
8400.67 105115 106293
8564.92 99844.5 101002
8732.38 110008 111146
8903.12 104485 105603
9077.2 99235.4 100334
9254.69 94246.1 95325.6
9435.64 89504.7 90565
9620.13 84998.6 86039.9
9808.22 80716.9 81739.2
10000 76647.7 77651.3
10195.5 72781.4 73766.5
10394.9 69107.5 70074.2
10598.1 65616.9 66565.5
10805.3 62300.4 63231.1
11016.6 59149.3 60062.2
11232 56155.7 57051
11451.6 53311.6 54189.6
11675.5 50609.9 51470.8
11903.8 48043.3 48887.2
12136.6 45605.4 46432.5
12373.9 43289.5 44100.1
12615.8 41089.9 41884.2
12862.5 39000.6 39778.8
13114 37016.2 37778.6
13370.4 35131.6 35878.3
13631.8 33341.7 34073
13898.4 31642 32358
14170.1 30027.8 30728.8
14447.1 28495 29181.2
14729.6 27039.3 27711
15017.6 25657.3 26314.6
15311.3 24344.9 24988.1
15610.6 23098.9 23728.2
15915.9 21915.9 22531.5
16227.1 20792.7 21394.9
16544.3 19726.4 20315.4
16867.8 18714.1 19290.1
17197.6 17753.2 18316.3
17533.9 16840.9 17391.5
17876.7 15975 16513.3
18226.3 15153.1 15679.2
18582.6 14373 14887.1
18946 13632.5 14135
19316.4 12929.8 13420.7
19694.1 12262.8 12742.5
20079.2 11629.8 12098.4
20471.8 11029.1 11486.8
20872 10459.1 10906.1
21280.1 9918.16 10354.8
21696.2 9404.85 9831.22
22120.4 8917.84 9334.16
22552.9 8455.71 8862.18
22993.9 8017.27 8414.09
23443.5 7601.28 7988.65
23901.9 7206.63 7584.74
24369.2 6832.23 7201.27
24845.7 6477.03 6837.2
25331.5 6140.1 6491.58
25826.8 5820.49 6163.46
26331.8 5517.31 5851.96
26846.6 5229.75 5556.26
27371.5 4956.99 5275.54
27906.7 4698.3 5009.06
28452.3 4452.95 4756.09
29008.7 4220.26 4515.95
29575.9 3999.59 4288.01
30154.1 3790.33 4071.64
30743.7 3591.88 3866.24
31344.8 3403.71 3671.29
31957.7 3225.28 3486.22
32582.6 3056.1 3310.57
33219.7 2895.68 3143.84
33869.2 2743.6 2985.58
34531.4 2599.41 2835.36
35206.6 2462.7 2692.79
35894.9 2333.11 2557.46
36596.8 2210.25 2429.01
37312.3 2093.8 2307.1
38041.9 1983.4 2191.39
38785.7 1878.77 2081.56
39544.1 1779.58 1977.32
40317.3 1685.58 1878.39
41105.6 1596.48 1784.49
41909.3 1512.05 1695.37
42728.7 1432.02 1610.78
43564.2 1356.18 1530.5
44416 1284.32 1454.3
45284.4 1216.22 1381.99
46169.8 1151.69 1313.36
47072.6 1090.54 1248.21
47992.9 1032.61 1186.39
48931.3 977.713 1127.71
49888.1 925.708 1072.02
50863.5 876.436 1019.16
51858 829.758 968.996
52871.9 4356.02 4491.87
53905.7 4142.3 4274.85
54959.7 3938.51 4067.84
56034.3 3744.21 3870.42
57129.9 3559.01 3682.18
58247 3382.51 3502.73
59385.8 3214.35 3331.7
60547 3054.15 3168.71
61730.8 2901.57 3013.41
62937.8 2756.28 2865.49
64168.4 2617.95 2724.6
65423.1 2486.26 2590.42
66702.2 2360.94 2462.68
68006.4 2241.68 2341.08
69336.1 2128.22 2225.33
70691.8 2020.29 2115.19
72074.1 1917.63 2010.37
73483.3 1820.02 1910.66
74920.1 1727.2 1815.82
76384.9 1638.96 1725.61
77878.4 1555.1 1639.83
79401.2 1475.39 1558.26
80953.6 1399.65 1480.72
82536.5 1327.69 1407
84150.3 1259.34 1336.94
85795.6 1194.41 1270.36
87473.2 1132.74 1207.09
89183.5 1074.19 1146.98
90927.2 1018.59 1089.87
92705.1 965.811 1035.62
94517.8 915.709 984.09
96365.8 868.156 935.153
98249.9 823.029 888.682
100171 780.204 844.552
102130 739.573 802.655
104126 701.023 762.875
106162 664.459 725.116
108238 629.772 689.269
110354 596.876 655.247
112512 565.676 622.953
114712 536.092 592.308
116955 508.039 563.223
119242 481.444 535.626
#S  66 Dy
#N 3
#L PhotonEnergy[eV]  Photoelectric[barn/atom]  Total[barn/atom]
2004.49 1.29978e+06 1.30231e+06
2043.68 1.2347e+06 1.23722e+06
2083.64 1.17288e+06 1.17539e+06
2124.38 1.11415e+06 1.11666e+06
2165.92 1.05836e+06 1.06086e+06
2208.27 1.00536e+06 1.00786e+06
2251.44 955022 957512
2295.47 907201 909683
2340.35 861774 864248
2386.11 818622 821086
2432.76 777632 780086
2480.33 738693 741137
2528.82 701704 704137
2578.27 666569 668990
2628.68 633192 635601
2680.08 601486 603883
2732.48 571368 573752
2785.91 542758 545128
2840.38 515580 517937
2895.92 489763 492106
2952.54 465239 467568
3010.27 441944 444257
3069.12 419814 422112
3129.14 398792 401075
3190.32 378824 381090
3252.7 359856 362105
3316.3 341836 344069
3381.14 324720 326935
3447.25 308460 310657
3514.65 293014 295194
3583.37 278342 280504
3653.43 264405 266548
3724.87 251165 253290
3797.7 238589 240694
3871.95 226642 228728
3947.66 215294 217360
4024.84 204513 206559
4103.54 194272 196299
4183.77 184545 186550
4265.58 175304 177289
4348.98 166526 168491
4434.02 158187 160131
4520.71 150267 152189
4609.1 142742 144644
4699.22 135595 137475
4791.1 128805 130664
4884.78 122355 124192
4980.29 116229 118044
5077.67 110409 112202
5176.95 104880 106652
5278.17 99628.8 101378
5381.37 94640.1 96367.6
5486.59 89901.1 91606.5
5593.87 85399.5 87082.8
5703.24 81123.3 82784.4
5814.75 77061.3 78700.2
5928.45 73202.6 74819.3
6044.36 69537.1 71131.6
6162.55 66055.2 67627.4
6283.04 62747.6 64297.6
6405.89 59605.7 61133.6
6531.14 56621 58126.8
6658.84 53785.9 55269.6
6789.04 51092.6 52554.3
6921.78 48534.3 49974
7057.11 46104.1 47522
7195.1 43795.4 45191.5
7335.78 41602.5 42976.8
7479.22 39519.3 40872.1
7625.45 37540.5 38871.7
7774.55 35660.7 36970.5
7926.56 93070.9 94359.4
8081.55 88363.6 89630.9
8239.56 83892.4 85138.7
8400.67 79645.5 80870.9
8564.92 75612 76816.6
8732.38 101211 102395
8903.12 96080.5 97244.1
9077.2 105801 106944
9254.69 100433 101556
9435.64 95335.6 96438.8
9620.13 90494.1 91577.6
9808.22 85896.9 86960.7
10000 81530.9 82575.4
10195.5 77385.3 78410.5
10394.9 73448.4 74454.6
10598.1 69710.4 70697.8
10805.3 66161.1 67129.8
11016.6 62790.8 63741.1
11232 59590.9 60522.9
11451.6 56552.6 57466.6
11675.5 53668.1 54564.3
11903.8 50929.4 51808
12136.6 48329.4 49190.6
12373.9 45861 46705
12615.8 43517.6 44344.7
12862.5 41292.9 42103.3
13114 39181.1 39975
13370.4 37176.4 37954
13631.8 35273.4 36035
13898.4 33467.1 34212.8
14170.1 31752.5 32482.6
14447.1 30125 30839.8
14729.6 28580.2 29279.8
15017.6 27114 27798.7
15311.3 25722.4 26392.5
15610.6 24401.7 25057.3
15915.9 23148.2 23789.6
16227.1 21958.6 22586
16544.3 20829.7 21443.3
16867.8 19758.2 20358.3
17197.6 18741.5 19328.3
17533.9 17776.6 18350.3
17876.7 16861.1 17421.9
18226.3 15992.2 16540.5
18582.6 15167.9 15703.7
18946 14385.6 14909.2
19316.4 13643.4 14155.1
19694.1 12939.2 13439.1
20079.2 12271 12759.4
20471.8 11637 12114.1
20872 11035.6 11501.6
21280.1 10465 10920.1
21696.2 9923.62 10368
22120.4 9410.06 9843.99
22552.9 8922.83 9346.51
22993.9 8460.67 8874.3
23443.5 8022.23 8426.01
23901.9 7606.32 8000.46
24369.2 7211.83 7596.52
24845.7 6837.61 7213.04
25331.5 6482.67 6849.05
25826.8 6146 6503.52
26331.8 5826.68 6175.52
26846.6 5523.82 5864.17
27371.5 5236.58 5568.62
27906.7 4964.15 5288.08
28452.3 4705.79 5021.77
29008.7 4460.75 4768.98
29575.9 4228.4 4529.03
30154.1 4008.04 4301.25
30743.7 3799.07 4085.04
31344.8 3600.92 3879.81
31957.7 3413.01 3684.99
32582.6 3234.84 3500.06
33219.7 3065.89 3324.52
33869.2 2905.7 3157.89
34531.4 2753.82 2999.72
35206.6 2609.81 2849.58
35894.9 2473.27 2707.06
36596.8 2343.82 2571.76
37312.3 2221.09 2443.34
38041.9 2104.74 2321.44
38785.7 1994.43 2205.72
39544.1 1889.87 2095.87
40317.3 1790.74 1991.59
41105.6 1696.77 1892.6
41909.3 1607.69 1798.64
42728.7 1523.26 1709.44
43564.2 1443.22 1624.76
44416 1367.36 1544.37
45284.4 1295.45 1468.07
46169.8 1227.3 1395.62
47072.6 1162.7 1326.85
47992.9 1101.48 1261.56
48931.3 1043.45 1199.58
49888.1 988.463 1140.74
50863.5 936.348 1084.88
51858 886.96 1031.84
52871.9 840.157 981.491
53905.7 4367.01 4504.89
54959.7 4152.59 4287.11
56034.3 3948.12 4079.39
57129.9 3753.22 3881.3
58247 3567.46 3692.46
59385.8 3390.46 3512.46
60547 3221.82 3340.9
61730.8 3061.2 3177.44
62937.8 2908.23 3021.72
64168.4 2762.58 2873.39
65423.1 2623.92 2732.12
66702.2 2491.93 2597.61
68006.4 2366.33 2469.55
69336.1 2246.82 2347.65
70691.8 2133.12 2231.63
72074.1 2024.97 2121.22
73483.3 1922.12 2016.19
74920.1 1824.31 1916.25
76384.9 1731.32 1821.2
77878.4 1642.93 1730.8
79401.2 1558.91 1644.84
80953.6 1479.07 1563.1
82536.5 1403.19 1485.4
84150.3 1331.12 1411.54
85795.6 1262.65 1341.34
87473.2 1197.61 1274.62
89183.5 1135.85 1211.23
90927.2 1077.2 1151
92705.1 1021.51 1093.77
94517.8 968.647 1039.41
96365.8 918.469 987.785
98249.9 870.837 938.747
100171 825.635 892.179
102130 782.742 847.961
104126 742.042 805.974
106162 703.428 766.11
108238 666.797 728.265
110354 632.052 692.342
112512 599.095 658.241
114712 567.84 625.875
116955 538.199 595.155
119242 510.095 566.003
#S  67 Ho
#N 3
#L PhotonEnergy[eV]  Photoelectric[barn/atom]  Total[barn/atom]
2004.49 1.39867e+06 1.40128e+06
2043.68 1.32796e+06 1.33057e+06
2083.64 1.26083e+06 1.26343e+06
2124.38 1.19709e+06 1.19969e+06
2165.92 1.13657e+06 1.13916e+06
2208.27 1.07911e+06 1.0817e+06
2251.44 1.02456e+06 1.02714e+06
2295.47 972766 975337
2340.35 923588 926150
2386.11 876898 879450
2432.76 832568 835110
2480.33 790478 793009
2528.82 750516 753037
2578.27 712576 715084
2628.68 676552 679048
2680.08 642350 644834
2732.48 609877 612348
2785.91 579046 581503
2840.38 549772 552215
2895.92 521979 524407
2952.54 495591 498005
3010.27 470537 472935
3069.12 446750 449133
3129.14 424165 426531
3190.32 402722 405072
3252.7 382363 384696
3316.3 363033 365348
3381.14 344681 346978
3447.25 327255 329534
3514.65 310712 312973
3583.37 295004 297246
3653.43 280091 282313
3724.87 265931 268134
3797.7 252487 254671
3871.95 239723 241887
3947.66 227605 229748
4024.84 216098 218221
4103.54 205174 207276
4183.77 194801 196882
4265.58 184953 187014
4348.98 175603 177642
4434.02 166726 168743
4520.71 158297 160293
4609.1 150295 152268
4699.22 142697 144648
4791.1 135483 137412
4884.78 128634 130541
4980.29 122131 124016
5077.67 115957 117819
5176.95 110095 111934
5278.17 104529 106346
5381.37 99244.8 101039
5486.59 94227.6 95998.6
5593.87 89464 91212.1
5703.24 84941.2 86666.4
5814.75 80647.2 82349.5
5928.45 76570.2 78249.5
6044.36 72699.3 74355.6
6162.55 69024 70657.4
6283.04 65534.6 67145
6405.89 62221.7 63809.2
6531.14 59076.1 60640.7
6658.84 56089.6 57631.3
6789.04 53254 54772.9
6921.78 50561.9 52058.1
7057.11 48005.9 49479.4
7195.1 45578.9 47029.9
7335.78 43274.8 44703.2
7479.22 41087 42493.1
7625.45 39010 40393.8
7774.55 37037.8 38399.4
7926.56 35165.4 36505
8081.55 95618.1 96935.7
8239.56 90697.1 91992.9
8400.67 86029.1 87303.3
8564.92 81601.6 82854.2
8732.38 77401.8 78633
8903.12 73418 74628.1
9077.2 98191.4 99380.4
9254.69 93137.5 94305.6
9435.64 102479 103626
9620.13 97204 98331
9808.22 92200.9 93307.5
10000 87455.1 88541.5
10195.5 82953.7 84020.3
10394.9 78683.7 79730.5
10598.1 74633.6 75660.9
10805.3 70792.1 71800
11016.6 67147.9 68136.7
11232 63691.6 64661.4
11451.6 60412.9 61364
11675.5 57303.2 58235.8
11903.8 54353.4 55267.8
12136.6 51555.3 52451.7
12373.9 48901.4 49779.9
12615.8 46384 47244.9
12862.5 43996.2 44839.7
13114 41731.3 42557.7
13370.4 39583 40392.4
13631.8 37545.2 38338
13898.4 35612.3 36388.7
14170.1 33778.9 34539.1
14447.1 32039.9 32784.1
14729.6 30390.3 31118.8
15017.6 28825.7 29538.7
15311.3 27341.6 28039.3
15610.6 25934 26616.7
15915.9 24598.8 25266.7
16227.1 23332.3 23985.6
16544.3 22131 22770
16867.8 20991.5 21616.4
17197.6 19910.7 20521.8
17533.9 18885.5 19483
17876.7 17913.1 18497.2
18226.3 16990.8 17561.8
18582.6 16115.9 16674
18946 15286.1 15831.5
19316.4 14499 15032
19694.1 13752.4 14273.1
20079.2 13044.2 13553
20471.8 12372.6 12869.5
20872 11735.4 12220.9
21280.1 11131.1 11605.2
21696.2 10557.9 11020.9
22120.4 10014.2 10466.3
22552.9 9498.55 9939.96
22993.9 9009.42 9440.36
23443.5 8545.46 8966.15
23901.9 8105.38 8516.01
24369.2 7687.97 8088.77
24845.7 7292.04 7683.2
25331.5 6916.51 7298.23
25826.8 6560.31 6932.79
26331.8 6222.44 6585.89
26846.6 5901.98 6256.58
27371.5 5598.01 5943.96
27906.7 5309.7 5647.19
28452.3 5036.24 5365.45
29008.7 4776.85 5097.97
29575.9 4530.83 4844.03
30154.1 4297.47 4602.94
30743.7 4076.12 4374.04
31344.8 3866.18 4156.72
31957.7 3667.04 3950.36
32582.6 3478.17 3754.45
33219.7 3299.01 3568.41
33869.2 3129.09 3391.77
34531.4 2967.91 3224.04
35206.6 2815.03 3064.76
35894.9 2670.03 2913.52
36596.8 2532.49 2769.89
37312.3 2402.04 2633.5
38041.9 2278.31 2503.97
38785.7 2160.95 2380.95
39544.1 2049.63 2264.13
40317.3 1944.05 2153.17
41105.6 1843.9 2047.79
41909.3 1748.91 1947.69
42728.7 1658.82 1852.62
43564.2 1573.36 1762.32
44416 1492.31 1676.54
45284.4 1415.43 1595.07
46169.8 1342.51 1517.67
47072.6 1273.34 1444.15
47992.9 1207.74 1374.3
48931.3 1145.52 1307.95
49888.1 1086.5 1244.91
50863.5 1030.53 1185.01
51858 977.433 1128.11
52871.9 927.075 1074.05
53905.7 879.308 1022.67
54959.7 834.005 973.863
56034.3 4220.89 4357.34
57129.9 4018.45 4151.58
58247 3825 3954.9
59385.8 3640.17 3766.93
60547 3463.64 3587.35
61730.8 3295.07 3415.82
62937.8 3134.15 3252.02
64168.4 2980.59 3095.66
65423.1 2834.05 2946.4
66702.2 2694.29 2803.99
68006.4 2561 2668.14
69336.1 2433.92 2538.56
70691.8 2312.8 2415.01
72074.1 2197.36 2297.22
73483.3 2087.39 2184.96
74920.1 1982.63 2077.98
76384.9 1882.88 1976.07
77878.4 1787.89 1878.98
79401.2 1697.48 1786.54
80953.6 1611.43 1698.52
82536.5 1529.55 1614.71
84150.3 1451.66 1534.96
85795.6 1377.57 1459.07
87473.2 1307.12 1386.86
89183.5 1240.13 1318.16
90927.2 1176.46 1252.83
92705.1 1115.94 1190.71
94517.8 1058.43 1131.63
96365.8 1003.78 1075.48
98249.9 951.88 1022.1
100171 902.579 971.371
102130 855.758 923.164
104126 811.303 877.364
106162 769.101 833.854
108238 729.036 792.521
110354 691.016 753.27
112512 654.934 715.991
114712 620.699 680.595
116955 588.218 646.986
119242 557.411 615.084
#S  68 Er
#N 3
#L PhotonEnergy[eV]  Photoelectric[barn/atom]  Total[barn/atom]
2004.49 1.47841e+06 1.48112e+06
2043.68 1.40376e+06 1.40646e+06
2083.64 1.33288e+06 1.33558e+06
2124.38 1.26557e+06 1.26827e+06
2165.92 1.20167e+06 1.20435e+06
2208.27 1.14099e+06 1.14367e+06
2251.44 1.08338e+06 1.08605e+06
2295.47 1.02868e+06 1.03134e+06
2340.35 976733 979384
2386.11 927413 930055
2432.76 880584 883216
2480.33 836120 838741
2528.82 793900 796510
2578.27 753813 756411
2628.68 715750 718336
2680.08 679609 682181
2732.48 645292 647851
2785.91 612709 615254
2840.38 581770 584301
2895.92 552394 554910
2952.54 524501 527002
3010.27 498017 500502
3069.12 472870 475339
3129.14 448992 451444
3190.32 426321 428756
3252.7 404795 407212
3316.3 384355 386754
3381.14 364947 367328
3447.25 346519 348882
3514.65 329022 331366
3583.37 312408 314733
3653.43 296634 298938
3724.87 281655 283940
3797.7 267433 269698
3871.95 253930 256173
3947.66 241108 243331
4024.84 228933 231135
4103.54 217373 219554
4183.77 206397 208556
4265.58 195975 198112
4348.98 186080 188195
4434.02 176683 178776
4520.71 167762 169833
4609.1 159291 161339
4699.22 151248 153273
4791.1 143611 145613
4884.78 136359 138338
4980.29 129474 131430
5077.67 122936 124869
5176.95 116729 118638
5278.17 110834 112720
5381.37 105238 107100
5486.59 99924.1 101763
5593.87 94878.4 96693.4
5703.24 90087.7 91878.9
5814.75 85538.8 87306.3
5928.45 81219.6 82963.3
6044.36 77118.4 78838.4
6162.55 73224.4 74920.7
6283.04 69526.9 71199.4
6405.89 66016.4 67665.2
6531.14 62682.8 64307.9
6658.84 59517.8 61119.2
6789.04 56512.4 58090.3
6921.78 53658.8 55213.2
7057.11 50949.4 52480.3
7195.1 48376.7 49884.3
7335.78 45934 47418.3
7479.22 43614.6 45075.7
7625.45 41412.3 42850.4
7774.55 39321.2 40736.2
7926.56 37335.7 38727.9
8081.55 35450.4 36819.9
8239.56 33660.4 35007.3
8400.67 93705.3 95029.7
8564.92 88830.6 90132.7
8732.38 84209.1 85489.1
8903.12 79828 81086.1
9077.2 75674.5 76910.8
9254.69 71737.1 72951.8
9435.64 95886.4 97079.6
9620.13 90896.8 92068.7
9808.22 99953.5 101104
10000 94751.9 95881.8
10195.5 89821 90930.2
10394.9 85146.3 86235.1
10598.1 80714.9 81783.4
10805.3 76514 77562.4
11016.6 72531.4 73559.9
11232 68756.1 69765
11451.6 65177 66166.5
11675.5 61784.2 62754.6
11903.8 58567.9 59519.2
12136.6 55518.9 56451.5
12373.9 52628.4 53542.6
12615.8 49888.4 50784.2
12862.5 47290.9 48168.8
13114 44828.6 45688.7
13370.4 42494.4 43336.9
13631.8 40281.6 41106.8
13898.4 38184 38992.1
14170.1 36195.5 36986.8
14447.1 34310.6 35085.3
14729.6 32523.6 33282
15017.6 30829.8 31572
15311.3 29224 29950.4
15610.6 27701.8 28412.6
15915.9 26258.9 26954.3
16227.1 24891 25571.4
16544.3 23594.4 24259.8
16867.8 22365.3 23016.1
17197.6 21200.1 21836.5
17533.9 20095.6 20717.9
17876.7 19048.6 19657
18226.3 18056.2 18650.8
18582.6 17115.3 17696.6
18946 16223.5 16791.6
19316.4 15378.1 15933.2
19694.1 14576.8 15119.2
20079.2 13817.1 14347
20471.8 13097 13614.7
20872 12414.5 12920.1
21280.1 11767.5 12261.3
21696.2 11154.1 11636.4
22120.4 10572.7 11043.7
22552.9 10021.6 10481.5
22993.9 9499.23 9948.19
23443.5 9004.04 9442.32
23901.9 8534.65 8962.47
24369.2 8089.72 8507.29
24845.7 7667.95 8075.49
25331.5 7268.17 7665.89
25826.8 6889.21 7277.31
26331.8 6529.99 6908.68
26846.6 6189.5 6558.97
27371.5 5866.74 6227.2
27906.7 5560.8 5912.45
28452.3 5270.82 5613.84
29008.7 4995.93 5330.52
29575.9 4735.38 5061.73
30154.1 4488.4 4806.7
30743.7 4254.29 4564.72
31344.8 4032.39 4335.13
31957.7 3822.05 4117.27
32582.6 3622.68 3910.56
33219.7 3433.7 3714.41
33869.2 3254.57 3528.28
34531.4 3084.78 3351.66
35206.6 2923.84 3184.05
35894.9 2771.3 3024.99
36596.8 2626.69 2874.04
37312.3 2489.64 2730.79
38041.9 2359.73 2594.84
38785.7 2236.59 2465.81
39544.1 2119.88 2343.35
40317.3 2009.25 2227.11
41105.6 1904.39 2116.79
41909.3 1805 2012.08
42728.7 1710.79 1912.68
43564.2 1621.5 1818.33
44416 1536.86 1728.77
45284.4 1456.64 1643.75
46169.8 1380.6 1563.04
47072.6 1308.53 1486.42
47992.9 1240.22 1413.68
48931.3 1175.47 1344.62
49888.1 1114.1 1279.05
50863.5 1055.93 1216.8
51858 1000.8 1157.68
52871.9 948.543 1101.56
53905.7 899.011 1048.27
54959.7 852.067 997.66
56034.3 807.57 949.602
57129.9 765.397 903.966
58247 3997.39 4132.59
59385.8 3798.88 3930.8
60547 3609.79 3738.54
61730.8 3429.74 3555.39
62937.8 3258.29 3380.93
64168.4 3095.08 3214.79
65423.1 2939.71 3056.58
66702.2 2791.87 2905.98
68006.4 2651.18 2762.61
69336.1 2517.35 2626.17
70691.8 2390.03 2496.32
72074.1 2268.94 2372.76
73483.3 2153.79 2255.23
74920.1 2044.3 2143.42
76384.9 1940.22 2037.08
77878.4 1841.29 1935.96
79401.2 1747.26 1839.8
80953.6 1657.91 1748.39
82536.5 1573 1661.47
84150.3 1492.34 1578.87
85795.6 1415.73 1500.37
87473.2 1342.95 1425.75
89183.5 1273.84 1354.86
90927.2 1208.21 1287.5
92705.1 1145.89 1223.51
94517.8 1086.74 1162.72
96365.8 1030.58 1104.98
98249.9 977.277 1050.14
100171 926.689 998.06
102130 878.68 948.603
104126 833.125 901.642
106162 789.903 857.055
108238 748.896 814.723
110354 709.996 774.535
112512 673.095 736.385
114712 638.097 700.173
116955 604.902 665.8
119242 573.424 633.178
#S  69 Tm
#N 3
#L PhotonEnergy[eV]  Photoelectric[barn/atom]  Total[barn/atom]
2004.49 1.56602e+06 1.56882e+06
2043.68 1.48686e+06 1.48966e+06
2083.64 1.4117e+06 1.41449e+06
2124.38 1.34034e+06 1.34312e+06
2165.92 1.27258e+06 1.27536e+06
2208.27 1.20825e+06 1.21102e+06
2251.44 1.14717e+06 1.14994e+06
2295.47 1.08918e+06 1.09194e+06
2340.35 1.03412e+06 1.03687e+06
2386.11 981850 984584
2432.76 932216 934940
2480.33 885092 887805
2528.82 840350 843051
2578.27 797871 800560
2628.68 757538 760215
2680.08 719244 721907
2732.48 682886 685535
2785.91 648365 651000
2840.38 615590 618210
2895.92 584472 587077
2952.54 554926 557516
3010.27 526874 529447
3069.12 500241 502798
3129.14 474953 477492
3190.32 450944 453466
3252.7 428150 430654
3316.3 406506 408991
3381.14 385957 388424
3447.25 366446 368894
3514.65 347922 350351
3583.37 330335 332743
3653.43 313636 316024
3724.87 297782 300149
3797.7 282728 285075
3871.95 268437 270762
3947.66 254867 257171
4024.84 241983 244266
4103.54 229751 232011
4183.77 218137 220375
4265.58 207110 209326
4348.98 196640 198834
4434.02 186700 188870
4520.71 177262 179410
4609.1 168301 170425
4699.22 159794 161894
4791.1 151716 153793
4884.78 144047 146100
4980.29 136765 138794
5077.67 129852 131857
5176.95 123288 125268
5278.17 117055 119012
5381.37 111138 113070
5486.59 105520 107428
5593.87 100186 102069
5703.24 95121.5 96980.5
5814.75 90313.2 92147.7
5928.45 85747.8 87557.7
6044.36 81413.2 83198.6
6162.55 77297.7 79058.5
6283.04 73390.2 75126.5
6405.89 69680.4 71392.1
6531.14 66157.9 67845.2
6658.84 62813.7 64476.5
6789.04 59638.3 61276.7
6921.78 56623.6 58237.7
7057.11 53761.3 55351.2
7195.1 51043.6 52609.2
7335.78 48463.4 50004.9
7479.22 46013.5 47531
7625.45 43687.5 45181.2
7774.55 41479.1 42948.9
7926.56 39382.3 40828.5
8081.55 37391.5 38814.1
8239.56 35501.3 36900.6
8400.67 33706.7 35082.7
8564.92 32002.9 33355.8
8732.38 83849.6 85179.6
8903.12 79648.5 80955.8
9077.2 75656.1 76940.8
9254.69 71862.1 73124.3
9435.64 68256.7 69496.6
9620.13 91410.9 92628.8
9808.22 86820.5 88016.5
10000 82458.2 83632.6
10195.5 90843.6 91996.6
10394.9 86274.9 87406.7
10598.1 81934.3 83045
10805.3 77810.1 78900
11016.6 73891.6 74960.8
11232 70168.7 71217.6
11451.6 66631.7 67660.4
11675.5 63271.5 64280.3
11903.8 60079.1 61068.3
12136.6 57046.6 58016.3
12373.9 54165.6 55116.2
12615.8 51428.9 52360.5
12862.5 48829.4 49742.2
13114 46360.1 47254.5
13370.4 44014.5 44890.6
13631.8 41786.6 42644.8
13898.4 39670.4 40510.9
14170.1 37660.5 38483.5
14447.1 35751.6 36557.4
14729.6 33938.5 34727.3
15017.6 32216.7 32988.7
15311.3 30581.4 31336.9
15610.6 29028.4 29767.8
15915.9 27553.7 28277
16227.1 26153.1 26860.8
16544.3 24823.2 25515.4
16867.8 23560.3 24237.2
17197.6 22361.1 23023.1
17533.9 21222.4 21869.7
17876.7 20141.2 20774
18226.3 19114.6 19733.2
18582.6 18139.9 18744.5
18946 17214.5 17805.4
19316.4 16335.8 16913.3
19694.1 15501.7 16065.9
20079.2 14709.7 15261
20471.8 13957.9 14496.5
20872 13244.2 13770.2
21280.1 12566.7 13080.4
21696.2 11923.5 12425.2
22120.4 11313 11802.9
22552.9 10733.4 11211.8
22993.9 10183.3 10650.4
23443.5 9661.19 10117.1
23901.9 9165.58 9610.62
24369.2 8695.2 9129.57
24845.7 8248.74 8672.67
25331.5 7825.02 8238.72
25826.8 7422.88 7826.57
26331.8 7041.24 7435.12
26846.6 6679.04 7063.33
27371.5 6335.32 6710.23
27906.7 6009.15 6374.87
28452.3 5699.63 6056.37
29008.7 5405.9 5753.87
29575.9 5127.21 5466.59
30154.1 4862.75 5193.73
30743.7 4611.82 4934.6
31344.8 4373.73 4688.5
31957.7 4147.83 4454.76
32582.6 3933.5 4232.78
33219.7 3730.15 4021.96
33869.2 3537.23 3821.75
34531.4 3354.2 3631.6
35206.6 3180.57 3451.01
35894.9 3015.85 3279.51
36596.8 2859.58 3116.62
37312.3 2711.36 2961.93
38041.9 2570.74 2815.02
38785.7 2437.36 2675.49
39544.1 2310.85 2542.98
40317.3 2190.84 2417.14
41105.6 2077.02 2297.62
41909.3 1969.07 2184.11
42728.7 1866.67 2076.3
43564.2 1769.56 1973.92
44416 1677.46 1876.68
45284.4 1590.11 1784.33
46169.8 1507.28 1696.62
47072.6 1428.72 1613.31
47992.9 1354.22 1534.2
48931.3 1283.58 1459.05
49888.1 1216.59 1387.69
50863.5 1153.07 1319.9
51858 1092.84 1255.52
52871.9 1035.73 1194.38
53905.7 981.582 1136.3
54959.7 930.242 1081.13
56034.3 881.562 1028.74
57129.9 835.412 978.973
58247 791.657 931.702
59385.8 750.174 886.801
60547 3806.95 3940.25
61730.8 3616.16 3746.24
62937.8 3434.59 3561.52
64168.4 3261.82 3385.7
65423.1 3097.42 3218.33
66702.2 2941.04 3059.07
68006.4 2792.3 2907.53
69336.1 2650.85 2763.36
70691.8 2516.34 2626.21
72074.1 2388.46 2495.76
73483.3 2266.9 2371.7
74920.1 2151.35 2253.72
76384.9 2041.54 2141.56
77878.4 1937.2 2034.93
79401.2 1838.05 1933.56
80953.6 1743.87 1837.22
82536.5 1654.4 1745.66
84150.3 1569.42 1658.65
85795.6 1488.72 1575.98
87473.2 1412.09 1497.43
89183.5 1339.33 1422.81
90927.2 1270.26 1351.93
92705.1 1204.68 1284.61
94517.8 1142.44 1220.66
96365.8 1083.37 1159.94
98249.9 1027.31 1102.28
100171 974.115 1047.52
102130 923.64 995.535
104126 875.753 946.18
106162 830.321 899.323
108238 787.225 854.844
110354 746.347 812.624
112512 707.573 772.546
114712 670.804 734.511
116955 635.932 698.409
119242 602.867 664.151
#S  70 Yb
#N 3
#L PhotonEnergy[eV]  Photoelectric[barn/atom]  Total[barn/atom]
2004.49 206803 209697
2043.68 197398 200287
2083.64 188420 191304
2124.38 179851 182728
2165.92 171671 174542
2208.27 163864 166727
2251.44 156411 159266
2295.47 149298 152144
2340.35 142508 145345
2386.11 136026 138854
2432.76 983960 986777
2480.33 934251 937057
2528.82 887053 889847
2578.27 842241 845023
2628.68 799692 802461
2680.08 759292 762048
2732.48 720933 723674
2785.91 684512 687239
2840.38 649931 652643
2895.92 617096 619793
2952.54 585922 588602
3010.27 556321 558985
3069.12 528217 530864
3129.14 501531 504161
3190.32 476195 478806
3252.7 452138 454731
3316.3 429296 431871
3381.14 407609 410164
3447.25 387016 389552
3514.65 367465 369980
3583.37 348901 351396
3653.43 331275 333749
3724.87 314539 316992
3797.7 298649 301080
3871.95 283562 285972
3947.66 269236 271624
4024.84 255635 258000
4103.54 242720 245063
4183.77 230458 232778
4265.58 218816 221112
4348.98 207762 210035
4434.02 197265 199515
4520.71 187300 189526
4609.1 177837 180039
4699.22 168854 171031
4791.1 160323 162476
4884.78 152224 154352
4980.29 144534 146638
5077.67 137232 139311
5176.95 130299 132354
5278.17 123716 125746
5381.37 117466 119471
5486.59 111532 113511
5593.87 105898 107852
5703.24 100548 102476
5814.75 95468.2 97371.6
5928.45 90645.3 92523.3
6044.36 86066 87918.6
6162.55 81718 83545.2
6283.04 77589.6 79391.5
6405.89 73669.9 75446.5
6531.14 69948 71699.3
6658.84 66414.5 68140.4
6789.04 63059.1 64759.8
6921.78 59873.6 61549.1
7057.11 56848.9 58499.3
7195.1 53976.8 55602.2
7335.78 51250 52850.5
7479.22 48660.8 50236.5
7625.45 46202.6 47753.5
7774.55 43868.4 45394.7
7926.56 41652.3 43154.1
8081.55 39548 41025.4
8239.56 37550.1 39003.3
8400.67 35653.1 37082.2
8564.92 33852 35257.2
8732.38 32141.8 33523.3
8903.12 30518 31875.9
9077.2 74723 76057.4
9254.69 71122.5 72433.7
9435.64 67691.8 68980
9620.13 64422.8 65688.2
9808.22 61308.6 62551.3
10000 82261.6 83481.8
10195.5 78276.4 79474.3
10394.9 74479.9 75655.9
10598.1 82202.1 83356.3
10805.3 78206.9 79339.5
11016.6 74401.7 75512.9
11232 70777.8 71867.8
11451.6 67326.6 68395.8
11675.5 64040.3 65088.8
11903.8 60910.9 61939
12136.6 57931.4 58939.3
12373.9 55094.5 56082.5
12615.8 52393.8 53362.1
12862.5 49822.6 50771.4
13114 47375.1 48304.8
13370.4 45045.2 45956
13631.8 42827.6 43719.8
13898.4 40716.9 41590.7
14170.1 38708.2 39563.8
14447.1 36796.6 37634.2
14729.6 34977.3 35797.3
15017.6 33246.3 34048.9
15311.3 31599.1 32384.6
15610.6 30031.9 30800.6
15915.9 28541 29293.1
16227.1 27122.4 27858.2
16544.3 25773 26492.7
16867.8 24489.4 25193.3
17197.6 23268.4 23956.8
17533.9 22107.1 22780.2
17876.7 21002.6 21660.7
18226.3 19952.2 20595.5
18582.6 18953.3 19582.1
18946 18003.4 18617.9
19316.4 17100.2 17700.7
19694.1 16241.4 16828.1
20079.2 15424.8 15998.1
20471.8 14648.5 15208.6
20872 13910.6 14457.6
21280.1 13209.1 13743.3
21696.2 12542.2 13064
22120.4 11908.4 12417.9
22552.9 11306 11803.4
22993.9 10733.5 11219.1
23443.5 10189.4 10663.4
23901.9 9672.32 10135.1
24369.2 9181.02 9632.67
24845.7 8714.17 9154.95
25331.5 8270.62 8700.76
25826.8 7849.22 8268.93
26331.8 7448.87 7858.38
26846.6 7068.55 7468.08
27371.5 6707.29 7097.05
27906.7 6364.14 6744.35
28452.3 6038.22 6409.07
29008.7 5728.66 6090.37
29575.9 5434.68 5787.46
30154.1 5155.51 5499.55
30743.7 4890.4 5225.9
31344.8 4638.68 4965.84
31957.7 4399.67 4718.67
32582.6 4172.74 4483.78
33219.7 3957.3 4260.56
33869.2 3752.78 4048.44
34531.4 3558.64 3846.88
35206.6 3374.35 3655.35
35894.9 3199.43 3473.37
36596.8 3033.41 3300.44
37312.3 2875.85 3136.16
38041.9 2726.32 2980.06
38785.7 2584.42 2831.77
39544.1 2449.78 2690.88
40317.3 2322.02 2557.03
41105.6 2200.8 2429.88
41909.3 2085.8 2309.09
42728.7 1976.7 2194.35
43564.2 1873.2 2085.36
44416 1775.02 1981.83
45284.4 1681.9 1883.49
46169.8 1593.58 1790.09
47072.6 1509.81 1701.37
47992.9 1430.36 1617.11
48931.3 1355.02 1537.08
49888.1 1283.58 1461.08
50863.5 1215.84 1388.89
51858 1151.61 1320.34
52871.9 1090.72 1255.24
53905.7 1032.98 1193.41
54959.7 978.251 1134.7
56034.3 926.368 1078.94
57129.9 877.19 1025.99
58247 830.577 975.718
59385.8 786.397 927.975
60547 744.526 882.641
61730.8 3668.58 3803.33
62937.8 3498.97 3630.45
64168.4 3336.53 3464.82
65423.1 3180.96 3306.16
66702.2 3032.06 3154.25
68006.4 2889.55 3008.83
69336.1 2753.22 2869.66
70691.8 2622.83 2736.51
72074.1 2498.15 2609.16
73483.3 2378.98 2487.39
74920.1 2265.08 2370.96
76384.9 2156.28 2259.7
77878.4 2052.34 2153.39
79401.2 1953.1 2051.83
80953.6 1858.36 1954.84
82536.5 1767.93 1862.23
84150.3 1681.64 1773.83
85795.6 1599.33 1689.46
87473.2 1520.83 1608.96
89183.5 1445.97 1532.16
90927.2 1374.6 1458.92
92705.1 1306.58 1389.07
94517.8 1241.77 1322.48
96365.8 1180.02 1259.01
98249.9 1121.2 1198.52
100171 1065.18 1140.89
102130 1011.85 1085.98
104126 961.081 1033.68
106162 912.761 983.879
108238 866.777 936.455
110354 823.029 891.309
112512 781.408 848.331
114712 741.829 807.434
116955 704.186 768.513
119242 668.4 731.485
#S  71 Lu
#N 3
#L PhotonEnergy[eV]  Photoelectric[barn/atom]  Total[barn/atom]
2004.49 221132 224106
2043.68 211057 214025
2083.64 201440 204403
2124.38 192261 195218
2165.92 183501 186451
2208.27 175139 178082
2251.44 167159 170094
2295.47 159543 162469
2340.35 152273 155190
2386.11 145335 148241
2432.76 138712 141609
2480.33 132392 135277
2528.82 937158 940031
2578.27 889917 892777
2628.68 845054 847902
2680.08 802454 805288
2732.48 762001 764821
2785.91 723588 726393
2840.38 687110 689900
2895.92 652473 655247
2952.54 619581 622339
3010.27 588347 591088
3069.12 558688 561412
3129.14 530524 533229
3190.32 503780 506467
3252.7 478384 481052
3316.3 454268 456917
3381.14 431368 433998
3447.25 409622 412231
3514.65 388972 391562
3583.37 369364 371933
3653.43 350744 353291
3724.87 333062 335588
3797.7 316272 318776
3871.95 300329 302811
3947.66 285189 287648
4024.84 270812 273248
4103.54 257160 259573
4183.77 244196 246586
4265.58 231886 234252
4348.98 220197 222539
4434.02 209096 211414
4520.71 198556 200849
4609.1 188546 190815
4699.22 179041 181285
4791.1 170016 172235
4884.78 161445 163639
4980.29 153306 155475
5077.67 145578 147721
5176.95 138239 140357
5278.17 131270 133363
5381.37 124653 126719
5486.59 118369 120410
5593.87 112402 114417
5703.24 106736 108725
5814.75 101355 103318
5928.45 96245.5 98182.5
6044.36 91393.7 93304.7
6162.55 86786.3 88671.3
6283.04 82411.4 84270.3
6405.89 78257 80089.9
6531.14 74311.9 76118.8
6658.84 70565.8 72346.8
6789.04 67008.4 68763.4
6921.78 63630.5 65359.7
7057.11 60422.9 62126.2
7195.1 57376.8 59054.5
7335.78 54484.4 56136.5
7479.22 51737.7 53364.3
7625.45 49129.6 50730.7
7774.55 46652.9 48228.7
7926.56 44301.1 45851.7
8081.55 42067.8 43593.3
8239.56 39947.1 41447.8
8400.67 37933.4 39409.3
8564.92 36021.1 37472.4
8732.38 34205.2 35632.1
8903.12 32480.9 33883.5
9077.2 30843.5 32222
9254.69 76760.8 78115.4
9435.64 73001 74331.9
9620.13 69422.7 70730
9808.22 66017.4 67301.4
10000 62776.7 64037.6
10195.5 59693 60931
10394.9 80029.4 81244.8
10598.1 76092.6 77285.4
10805.3 72346.8 73517.4
11016.6 79787.7 80936.3
11232 75854.4 76981.2
11451.6 72111.9 73217.2
11675.5 68551.8 69635.8
11903.8 65164.9 66227.9
12136.6 61943.1 62985.3
12373.9 58878.3 59900
12615.8 55963.2 56964.5
12862.5 53190.4 54171.7
13114 50553.1 51514.6
13370.4 48044.8 48986.8
13631.8 45659.2 46581.9
13898.4 43390.4 44294.2
14170.1 41232.9 42117.9
14447.1 39181.2 40047.8
14729.6 37230.1 38078.5
15017.6 35375 36205.4
15311.3 33610.9 34423.8
15610.6 31933.8 32729.2
15915.9 30339.2 31117.5
16227.1 28823 29584.5
16544.3 27381.7 28126.6
16867.8 26011.5 26740
17197.6 24708.9 25421.3
17533.9 23470.7 24167.3
17876.7 22293.7 22974.8
18226.3 21174.9 21840.8
18582.6 20111.5 20762.4
18946 19100.8 19737
19316.4 18140.3 18762
19694.1 17227.4 17834.9
20079.2 16359.8 16953.3
20471.8 15535.3 16115.2
20872 14751.9 15318.3
21280.1 14007.4 14560.6
21696.2 13300 13840.3
22120.4 12627.9 13155.5
22552.9 11989.3 12504.4
22993.9 11382.5 11885.5
23443.5 10806.1 11297.1
23901.9 10258.5 10737.7
24369.2 9738.24 10206
24845.7 9244.03 9700.57
25331.5 8774.58 9220.11
25826.8 8328.66 8763.41
26331.8 7905.12 8329.31
26846.6 7502.82 7916.68
27371.5 7120.74 7524.49
27906.7 6757.86 7151.72
28452.3 6413.26 6797.43
29008.7 6085.98 6460.69
29575.9 5775.19 6140.65
30154.1 5480.08 5836.48
30743.7 5199.83 5547.4
31344.8 4933.76 5272.68
31957.7 4681.11 5011.58
32582.6 4441.24 4763.46
33219.7 4213.5 4527.66
33869.2 3997.29 4303.58
34531.4 3792.04 4090.64
35206.6 3597.19 3888.29
35894.9 3412.23 3696.01
36596.8 3236.65 3513.28
37312.3 3070 3339.65
38041.9 2911.82 3174.67
38785.7 2761.68 3017.9
39544.1 2619.19 2868.93
40317.3 2483.96 2727.39
41105.6 2355.62 2592.9
41909.3 2233.84 2465.11
42728.7 2118.26 2343.69
43564.2 2008.6 2228.33
44416 1904.54 2118.72
45284.4 1805.8 2014.57
46169.8 1712.12 1915.62
47072.6 1623.24 1821.61
47992.9 1538.92 1732.29
48931.3 1458.92 1647.42
49888.1 1383.03 1566.8
50863.5 1311.04 1490.19
51858 1242.75 1417.41
52871.9 1177.97 1348.27
53905.7 1116.53 1282.58
54959.7 1058.25 1220.16
56034.3 1002.98 1160.87
57129.9 950.556 1104.54
58247 900.842 1051.02
59385.8 853.695 1000.17
60547 808.986 951.864
61730.8 766.59 905.97
62937.8 726.389 862.368
64168.4 3600.3 3732.97
65423.1 3419.99 3549.46
66702.2 3248.42 3374.76
68006.4 3085.16 3208.47
69336.1 2929.85 3050.21
70691.8 2782.12 2899.62
72074.1 2641.61 2756.32
73483.3 2508 2620.01
74920.1 2380.95 2490.34
76384.9 2260.18 2367.02
77878.4 2145.37 2249.73
79401.2 2036.24 2138.2
80953.6 1932.54 2032.16
82536.5 1833.99 1931.35
84150.3 1740.37 1835.52
85795.6 1651.42 1744.44
87473.2 1566.93 1657.87
89183.5 1486.68 1575.6
90927.2 1410.46 1497.43
92705.1 1338.09 1423.16
94517.8 1269.37 1352.59
96365.8 1204.12 1285.56
98249.9 1142.18 1221.88
100171 1083.39 1161.4
102130 1027.58 1103.95
104126 974.612 1049.4
106162 924.348 997.594
108238 876.649 948.396
110354 831.39 901.685
112512 788.448 857.331
114712 747.711 815.224
116955 709.063 775.245
119242 672.404 737.296
#S  72 Hf
#N 3
#L PhotonEnergy[eV]  Photoelectric[barn/atom]  Total[barn/atom]
2004.49 234731 237787
2043.68 223949 227001
2083.64 213662 216709
2124.38 203848 206888
2165.92 194485 197518
2208.27 185552 188578
2251.44 177029 180047
2295.47 168898 171907
2340.35 161140 164139
2386.11 153738 156728
2432.76 146676 149655
2480.33 139939 142906
2528.82 133511 136467
2578.27 127379 130322
2628.68 893437 896366
2680.08 848548 851463
2732.48 805912 808814
2785.91 765420 768306
2840.38 726962 729832
2895.92 690436 693290
2952.54 655746 658584
3010.27 622798 625619
3069.12 591507 594310
3129.14 561786 564570
3190.32 533560 536326
3252.7 506753 509499
3316.3 481291 484018
3381.14 457109 459816
3447.25 434142 436828
3514.65 412329 414995
3583.37 391612 394256
3653.43 371935 374558
3724.87 353248 355848
3797.7 335499 338077
3871.95 318643 321198
3947.66 302633 305165
4024.84 287427 289936
4103.54 272985 275471
4183.77 259269 261731
4265.58 246243 248680
4348.98 233871 236283
4434.02 222120 224507
4520.71 210960 213322
4609.1 200360 202697
4699.22 190293 192605
4791.1 180732 183019
4884.78 171651 173912
4980.29 163027 165262
5077.67 154836 157044
5176.95 147056 149239
5278.17 139667 141824
5381.37 132650 134780
5486.59 125985 128088
5593.87 119655 121732
5703.24 113643 115693
5814.75 107933 109957
5928.45 102510 104507
6044.36 97359.6 99329.8
6162.55 92467.8 94411.3
6283.04 87821.9 89738.6
6405.89 83409.4 85299.4
6531.14 79218.4 81081.8
6658.84 75238.4 77075
6789.04 71457.9 73267.9
6921.78 67867.6 69651.1
7057.11 64457.7 66214.7
7195.1 61219 62949.5
7335.78 58143.2 59847.4
7479.22 55221.8 56899.8
7625.45 52447.2 54099.1
7774.55 49812.1 51437.8
7926.56 47309.3 48909.2
8081.55 44932.3 46506.4
8239.56 42674.7 44223.2
8400.67 40530.5 42053.6
8564.92 38494.2 39991.9
8732.38 36560 38032.7
8903.12 34723.1 36170.7
9077.2 32978.5 34401.3
9254.69 31321.5 32719.7
9435.64 29747.8 31121.6
9620.13 67746.2 69095.8
9808.22 64632.4 65958
10000 61655.5 62957.3
10195.5 58810 60088.3
10394.9 56090.2 57345.1
10598.1 53490.9 54722.7
10805.3 71919.9 73128.8
11016.6 68573.3 69759.5
11232 65376.2 66540
11451.6 72293.2 73434.8
11675.5 68908.9 70028.6
11903.8 65676.3 66774.4
12136.6 62589.4 63665.9
12373.9 59641.4 60696.9
12615.8 56826.9 57861.4
12862.5 54139.7 55153.5
13114 51574.5 52568
13370.4 49126 50099.3
13631.8 46789 47742.5
13898.4 44558.8 45492.7
14170.1 42430.7 43345.3
14447.1 40400.2 41295.8
14729.6 38463 39339.9
15017.6 36615.2 37473.6
15311.3 34852.6 35692.7
15610.6 33171.7 33993.8
15915.9 31568.6 32373.2
16227.1 30040 30827.2
16544.3 28582.7 29352.7
16867.8 27193.3 27946.4
17197.6 25868.9 26605.5
17533.9 24606.5 25326.9
17876.7 23403.5 24107.8
18226.3 22257 22945.6
18582.6 21164.6 21837.7
18946 20123.8 20781.7
19316.4 19132.4 19775.3
19694.1 18187.9 18816.2
20079.2 17288.4 17902.2
20471.8 16431.7 17031.4
20872 15615.9 16201.7
21280.1 14839.2 15411.4
21696.2 14099.6 14658.5
22120.4 13395.7 13941.4
22552.9 12725.6 13258.4
22993.9 12087.8 12608
23443.5 11480.8 11988.7
23901.9 10903.3 11399.1
24369.2 10353.8 10837.7
24845.7 9830.95 10303.2
25331.5 9333.62 9794.54
25826.8 8860.56 9310.33
26331.8 8410.64 8849.5
26846.6 7982.78 8410.95
27371.5 7575.94 7993.65
27906.7 7189.11 7596.6
28452.3 6821.37 7218.84
29008.7 6471.78 6859.47
29575.9 6139.51 6517.62
30154.1 5823.72 6192.47
30743.7 5523.62 5883.23
31344.8 5238.47 5589.13
31957.7 4967.55 5309.46
32582.6 4710.17 5043.55
33219.7 4465.68 4790.72
33869.2 4233.47 4550.36
34531.4 4012.92 4321.86
35206.6 3803.5 4104.67
35894.9 3604.64 3898.23
36596.8 3415.84 3702.03
37312.3 3236.61 3515.58
38041.9 3066.48 3338.41
38785.7 2905.01 3170.06
39544.1 2751.76 3010.11
40317.3 2606.34 2858.15
41105.6 2468.36 2713.8
41909.3 2337.45 2576.68
42728.7 2213.27 2446.43
43564.2 2095.47 2322.74
44416 1983.75 2205.26
45284.4 1877.8 2093.7
46169.8 1777.33 1987.78
47072.6 1682.07 1887.2
47992.9 1591.76 1791.71
48931.3 1506.14 1701.05
49888.1 1425 1614.99
50863.5 1348.09 1533.3
51858 1275.2 1455.76
52871.9 1206.13 1382.17
53905.7 1140.69 1312.32
54959.7 1078.7 1246.04
56034.3 1019.97 1183.14
57129.9 964.349 1123.46
58247 911.667 1066.84
59385.8 861.777 1013.11
60547 814.537 962.139
61730.8 769.81 913.784
62937.8 727.467 867.914
64168.4 687.385 824.405
65423.1 3539.73 3673.42
66702.2 3369.1 3499.55
68006.4 3206.11 3333.41
69336.1 3050.45 3174.7
70691.8 2901.85 3023.12
72074.1 2760 2878.38
73483.3 2624.65 2740.24
74920.1 2495.53 2608.39
76384.9 2372.39 2482.61
77878.4 2254.97 2362.62
79401.2 2143.04 2248.19
80953.6 2036.38 2139.11
82536.5 1934.73 2035.11
84150.3 1837.91 1936.01
85795.6 1745.71 1841.58
87473.2 1657.91 1751.63
89183.5 1574.33 1665.95
90927.2 1494.77 1584.37
92705.1 1419.08 1506.7
94517.8 1347.06 1432.77
96365.8 1278.55 1362.41
98249.9 1213.4 1295.46
100171 1151.45 1231.76
102130 1092.56 1171.17
104126 1036.59 1113.55
106162 983.393 1058.75
108238 932.846 1006.65
110354 884.826 957.121
112512 839.211 910.042
114712 795.893 865.302
116955 754.754 822.784
119242 715.701 782.39
#S  73 Ta
#N 3
#L PhotonEnergy[eV]  Photoelectric[barn/atom]  Total[barn/atom]
2004.49 245782 248925
2043.68 234294 237432
2083.64 223342 226475
2124.38 212903 216029
2165.92 202951 206071
2208.27 193464 196577
2251.44 184422 187526
2295.47 175802 178896
2340.35 167584 170669
2386.11 159751 162826
2432.76 152284 155348
2480.33 145165 148218
2528.82 138380 141420
2578.27 131912 134939
2628.68 125746 128760
2680.08 119868 122868
2732.48 829397 832382
2785.91 787736 790705
2840.38 748167 751120
2895.92 710586 713522
2952.54 674892 677812
3010.27 640991 643894
3069.12 608795 611679
3129.14 578213 581079
3190.32 549170 552016
3252.7 521585 524412
3316.3 495385 498192
3381.14 470502 473288
3447.25 446867 449632
3514.65 424421 427165
3583.37 403102 405824
3653.43 382854 385554
3724.87 363623 366300
3797.7 345358 348012
3871.95 328010 330641
3947.66 311534 314141
4024.84 295885 298468
4103.54 281022 283581
4183.77 266906 269441
4265.58 253500 256009
4348.98 240766 243250
4434.02 228672 231131
4520.71 217186 219619
4609.1 206276 208684
4699.22 195915 198296
4791.1 186074 188429
4884.78 176727 179056
4980.29 167850 170152
5077.67 159419 161694
5176.95 151411 153660
5278.17 143805 146027
5381.37 136582 138776
5486.59 129721 131888
5593.87 123205 125345
5703.24 117016 119129
5814.75 111139 113224
5928.45 105556 107614
6044.36 100254 102284
6162.55 95218.2 97221.1
6283.04 90435.2 92410.6
6405.89 85892.7 87840.7
6531.14 81578.1 83498.6
6658.84 77480.4 79373.5
6789.04 73588.4 75454.2
6921.78 69892 71730.5
7057.11 66381.4 68192.7
7195.1 63046.9 64831
7335.78 59880.1 61637.1
7479.22 56872.1 58602.2
7625.45 54015.5 55718.7
7774.55 51302.2 52978.7
7926.56 48725.3 50375.1
8081.55 46277.7 47901.1
8239.56 43953.2 45550.2
8400.67 41745.3 43316.2
8564.92 39648.5 41193.3
8732.38 37656.9 39175.8
8903.12 35765.3 37258.6
9077.2 33968.8 35436.6
9254.69 32262.5 33704.9
9435.64 30642 32059.3
9620.13 29102.8 30495.2
9808.22 27640.9 29008.6
10000 68363.2 69706.5
10195.5 65036.4 66355.4
10394.9 61868.5 63163.4
10598.1 58852.5 60123.6
10805.3 55981 57228.6
11016.6 53247.1 54471.3
11232 71409 72610.1
11451.6 67915.6 69093.9
11675.5 64590.6 65746.3
11903.8 71253.5 72386.8
12136.6 67758.9 68870.2
12373.9 64432.7 65522.2
12615.8 61267.2 62335.1
12862.5 58254.6 59301.3
13114 55387.7 56413.4
13370.4 52659.5 53664.5
13631.8 50063.5 51048
13898.4 47593.4 48557.7
14170.1 45243.1 46187.5
14447.1 43007 43931.8
14729.6 40879.6 41785
15017.6 38855.7 39742.1
15311.3 36930.3 37798
15610.6 35098.9 35948
15915.9 33356.8 34187.7
16227.1 31699.7 32512.7
16544.3 30123.6 30919
16867.8 28624.6 29402.6
17197.6 27199 27959.9
17533.9 25843.3 26587.3
17876.7 24554 25281.5
18226.3 23328 24039.3
18582.6 22162.3 22857.6
18946 21053.8 21733.5
19316.4 20000 20664.2
19694.1 18998 19647.1
20079.2 18045.4 18679.7
20471.8 17139.9 17759.5
20872 16279 16884.3
21280.1 15460.8 16052
21696.2 14682.9 15260.4
22120.4 13943.6 14507.5
22552.9 13241 13791.6
22993.9 12573.2 13110.8
23443.5 11938.5 12463.4
23901.9 11335.4 11847.7
24369.2 10762.3 11262.4
24845.7 10217.6 10705.8
25331.5 9700.19 10176.5
25826.8 9208.51 9673.33
26331.8 8741.37 9194.91
26846.6 8297.55 8740.06
27371.5 7875.92 8307.62
27906.7 7475.38 7896.51
28452.3 7094.92 7505.71
29008.7 6733.49 7134.16
29575.9 6390.21 6780.99
30154.1 6064.16 6445.26
30743.7 5754.48 6126.12
31344.8 5460.39 5822.79
31957.7 5181.08 5534.44
32582.6 4915.86 5260.4
33219.7 4663.99 4999.91
33869.2 4424.84 4752.33
34531.4 4197.77 4517.03
35206.6 3982.17 4293.4
35894.9 3777.48 4080.87
36596.8 3583.14 3878.88
37312.3 3398.66 3686.93
38041.9 3223.53 3504.52
38785.7 3057.29 3331.17
39544.1 2899.5 3166.44
40317.3 2749.73 3009.9
41105.6 2607.57 2861.15
41909.3 2472.66 2719.81
42728.7 2344.62 2585.51
43564.2 2223.12 2457.89
44416 2107.82 2336.63
45284.4 1998.41 2221.43
46169.8 1894.6 2111.96
47072.6 1796.09 2007.95
47992.9 1702.64 1909.14
48931.3 1613.97 1815.25
49888.1 1529.86 1726.05
50863.5 1450.06 1641.31
51858 1374.37 1560.8
52871.9 1302.57 1484.31
53905.7 1234.46 1411.64
54959.7 1169.87 1342.61
56034.3 1108.6 1277.02
57129.9 1050.5 1214.72
58247 995.398 1155.53
59385.8 943.144 1099.31
60547 893.595 1045.89
61730.8 846.611 995.15
62937.8 802.061 946.947
64168.4 759.823 901.158
65423.1 719.775 857.659
66702.2 681.81 816.339
68006.4 3247.86 3379.13
69336.1 3092.12 3220.22
70691.8 2943.36 3068.39
72074.1 2801.31 2923.34
73483.3 2665.71 2784.84
74920.1 2536.29 2652.59
76384.9 2412.79 2526.35
77878.4 2294.97 2405.87
79401.2 2182.6 2290.92
80953.6 2075.46 2181.26
82536.5 1973.3 2076.67
84150.3 1875.93 1976.93
85795.6 1783.14 1881.84
87473.2 1694.73 1791.2
89183.5 1610.52 1704.82
90927.2 1530.3 1622.5
92705.1 1453.93 1544.08
94517.8 1381.21 1469.38
96365.8 1312 1398.24
98249.9 1246.12 1330.51
100171 1183.44 1266.01
102130 1123.81 1204.61
104126 1067.08 1146.18
106162 1013.13 1090.57
108238 961.827 1037.65
110354 913.051 987.317
112512 866.676 939.425
114712 822.605 893.881
116955 780.716 850.562
119242 740.912 809.37
#S  74 W
#N 3
#L PhotonEnergy[eV]  Photoelectric[barn/atom]  Total[barn/atom]
2004.49 278247 281479
2043.68 265994 269221
2083.64 254280 257502
2124.38 243082 246298
2165.92 232377 235586
2208.27 222144 225345
2251.44 212362 215554
2295.47 203010 206193
2340.35 194070 197243
2386.11 185523 188686
2432.76 177354 180505
2480.33 169543 172683
2528.82 162077 165204
2578.27 154940 158054
2628.68 148116 151217
2680.08 141594 144680
2732.48 135358 138429
2785.91 129398 132452
2840.38 759219 762258
2895.92 721848 724870
2952.54 686316 689320
3010.27 652533 655520
3069.12 620414 623382
3129.14 589874 592823
3190.32 560839 563768
3252.7 533234 536143
3316.3 506985 509874
3381.14 482030 484898
3447.25 458303 461148
3514.65 435744 438568
3583.37 414295 417097
3653.43 393902 396681
3724.87 374513 377269
3797.7 356078 358810
3871.95 338551 341259
3947.66 321886 324570
4024.84 306042 308701
4103.54 290978 293612
4183.77 276655 279264
4265.58 263037 265620
4348.98 250089 252647
4434.02 237779 240311
4520.71 226075 228580
4609.1 214946 217425
4699.22 204366 206818
4791.1 194307 196732
4884.78 184742 187140
4980.29 175649 178020
5077.67 167002 169346
5176.95 158782 161098
5278.17 150966 153255
5381.37 143535 145796
5486.59 136470 138703
5593.87 129752 131957
5703.24 123366 125542
5814.75 117293 119442
5928.45 111520 113640
6044.36 106030 108122
6162.55 100811 102875
6283.04 95848.8 97884.5
6405.89 91131 93138.4
6531.14 86645.1 88624.3
6658.84 82380.3 84331.4
6789.04 78325.1 80248.1
6921.78 74469.8 76364.7
7057.11 70804.2 72671.2
7195.1 67318.9 69157.9
7335.78 64005.3 65816.5
7479.22 60854.7 62638.2
7625.45 57859.3 59615.1
7774.55 55011.2 56739.6
7926.56 52303.4 54004.4
8081.55 49728.8 51402.6
8239.56 47281 48927.7
8400.67 44953.7 46573.4
8564.92 42740.9 44333.9
8732.38 40637.1 42203.4
8903.12 38636.8 40176.7
9077.2 36735 38248.7
9254.69 34926.7 36414.4
9435.64 33207.6 34669.4
9620.13 31572.9 33009.1
9808.22 30018.8 31429.6
10000 28541.2 29926.8
10195.5 27136.3 28496.9
10394.9 67574.7 68910.6
10598.1 64280.9 65592.3
10805.3 61144.3 62431.4
11016.6 58157.4 59420.5
11232 55313.5 56552.8
11451.6 52605.8 53821.6
11675.5 70539.3 71731.9
11903.8 67079 68248.5
12136.6 73990.4 75137.3
12373.9 70353 71477.4
12615.8 66890.8 67993
12862.5 63595.6 64675.9
13114 60459.4 61518.1
13370.4 57474.7 58512
13631.8 54634.3 55650.6
13898.4 51931.5 52926.9
14170.1 49359.7 50334.7
14447.1 46912.7 47867.5
14729.6 44584.6 45519.4
15017.6 42369.8 43284.9
15311.3 40262.7 41158.5
15610.6 38258.3 39135.1
15915.9 36351.8 37209.8
16227.1 34538.3 35377.8
16544.3 32813.6 33634.9
16867.8 31173.2 31976.6
17197.6 29613.4 30399.2
17533.9 28129.9 28898.4
17876.7 26719.3 27470.8
18226.3 25378.1 26112.8
18582.6 24102.9 24821.1
18946 22890.5 23592.6
19316.4 21738 22424.1
19694.1 20642.3 21312.8
20079.2 19600.8 20256
20471.8 18610.8 19250.9
20872 17669.9 18295.2
21280.1 16775.6 17386.4
21696.2 15925.7 16522.3
22120.4 15118 15700.6
22552.9 14350.5 14919.5
22993.9 13621.3 14176.8
23443.5 12928.4 13470.7
23901.9 12270 12799.5
24369.2 11644.6 12161.4
24845.7 11050.4 11554.8
25331.5 10486 10978.3
25826.8 9949.88 10430.2
26331.8 9440.64 9909.37
26846.6 8956.98 9414.32
27371.5 8497.63 8943.82
27906.7 8061.39 8496.66
28452.3 7647.15 8071.74
29008.7 7253.78 7667.93
29575.9 6880.28 7284.21
30154.1 6525.66 6919.59
30743.7 6188.97 6573.14
31344.8 5869.34 6243.96
31957.7 5565.9 5931.19
32582.6 5277.87 5634.04
33219.7 5004.47 5351.73
33869.2 4744.98 5083.54
34531.4 4498.69 4828.75
35206.6 4264.95 4586.72
35894.9 4043.15 4356.81
36596.8 3832.66 4138.41
37312.3 3632.94 3930.97
38041.9 3443.43 3733.94
38785.7 3263.63 3546.79
39544.1 3093.05 3369.05
40317.3 2931.23 3200.23
41105.6 2777.72 3039.91
41909.3 2632.11 2887.65
42728.7 2493.99 2743.05
43564.2 2363 2605.74
44416 2238.76 2475.35
45284.4 2120.94 2351.53
46169.8 2009.21 2233.96
47072.6 1903.26 2122.32
47992.9 1802.8 2016.32
48931.3 1707.55 1915.67
49888.1 1617.24 1820.11
50863.5 1531.63 1729.38
51858 1450.47 1643.24
52871.9 1373.54 1561.46
53905.7 1300.61 1483.81
54959.7 1231.49 1410.1
56034.3 1165.97 1340.12
57129.9 1103.89 1273.69
58247 1045.05 1210.63
59385.8 989.299 1150.77
60547 936.467 1093.94
61730.8 886.409 1039.99
62937.8 838.98 988.788
64168.4 794.047 940.183
65423.1 751.477 894.043
66702.2 711.153 850.249
68006.4 672.955 808.679
69336.1 636.774 769.222
70691.8 3101 3230.27
72074.1 2954.08 3080.25
73483.3 2813.61 2936.78
74920.1 2679.36 2799.61
76384.9 2551.07 2668.49
77878.4 2428.51 2543.17
79401.2 2311.46 2423.45
80953.6 2199.71 2309.09
82536.5 2093.02 2199.89
84150.3 1991.2 2095.62
85795.6 1894.05 1996.09
87473.2 1801.38 1901.12
89183.5 1713 1810.5
90927.2 1628.73 1724.05
92705.1 1548.4 1641.61
94517.8 1471.84 1562.99
96365.8 1398.88 1488.05
98249.9 1329.39 1416.62
100171 1263.18 1348.54
102130 1200.14 1283.68
104126 1140.12 1221.89
106162 1082.98 1163.04
108238 1028.6 1106.99
110354 976.851 1053.63
112512 927.61 1002.82
114712 880.776 954.468
116955 836.23 908.444
119242 793.868 864.648
#S  75 Re
#N 3
#L PhotonEnergy[eV]  Photoelectric[barn/atom]  Total[barn/atom]
2004.49 297380 300703
2043.68 284134 287451
2083.64 271477 274789
2124.38 259384 262690
2165.92 247829 251128
2208.27 236790 240080
2251.44 226242 229524
2295.47 216164 219437
2340.35 206535 209798
2386.11 197334 200587
2432.76 188544 191785
2480.33 180145 183374
2528.82 172121 175336
2578.27 164454 167656
2628.68 157128 160316
2680.08 150129 153302
2732.48 143441 146599
2785.91 137051 140193
2840.38 130946 134072
2895.92 125113 128221
2952.54 740375 743465
3010.27 703688 706760
3069.12 668820 671873
3129.14 635678 638712
3190.32 604180 607194
3252.7 574244 577236
3316.3 545788 548760
3381.14 518744 521694
3447.25 493039 495967
3514.65 468609 471514
3583.37 445389 448272
3653.43 423319 426179
3724.87 402343 405179
3797.7 382407 385218
3871.95 363458 366245
3947.66 345449 348211
4024.84 328331 331068
4103.54 312062 314773
4183.77 296599 299284
4265.58 281902 284561
4348.98 267934 270567
4434.02 254657 257263
4520.71 242038 244618
4609.1 230045 232597
4699.22 218646 221171
4791.1 207812 210309
4884.78 197514 199984
4980.29 187728 190169
5077.67 178426 180838
5176.95 169584 171969
5278.17 161181 163537
5381.37 153195 155522
5486.59 145604 147903
5593.87 138389 140659
5703.24 131531 133773
5814.75 125014 127226
5928.45 118819 121003
6044.36 112932 115086
6162.55 107336 109461
6283.04 102017 104114
6405.89 96962.2 99029.9
6531.14 92157.5 94196.2
6658.84 87591 89600.8
6789.04 83250.8 85231.6
6921.78 79125.6 81077.7
7057.11 75204.9 77128.2
7195.1 71478.4 73373
7335.78 67936.6 69802.6
7479.22 64570.2 66407.7
7625.45 61370.8 63179.8
7774.55 58329.7 60110.5
7926.56 55439.4 57192.1
8081.55 52692.3 54416.9
8239.56 50081.3 51778.1
8400.67 47599.7 49268.8
8564.92 45241.2 46882.7
8732.38 42999.4 44613.6
8903.12 40868.7 42455.7
9077.2 38843.6 40403.7
9254.69 36918.9 38452.1
9435.64 35089.5 36596.2
9620.13 33350.8 34831.1
9808.22 31698.2 33152.3
10000 30127.5 31555.7
10195.5 28634.7 30037.2
10394.9 27215.8 28592.8
10598.1 69187.6 70539.4
10805.3 65695.1 67021.9
11016.6 62378.1 63680.2
11232 59228.1 60505.7
11451.6 56236.5 57489.9
11675.5 53395.5 54625
11903.8 50697.6 51903.3
12136.6 67870.8 69053.2
12373.9 64440.1 65599.4
12615.8 70971.4 72107.8
12862.5 67382.4 68496.3
13114 63974.6 65066.2
13370.4 60738.3 61807.9
13631.8 57665.1 58713
13898.4 54746.9 55773.4
14170.1 51975.8 52981.2
14447.1 49344.6 50329.1
14729.6 46846 47810
15017.6 44473.5 45417.2
15311.3 42220.7 43144.5
15610.6 40081.6 40985.8
15915.9 38050.6 38935.4
16227.1 36122 36987.8
16544.3 34290.9 35137.9
16867.8 32552.2 33380.7
17197.6 30901.4 31711.8
17533.9 29334 30126.6
17876.7 27845.9 28620.8
18226.3 26432.9 27190.6
18582.6 25091.4 25832.1
18946 23817.7 24541.7
19316.4 22608.5 23316.1
19694.1 21460.4 22152
20079.2 20370.5 21046.1
20471.8 19335.7 19995.8
20872 18353.2 18998.1
21280.1 17420.5 18050.5
21696.2 16535 17150.3
22120.4 15694.4 16295.3
22552.9 14896.4 15483.1
22993.9 14138.8 14711.7
23443.5 13419.6 13978.9
23901.9 12736.8 13282.8
24369.2 12088.7 12621.6
24845.7 11473.4 11993.5
25331.5 10889.4 11397
25826.8 10334.9 10830.2
26331.8 9808.6 10291.9
26846.6 9309 9780.56
27371.5 8834.75 9294.79
27906.7 8384.57 8833.34
28452.3 7957.27 8395.02
29008.7 7551.64 7978.6
29575.9 7166.63 7583.04
30154.1 6801.18 7207.27
30743.7 6454.29 6850.3
31344.8 6125.05 6511.2
31957.7 5812.52 6189.04
32582.6 5515.91 5883
33219.7 5234.36 5592.25
33869.2 4967.14 5316.04
34531.4 4713.51 5053.63
35206.6 4472.79 4804.34
35894.9 4244.32 4567.5
36596.8 4027.47 4342.48
37312.3 3821.67 4128.71
38041.9 3626.34 3925.6
38785.7 3440.97 3732.63
39544.1 3265.03 3549.29
40317.3 3098.06 3375.09
41105.6 2939.6 3209.59
41909.3 2789.22 3052.34
42728.7 2646.5 2902.92
43564.2 2511.06 2760.95
44416 2382.52 2626.05
45284.4 2260.55 2497.88
46169.8 2144.79 2376.09
47072.6 2034.94 2260.35
47992.9 1930.7 2150.38
48931.3 1831.78 2045.88
49888.1 1737.91 1946.57
50863.5 1648.83 1852.21
51858 1564.31 1762.53
52871.9 1484.1 1677.31
53905.7 1407.98 1596.32
54959.7 1335.77 1519.35
56034.3 1267.23 1446.2
57129.9 1202.21 1376.68
58247 1140.51 1310.61
59385.8 1081.96 1247.81
60547 1026.41 1188.13
61730.8 973.706 1131.4
62937.8 923.695 1077.48
64168.4 876.245 1026.23
65423.1 831.221 977.511
66702.2 788.505 931.205
68006.4 747.976 887.186
69336.1 709.523 845.343
70691.8 673.04 805.566
72074.1 3063.49 3192.81
73483.3 2925.55 3051.76
74920.1 2793.05 2916.25
76384.9 2665.83 2786.09
77878.4 2543.72 2661.13
79401.2 2426.57 2541.21
80953.6 2314.23 2426.18
82536.5 2206.51 2315.85
84150.3 2103.31 2210.12
85795.6 2004.46 2108.82
87473.2 1909.8 2011.76
89183.5 1819.2 1918.84
90927.2 1732.5 1829.89
92705.1 1649.58 1744.79
94517.8 1570.29 1663.37
96365.8 1494.51 1585.54
98249.9 1422.1 1511.12
100171 1352.93 1440.01
102130 1286.88 1372.08
104126 1223.83 1307.2
106162 1163.66 1245.26
108238 1106.25 1186.13
110354 1051.51 1129.71
112512 999.298 1075.88
114712 949.545 1024.55
116955 902.121 975.595
119242 856.946 928.936
#S  76 Os
#N 3
#L PhotonEnergy[eV]  Photoelectric[barn/atom]  Total[barn/atom]
2004.49 339740 343155
2043.68 325447 328858
2083.64 311755 315160
2124.38 298639 302038
2165.92 286075 289466
2208.27 274039 277422
2251.44 262510 265885
2295.47 251466 254831
2340.35 240887 244242
2386.11 230752 234096
2432.76 221044 224376
2480.33 211744 215064
2528.82 202836 206143
2578.27 194302 197596
2628.68 186128 189406
2680.08 178297 181561
2732.48 170796 174044
2785.91 163610 166842
2840.38 156727 159941
2895.92 150133 153330
2952.54 143817 146996
3010.27 137766 140926
3069.12 709424 712564
3129.14 674178 677298
3190.32 640684 643784
3252.7 608855 611934
3316.3 578605 581662
3381.14 549859 552894
3447.25 522540 525553
3514.65 496580 499569
3583.37 471909 474875
3653.43 448464 451406
3724.87 426183 429101
3797.7 405010 407903
3871.95 384888 387756
3947.66 365766 368609
4024.84 347594 350411
4103.54 330325 333116
4183.77 313914 316678
4265.58 298318 301055
4348.98 283497 286207
4434.02 269412 272095
4520.71 256028 258682
4609.1 243308 245934
4699.22 231220 233818
4791.1 219733 222303
4884.78 208816 211357
4980.29 198442 200955
5077.67 188582 191066
5176.95 179213 181668
5278.17 170310 172736
5381.37 161848 164245
5486.59 153807 156174
5593.87 146166 148504
5703.24 138904 141212
5814.75 132003 134282
5928.45 125445 127694
6044.36 119213 121432
6162.55 113290 115479
6283.04 107662 109821
6405.89 102313 104442
6531.14 97229.6 99329.4
6658.84 92399.2 94469.2
6789.04 87808.5 89848.8
6921.78 83446.1 85456.8
7057.11 79300.5 81281.6
7195.1 75360.6 77312.1
7335.78 71616.6 73538.8
7479.22 68058.5 69951.3
7625.45 64677.3 66540.9
7774.55 61463.9 63298.5
7926.56 58410.3 60216
8081.55 55508.3 57285.2
8239.56 52750.6 54498.8
8400.67 50129.9 51849.6
8564.92 47639.4 49330.8
8732.38 45272.6 46935.8
8903.12 43023.3 44658.6
9077.2 40885.9 42493.4
9254.69 38854.6 40434.5
9435.64 36924.2 38476.8
9620.13 35089.7 36615.2
9808.22 33346.4 34845
10000 31689.7 33161.5
10195.5 30115.3 31560.7
10394.9 28619.1 30038.3
10598.1 27197.3 28590.5
10805.3 25846.1 27213.6
11016.6 62199.7 63541.8
11232 59181.5 60498.3
11451.6 56307.1 57599.1
11675.5 53570.1 54837.4
11903.8 50963.9 52206.8
12136.6 48482.3 49701.1
12373.9 46119.4 47314.5
12615.8 61856.5 63028.1
12862.5 58836.7 59985
13114 64915.8 66041.1
13370.4 61741.2 62843.9
13631.8 58719.3 59799.7
13898.4 55842.8 56901.1
14170.1 53104.9 54141.5
14447.1 50499.1 51514.2
14729.6 48018.8 49012.8
15017.6 45658.5 46631.6
15311.3 43412.2 44364.8
15610.6 41274.7 42207
15915.9 39240.7 40153.1
16227.1 37305.2 38197.9
16544.3 35463.7 36337.2
16867.8 33711.5 34565.9
17197.6 32044.6 32880.3
17533.9 30458.7 31276
17876.7 28950 29749.2
18226.3 27514.9 28296.3
18582.6 26149.7 26913.6
18946 24851.1 25597.8
19316.4 23616.1 24345.9
19694.1 22441.4 23154.6
20079.2 21324.2 22021.1
20471.8 20261.7 20942.6
20872 19251.3 19916.5
21280.1 18290.5 18940.2
21696.2 17376.8 18011.5
22120.4 16508.1 17127.9
22552.9 15682.1 16287.3
22993.9 14896.8 15487.7
23443.5 14150.2 14727.1
23901.9 13440.5 14003.6
24369.2 12765.7 13315.4
24845.7 12124.3 12660.8
25331.5 11514.6 12038.2
25826.8 10935.1 11446.1
26331.8 10384.3 10882.9
26846.6 9860.82 10347.2
27371.5 9363.3 9837.85
27906.7 8890.5 9353.43
28452.3 8441.2 8892.76
29008.7 8014.24 8454.67
29575.9 7608.56 8038.11
30154.1 7223.08 7641.99
30743.7 6856.84 7265.34
31344.8 6508.89 6907.22
31957.7 6178.3 6566.68
32582.6 5864.26 6242.93
33219.7 5565.93 5935.1
33869.2 5282.55 5642.44
34531.4 5013.37 5364.21
35206.6 4757.7 5099.69
35894.9 4514.87 4848.22
36596.8 4284.24 4609.16
37312.3 4065.22 4381.91
38041.9 3857.22 4165.88
38785.7 3659.7 3960.52
39544.1 3472.15 3765.33
40317.3 3294.06 3579.78
41105.6 3124.96 3403.41
41909.3 2964.42 3235.78
42728.7 2812 3076.45
43564.2 2667.3 2925.01
44416 2529.93 2781.07
45284.4 2399.54 2644.28
46169.8 2275.76 2514.26
47072.6 2158.27 2390.7
47992.9 2046.76 2273.27
48931.3 1940.92 2161.67
49888.1 1840.48 2055.62
50863.5 1745.16 1954.83
51858 1654.7 1859.05
52871.9 1568.86 1768.03
53905.7 1487.41 1681.54
54959.7 1410.12 1599.35
56034.3 1336.79 1521.25
57129.9 1267.22 1447.04
58247 1201.22 1376.52
59385.8 1138.6 1309.51
60547 1079.2 1245.84
61730.8 1022.86 1185.34
62937.8 969.41 1127.85
64168.4 918.717 1073.23
65423.1 870.633 1021.33
66702.2 825.032 972.02
68006.4 781.784 925.166
69336.1 740.77 880.649
70691.8 701.878 838.352
72074.1 664.997 798.162
73483.3 630.028 759.979
74920.1 3027.78 3154.61
76384.9 2874.82 2998.61
77878.4 2729.41 2850.26
79401.2 2591.22 2709.2
80953.6 2459.89 2575.11
82536.5 2335.1 2447.62
84150.3 2216.54 2326.43
85795.6 2103.91 2211.26
87473.2 1996.91 2101.79
89183.5 1895.27 1997.75
90927.2 1798.74 1898.89
92705.1 1707.06 1804.96
94517.8 1620 1715.7
96365.8 1537.34 1630.91
98249.9 1458.85 1550.35
100171 1384.33 1473.82
102130 1313.58 1401.13
104126 1246.42 1332.08
106162 1182.67 1266.5
108238 1122.17 1204.21
110354 1064.74 1145.05
112512 1010.24 1088.87
114712 958.517 1035.52
116955 909.435 984.858
119242 862.865 936.753
#S  77 Ir
#N 3
#L PhotonEnergy[eV]  Photoelectric[barn/atom]  Total[barn/atom]
2004.49 318696 322206
2043.68 304214 307719
2083.64 290389 293889
2124.38 277193 280686
2165.92 264596 268082
2208.27 252572 256049
2251.44 241094 244563
2295.47 230138 233597
2340.35 219680 223129
2386.11 209697 213134
2432.76 200167 203593
2480.33 191071 194484
2528.82 182388 185788
2578.27 174100 177486
2628.68 166188 169559
2680.08 158636 161992
2732.48 151427 154767
2785.91 144545 147868
2840.38 137976 141282
2895.92 131706 134994
2952.54 125721 128990
3010.27 120008 123258
3069.12 114554 117785
3129.14 109348 112558
3190.32 688334 691523
3252.7 653926 657094
3316.3 621236 624382
3381.14 590182 593304
3447.25 560679 563778
3514.65 532651 535727
3583.37 506025 509077
3653.43 480729 483756
3724.87 456698 459700
3797.7 433868 436845
3871.95 412180 415131
3947.66 391575 394500
4024.84 372001 374900
4103.54 353405 356276
4183.77 335739 338583
4265.58 318955 321772
4348.98 303011 305800
4434.02 287864 290625
4520.71 273474 276207
4609.1 259803 262507
4699.22 246816 249491
4791.1 234478 237124
4884.78 222757 225373
4980.29 211621 214208
5077.67 201043 203600
5176.95 190993 193520
5278.17 181445 183943
5381.37 172375 174842
5486.59 163758 166195
5593.87 155572 157979
5703.24 147795 150171
5814.75 140407 142753
5928.45 133388 135704
6044.36 126720 129005
6162.55 120386 122640
6283.04 114368 116591
6405.89 108651 110844
6531.14 103219 105381
6658.84 98059.7 100191
6789.04 93157.6 95258.7
6921.78 88500.9 90571.5
7057.11 84076.9 86117.1
7195.1 79873.9 81883.8
7335.78 75881.1 77860.8
7479.22 72087.8 74037.3
7625.45 68484.3 70403.8
7774.55 65060.8 66950.4
7926.56 61808.6 63668.3
8081.55 58718.8 60548.9
8239.56 55783.5 57584.2
8400.67 52994.9 54766.3
8564.92 50345.8 52088
8732.38 47829.1 49542.3
8903.12 45438.2 47122.6
9077.2 43166.8 44822.6
9254.69 41008.9 42636.4
9435.64 38958.9 40558.3
9620.13 37011.3 38582.8
9808.22 35161.2 36705
10000 33403.5 34919.8
10195.5 31733.8 33222.8
10394.9 30147.4 31609.4
10598.1 28640.4 30075.7
10805.3 27208.7 28617.5
11016.6 25848.5 27231.2
11232 58640.1 59996.8
11451.6 55955.5 57286.6
11675.5 53388.6 54694.3
11903.8 50934.2 52214.8
12136.6 48587.7 49843.5
12373.9 46344.6 47575.9
12615.8 44200.6 45407.6
12862.5 59433.6 60616.7
13114 56672.6 57832.1
13370.4 54034.4 55170.5
13631.8 59755.9 60869
13898.4 56962.6 58052.9
14170.1 54294.3 55362.2
14447.1 51745.8 52791.7
14729.6 49311.8 50335.9
15017.6 46987.7 47990.3
15311.3 44768.4 45749.9
15610.6 42649.8 43610.4
15915.9 40627.2 41567.3
16227.1 38696.7 39616.5
16544.3 36854.1 37754.1
16867.8 35095.7 35976
17197.6 33417.8 34278.9
17533.9 31816.9 32659
17876.7 30289.7 31113.1
18226.3 28832.8 29637.9
18582.6 27443.2 28230.2
18946 26117.9 26887.3
19316.4 24854.1 25606
19694.1 23649.1 24383.9
20079.2 22500.2 23218.2
20471.8 21405 22106.5
20872 20361 21046.2
21280.1 19365.9 20035.3
21696.2 18417.6 19071.4
22120.4 17514 18152.5
22552.9 16653 17276.5
22993.9 15832.8 16441.5
23443.5 15051.4 15645.7
23901.9 14307.1 14887.2
24369.2 13598.3 14164.5
24845.7 12923.2 13475.9
25331.5 12280.4 12819.8
25826.8 11668.5 12194.8
26331.8 11085.8 11599.4
26846.6 10531.2 11032.2
27371.5 10003.4 10492.1
27906.7 9501 9977.79
28452.3 9022.97 9488.02
29008.7 8568.08 9021.67
29575.9 8135.33 8577.69
30154.1 7723.64 8155.03
30743.7 7332.04 7752.69
31344.8 6959.6 7369.76
31957.7 6605.39 7005.3
32582.6 6268.6 6658.48
33219.7 5948.34 6328.43
33869.2 5643.9 6014.43
34531.4 5354.49 5715.66
35206.6 5079.4 5431.45
35894.9 4817.97 5161.11
36596.8 4569.51 4903.95
37312.3 4333.44 4659.39
38041.9 4109.14 4426.81
38785.7 3896.06 4205.65
39544.1 3693.65 3995.35
40317.3 3501.4 3795.41
41105.6 3318.82 3605.33
41909.3 3145.45 3424.64
42728.7 2980.82 3252.88
43564.2 2824.53 3089.64
44416 2676.16 2934.49
45284.4 2535.34 2787.06
46169.8 2401.67 2646.96
47072.6 2274.82 2513.84
47992.9 2154.45 2387.36
48931.3 2040.25 2267.21
49888.1 1931.9 2153.07
50863.5 1829.12 2044.66
51858 1731.63 1941.68
52871.9 1639.18 1843.88
53905.7 1551.5 1751
54959.7 1468.36 1662.81
56034.3 1389.54 1579.06
57129.9 1314.82 1499.54
58247 1243.98 1424.05
59385.8 1176.85 1352.38
60547 1113.22 1284.34
61730.8 1052.93 1219.76
62937.8 995.799 1158.47
64168.4 941.676 1100.29
65423.1 890.403 1045.08
66702.2 841.836 992.684
68006.4 795.838 942.965
69336.1 752.277 895.788
70691.8 711.03 851.026
72074.1 671.973 808.555
73483.3 635 768.264
74920.1 599.998 730.04
76384.9 2937.65 3064.57
77878.4 2792.02 2915.89
79401.2 2653.4 2774.32
80953.6 2521.48 2639.53
82536.5 2395.94 2511.2
84150.3 2276.51 2389.07
85795.6 2162.87 2272.81
87473.2 2054.78 2162.16
89183.5 1951.98 2056.89
90927.2 1854.2 1956.71
92705.1 1761.23 1861.4
94517.8 1672.82 1770.73
96365.8 1588.78 1684.49
98249.9 1508.88 1602.46
100171 1432.94 1524.45
102130 1360.76 1450.26
104126 1292.17 1379.71
106162 1226.98 1312.63
108238 1165.04 1248.86
110354 1106.2 1188.23
112512 1050.29 1130.59
114712 997.183 1075.8
116955 946.732 1023.72
119242 898.819 974.221
#S  78 Pt
#N 3
#L PhotonEnergy[eV]  Photoelectric[barn/atom]  Total[barn/atom]
2004.49 343001 346620
2043.68 327753 331368
2083.64 313184 316792
2124.38 299261 302863
2165.92 285958 289552
2208.27 273245 276832
2251.44 261098 264676
2295.47 249492 253060
2340.35 238401 241958
2386.11 227803 231348
2432.76 217676 221210
2480.33 207999 211520
2528.82 198752 202260
2578.27 189917 193410
2628.68 181475 184952
2680.08 173407 176869
2732.48 165698 169144
2785.91 158332 161760
2840.38 151294 154704
2895.92 144568 147960
2952.54 138141 141514
3010.27 132000 135353
3069.12 126132 129465
3129.14 120525 123836
3190.32 115167 118457
3252.7 110048 113315
3316.3 691043 694288
3381.14 655635 658857
3447.25 622040 625237
3514.65 590168 593341
3583.37 559929 563078
3653.43 531238 534362
3724.87 504018 507116
3797.7 478193 481265
3871.95 453692 456737
3947.66 430445 433463
4024.84 408389 411380
4103.54 387464 390427
4183.77 367610 370545
4265.58 348775 351681
4348.98 330904 333782
4434.02 313948 316797
4520.71 297862 300682
4609.1 282600 285390
4699.22 268120 270880
4791.1 254382 257112
4884.78 241348 244047
4980.29 228982 231651
5077.67 217248 219887
5176.95 206117 208725
5278.17 195556 198133
5381.37 185536 188082
5486.59 176029 178544
5593.87 167010 169493
5703.24 158452 160904
5814.75 150334 152754
5928.45 142631 145019
6044.36 135322 137680
6162.55 128389 130714
6283.04 121810 124104
6405.89 115569 117831
6531.14 109647 111878
6658.84 104029 106228
6789.04 98698.5 100866
6921.78 93641.5 95777.8
7057.11 88843.6 90948.4
7195.1 84291.1 86364.6
7335.78 79972.3 82014.6
7479.22 75874.5 77885.6
7625.45 71986.8 73967
7774.55 68298.2 70247.5
7926.56 64798.8 66717.3
8081.55 61478.5 63366.5
8239.56 58328.5 60186
8400.67 55339.8 57167
8564.92 52504.3 54301.4
8732.38 49814 51581.2
8903.12 47261.6 48999.1
9077.2 44840 46548
9254.69 42542.4 44221.1
9435.64 40362.6 42012.3
9620.13 38294.5 39915.3
9808.22 36332.3 37924.6
10000 34470.7 36034.5
10195.5 32704.5 34240.2
10394.9 31028.7 32536.5
10598.1 29438.8 30919.1
10805.3 27930.4 29383.4
11016.6 26499.3 27925.2
11232 25141.5 26540.7
11451.6 23853.3 25225.9
11675.5 59643.7 60990.1
11903.8 56746.1 58066.7
12136.6 53986.3 55281.2
12373.9 51358 52627.6
12615.8 48854.9 50099.4
12862.5 46471.2 47691.1
13114 44201.5 45397
13370.4 59276.9 60448.3
13631.8 56375.4 57523.1
13898.4 62191.2 63315.4
14170.1 59140.7 60241.7
14447.1 56236.7 57314.9
14729.6 53472.3 54528.1
15017.6 50841.2 51874.8
15311.3 48336.8 49348.5
15610.6 45953.3 46943.4
15915.9 43684.9 44653.8
16227.1 41526.1 42474.2
16544.3 39471.9 40399.5
16867.8 37517.3 38424.6
17197.6 35657.5 36544.9
17533.9 33888 34755.8
17876.7 32204.6 33053.2
18226.3 30603.1 31432.8
18582.6 29079.7 29890.7
18946 27630.6 28423.3
19316.4 26252.3 27027
19694.1 24941.3 25698.4
20079.2 23694.5 24434.3
20471.8 22508.9 23231.6
20872 21381.3 22087.3
21280.1 20309.2 20998.8
21696.2 19289.7 19963.2
22120.4 18320.4 18978.1
22552.9 17398.9 18041
22993.9 16522.8 17149.8
23443.5 15690 16302.1
23901.9 14898.3 15495.8
24369.2 14145.8 14729
24845.7 13430.6 13999.7
25331.5 12750.8 13306.2
25826.8 12104.8 12646.7
26331.8 11490.9 12019.6
26846.6 10907.5 11423.3
27371.5 10353.2 10856.3
27906.7 9826.46 10317.3
28452.3 9326.05 9804.76
29008.7 8850.62 9317.5
29575.9 8398.99 8854.28
30154.1 7969.95 8413.92
30743.7 7562.43 7995.32
31344.8 7175.35 7597.42
31957.7 6807.69 7219.18
32582.6 6458.54 6859.69
33219.7 6126.94 6517.99
33869.2 5812.06 6193.24
34531.4 5513.05 5884.6
35206.6 5229.15 5591.28
35894.9 4959.59 5312.53
36596.8 4703.66 5047.63
37312.3 4460.71 4795.92
38041.9 4230.06 4556.73
38785.7 4011.13 4329.46
39544.1 3803.31 4113.51
40317.3 3606.07 3908.33
41105.6 3418.86 3713.39
41909.3 3241.2 3528.18
42728.7 3072.6 3352.23
43564.2 2912.62 3185.07
44416 2760.8 3026.27
45284.4 2616.77 2875.43
46169.8 2480.11 2732.13
47072.6 2350.45 2596.01
47992.9 2227.46 2466.72
48931.3 2110.78 2343.91
49888.1 2000.11 2227.27
50863.5 1895.13 2116.48
51858 1795.57 2011.26
52871.9 1701.14 1911.33
53905.7 1611.59 1816.41
54959.7 1526.67 1726.28
56034.3 1446.15 1640.68
57129.9 1369.8 1559.39
58247 1297.41 1482.19
59385.8 1228.78 1408.89
60547 1163.71 1339.28
61730.8 1102.03 1273.18
62937.8 1043.56 1210.41
64168.4 988.138 1150.82
65423.1 935.607 1094.23
66702.2 885.823 1040.5
68006.4 838.641 989.484
69336.1 793.929 941.046
70691.8 751.559 895.055
72074.1 711.411 851.389
73483.3 673.372 809.933
74920.1 637.33 770.571
76384.9 603.186 733.202
77878.4 570.839 697.723
79401.2 2775.76 2899.61
80953.6 2635.61 2756.5
82536.5 2502.37 2620.39
84150.3 2375.73 2490.96
85795.6 2255.36 2367.89
87473.2 2140.98 2250.89
89183.5 2032.3 2139.66
90927.2 1929.04 2033.92
92705.1 1830.93 1933.42
94517.8 1737.74 1837.9
96365.8 1649.24 1747.13
98249.9 1565.18 1660.87
100171 1485.35 1578.91
102130 1409.54 1501.03
104126 1337.56 1427.05
106162 1269.23 1356.76
108238 1204.35 1289.99
110354 1142.77 1226.58
112512 1084.31 1166.34
114712 1028.83 1109.13
116955 976.172 1054.79
119242 926.2 1003.19
#S  79 Au
#N 3
#L PhotonEnergy[eV]  Photoelectric[barn/atom]  Total[barn/atom]
2004.49 369782 373501
2043.68 353481 357195
2083.64 337897 341606
2124.38 323001 326703
2165.92 308762 312456
2208.27 295150 298836
2251.44 282138 285815
2295.47 269700 273368
2340.35 257810 261467
2386.11 246445 250090
2432.76 235580 239213
2480.33 225195 228814
2528.82 215267 218873
2578.27 205777 209368
2628.68 196705 200281
2680.08 188034 191593
2732.48 179744 183287
2785.91 171820 175345
2840.38 164245 167752
2895.92 157004 160493
2952.54 150083 153552
3010.27 143466 146915
3069.12 137142 140570
3129.14 131096 134502
3190.32 125317 128701
3252.7 119792 123154
3316.3 114511 117849
3381.14 109463 112777
3447.25 586840 590130
3514.65 558261 561526
3583.37 531074 534313
3653.43 505210 508424
3724.87 480606 483793
3797.7 457200 460360
3871.95 434934 438068
3947.66 413753 416859
4024.84 393602 396680
4103.54 374434 377483
4183.77 356199 359219
4265.58 338852 341843
4348.98 322349 325311
4434.02 306650 309582
4520.71 291717 294619
4609.1 277509 280381
4699.22 263995 266836
4791.1 251138 253948
4884.78 238907 241686
4980.29 227273 230020
5077.67 216204 218920
5176.95 205675 208360
5278.17 195658 198311
5381.37 186130 188751
5486.59 177065 179654
5593.87 168442 170998
5703.24 160239 162763
5814.75 152435 154927
5928.45 145011 147471
6044.36 137949 140376
6162.55 131231 133625
6283.04 124840 127202
6405.89 118760 121090
6531.14 112976 115273
6658.84 107474 109739
6789.04 102240 104472
6921.78 97261.2 99460.8
7057.11 92524.6 94692
7195.1 88018.4 90153.6
7335.78 83732 85835
7479.22 79654.1 81725.1
7625.45 75775 77814
7774.55 72084.6 74091.9
7926.56 68574.1 70549.7
8081.55 65234.4 67178.6
8239.56 62057.5 63970.2
8400.67 59035.3 60916.9
8564.92 56160.2 58010.9
8732.38 53425.2 55245.1
8903.12 50823.3 52612.6
9077.2 48348.2 50107.1
9254.69 45993.6 47722.3
9435.64 43753.8 45452.5
9620.13 41622.9 43291.9
9808.22 39595.8 41235.4
10000 37667.4 39277.8
10195.5 35833 37414.5
10394.9 34087.9 35640.7
10598.1 32427.8 33952.2
10805.3 30848.6 32344.8
11016.6 29346.2 30814.5
11232 27917.1 29357.8
11451.6 26557.5 27970.9
11675.5 25264.1 26650.6
11903.8 24033.7 25393.5
12136.6 55776 57109.3
12373.9 53066.4 54373.7
12615.8 50485.9 51767.4
12862.5 48028.6 49284.7
13114 45688.6 46919.6
13370.4 43460.5 44666.6
13631.8 41338.9 42520.5
13898.4 55439.7 56597.1
14170.1 52728.1 53861.7
14447.1 58170.1 59280.2
14729.6 55319.4 56406.3
15017.6 52605.8 53669.9
15311.3 50022.8 51064.4
15610.6 47564.4 48583.8
15915.9 45224.5 46222.1
16227.1 42997.5 43973.5
16544.3 40878.2 41833.1
16867.8 38861.3 39795.3
17197.6 36942.3 37855.8
17533.9 35116.2 36009.5
17876.7 33378.7 34252.1
18226.3 31725.5 32579.5
18582.6 30152.8 30987.6
18946 28656.6 29472.5
19316.4 27233.3 28030.7
19694.1 25879.4 26658.6
20079.2 24591.6 25352.9
20471.8 23366.7 24110.4
20872 22201.7 22928.2
21280.1 21093.7 21803.3
21696.2 20040 20733
22120.4 19038.1 19714.8
22552.9 18085.3 18746
22993.9 17179.3 17824.4
23443.5 16318 16947.7
23901.9 15499 16113.6
24369.2 14720.4 15320.3
24845.7 13980.2 14565.6
25331.5 13276.6 13847.9
25826.8 12607.7 13165.1
26331.8 11972 12515.8
26846.6 11367.8 11898.3
27371.5 10793.5 11311
27906.7 10247.7 10752.4
28452.3 9729.03 10221.3
29008.7 9236.13 9716.22
29575.9 8767.8 9235.96
30154.1 8322.79 8779.28
30743.7 7899.97 8345.05
31344.8 7498.27 7932.19
31957.7 7116.62 7539.64
32582.6 6754.08 7166.45
33219.7 6409.67 6811.63
33869.2 6082.53 6474.33
34531.4 5771.8 6153.66
35206.6 5476.67 5848.83
35894.9 5196.38 5559.07
36596.8 4930.17 5283.61
37312.3 4677.39 5021.81
38041.9 4437.33 4772.95
38785.7 4209.39 4536.42
39544.1 3992.95 4311.61
40317.3 3787.46 4097.94
41105.6 3592.37 3894.87
41909.3 3407.15 3701.89
42728.7 3231.32 3518.48
43564.2 3064.42 3344.19
44416 2905.99 3178.56
45284.4 2755.61 3021.17
46169.8 2612.89 2871.62
47072.6 2477.43 2729.5
47992.9 2348.89 2594.47
48931.3 2226.89 2466.16
49888.1 2111.13 2344.25
50863.5 2001.29 2228.42
51858 1897.07 2118.37
52871.9 1798.19 2013.82
53905.7 1704.37 1914.48
54959.7 1615.37 1820.11
56034.3 1530.94 1730.45
57129.9 1450.86 1645.28
58247 1374.89 1564.37
59385.8 1302.83 1487.5
60547 1234.49 1414.48
61730.8 1169.68 1345.12
62937.8 1108.21 1279.23
64168.4 1049.93 1216.65
65423.1 994.655 1157.19
66702.2 942.247 1100.73
68006.4 892.556 1047.09
69336.1 845.442 996.139
70691.8 800.777 947.746
72074.1 758.432 901.78
73483.3 718.292 858.123
74920.1 680.24 816.655
76384.9 644.175 777.271
77878.4 609.99 739.863
79401.2 577.59 704.333
80953.6 2691.19 2814.9
82536.5 2565.27 2686.02
84150.3 2444.77 2562.65
85795.6 2329.49 2444.6
87473.2 2219.24 2331.65
89183.5 2113.85 2223.63
90927.2 2013.1 2120.34
92705.1 1916.82 2021.59
94517.8 1824.85 1927.22
96365.8 1737.02 1837.06
98249.9 1653.15 1750.93
100171 1573.1 1668.69
102130 1496.69 1590.16
104126 1423.8 1515.2
106162 1354.27 1443.67
108238 1287.97 1375.42
110354 1224.76 1310.32
112512 1164.49 1248.22
114712 1107.07 1189.02
116955 1052.35 1132.58
119242 1000.22 1078.78
#S  80 Hg
#N 3
#L PhotonEnergy[eV]  Photoelectric[barn/atom]  Total[barn/atom]
2004.49 399965 403772
2043.68 382319 386122
2083.64 365452 369249
2124.38 349329 353120
2165.92 333917 337700
2208.27 319186 322960
2251.44 305104 308870
2295.47 291643 295400
2340.35 278776 282522
2386.11 266477 270211
2432.76 254721 258443
2480.33 243483 247192
2528.82 232741 236436
2578.27 222473 226153
2628.68 212658 216322
2680.08 203276 206924
2732.48 194308 197939
2785.91 185736 189349
2840.38 177541 181136
2895.92 169708 173284
2952.54 162221 165777
3010.27 155064 158600
3069.12 148223 151737
3129.14 141684 145176
3190.32 135433 138903
3252.7 129458 132905
3316.3 123747 127170
3381.14 118287 121686
3447.25 113068 116443
3514.65 108080 111429
3583.37 575710 579033
3653.43 547372 550669
3724.87 520429 523699
3797.7 494812 498054
3871.95 470456 473671
3947.66 447299 450486
4024.84 425281 428439
4103.54 404348 407477
4183.77 384444 387544
4265.58 365521 368590
4348.98 347529 350569
4434.02 330422 333432
4520.71 314158 317137
4609.1 298694 301642
4699.22 283992 286908
4791.1 270013 272898
4884.78 256722 259575
4980.29 244086 246906
5077.67 232071 234859
5176.95 220648 223404
5278.17 209787 212511
5381.37 199460 202152
5486.59 189642 192300
5593.87 180308 182933
5703.24 171432 174025
5814.75 162994 165553
5928.45 154971 157497
6044.36 147343 149836
6162.55 140090 142550
6283.04 133194 135621
6405.89 126638 129031
6531.14 120405 122764
6658.84 114478 116804
6789.04 108843 111136
6921.78 103486 105745
7057.11 98391.9 100619
7195.1 93548.5 95742.2
7335.78 88943.9 91104.7
7479.22 84565.8 86693.7
7625.45 80403.3 82498.5
7774.55 76445.5 78508.1
7926.56 72682.7 74712.9
8081.55 69105 71102.8
8239.56 65703.5 67669.2
8400.67 62469.3 64403.1
8564.92 59394.5 61296.4
8732.38 56470.9 58341.2
8903.12 53691.2 55530.2
9077.2 51048.3 52856.1
9254.69 48535.6 50312.4
9435.64 46146.6 47892.7
9620.13 43875.1 45590.7
9808.22 41715.4 43400.8
10000 39662 41317.4
10195.5 37709.8 39335.5
10394.9 35853.6 37449.7
10598.1 34088.8 35655.8
10805.3 32410.9 33949
11016.6 30815.5 32324.9
11232 29298.7 30779.8
11451.6 27856.5 29309.6
11675.5 26485.3 27910.7
11903.8 25181.6 26579.6
12136.6 23942.1 25313
12373.9 54691.5 56035.6
12615.8 52091.3 53408.8
12862.5 49611.3 50902.8
13114 47246.6 48512.2
13370.4 44991.6 46231.6
13631.8 42841.5 44056.4
13898.4 40791.4 41981.5
14170.1 38837.1 40002.7
14447.1 52133.4 53274.9
14729.6 49629.2 50746.8
15017.6 54801.2 55895.3
15311.3 52162.2 53233.1
15610.6 49647.2 50695.4
15915.9 47250.5 48276.2
16227.1 44966.5 45970.1
16544.3 42790.2 43772
16867.8 40716.6 41677
17197.6 38741.1 39680.3
17533.9 36859 37777.5
17876.7 35066.1 35964.2
18226.3 33358.3 34236.3
18582.6 31731.6 32589.9
18946 30182.3 31021.2
19316.4 28706.9 29526.8
19694.1 27301.8 28102.9
20079.2 25963.8 26746.5
20471.8 24689.8 25454.5
20872 23476.8 24223.8
21280.1 22322.1 23051.6
21696.2 21222.7 21935.1
22120.4 20176.2 20871.9
22552.9 19180 19859.3
22993.9 18231.9 18895.1
23443.5 17329.5 17976.9
23901.9 16470.8 17102.6
24369.2 15653.6 16270.3
24845.7 14876 15477.8
25331.5 14136.1 14723.4
25826.8 13432.1 14005.1
26331.8 12762.4 13321.4
26846.6 12125.3 12670.6
27371.5 11519.3 12051.2
27906.7 10942.9 11461.7
28452.3 10394.6 10900.6
29008.7 9873.19 10366.6
29575.9 9377.34 9858.47
30154.1 8905.8 9374.92
30743.7 8457.44 8914.82
31344.8 8031.14 8477.04
31957.7 7625.84 8060.51
32582.6 7240.53 7664.24
33219.7 6874.24 7287.23
33869.2 6526.08 6928.61
34531.4 6195.14 6587.45
35206.6 5880.61 6262.94
35894.9 5581.71 5954.29
36596.8 5297.63 5660.7
37312.3 5027.71 5381.49
38041.9 4771.24 5115.96
38785.7 4527.55 4863.43
39544.1 4296.04 4623.29
40317.3 4076.1 4394.94
41105.6 3867.17 4177.81
41909.3 3668.73 3971.37
42728.7 3480.23 3775.07
43564.2 3301.22 3588.45
44416 3131.21 3411.04
45284.4 2969.77 3242.38
46169.8 2816.47 3082.05
47072.6 2670.91 2929.63
47992.9 2532.71 2784.76
48931.3 2401.51 2647.06
49888.1 2276.97 2516.19
50863.5 2158.74 2391.8
51858 2046.52 2273.58
52871.9 1940.01 2161.23
53905.7 1838.92 2054.47
54959.7 1742.99 1953.01
56034.3 1651.96 1856.6
57129.9 1565.59 1764.99
58247 1483.63 1677.94
59385.8 1405.88 1595.24
60547 1332.11 1516.66
61730.8 1262.13 1442.01
62937.8 1195.76 1371.08
64168.4 1132.8 1303.7
65423.1 1073.09 1239.69
66702.2 1016.46 1178.88
68006.4 962.756 1121.12
69336.1 911.832 1066.25
70691.8 863.548 1014.13
72074.1 817.766 964.63
73483.3 774.363 917.611
74920.1 733.215 872.949
76384.9 694.211 830.533
77878.4 657.24 790.248
79401.2 622.197 751.987
80953.6 588.986 715.652
82536.5 557.51 681.142
84150.3 2650.97 2771.66
85795.6 2508.68 2626.51
87473.2 2374.17 2489.22
89183.5 2247.02 2359.38
90927.2 2126.81 2236.55
92705.1 2013.17 2120.37
94517.8 1905.72 2010.46
96365.8 1804.13 1906.48
98249.9 1708.07 1808.1
100171 1617.24 1715.02
102130 1531.35 1626.94
104126 1450.12 1543.59
106162 1373.3 1464.72
108238 1300.65 1390.07
110354 1231.94 1319.42
112512 1166.94 1252.54
114712 1105.46 1189.24
116955 1047.3 1129.31
119242 992.288 1072.57
#S  81 Tl
#N 3
#L PhotonEnergy[eV]  Photoelectric[barn/atom]  Total[barn/atom]
2004.49 429486 433373
2043.68 411035 414917
2083.64 393376 397253
2124.38 376476 380347
2165.92 360302 364165
2208.27 344823 348678
2251.44 330009 333855
2295.47 315831 319668
2340.35 302262 306088
2386.11 289277 293091
2432.76 276849 280651
2480.33 264955 268744
2528.82 253572 257347
2578.27 242678 246438
2628.68 232252 235997
2680.08 222274 226003
2732.48 212725 216436
2785.91 203586 207279
2840.38 194840 198514
2895.92 186469 190124
2952.54 178458 182093
3010.27 170791 174406
3069.12 163454 167047
3129.14 156431 160002
3190.32 149711 153259
3252.7 143279 146804
3316.3 137123 140625
3381.14 131232 134709
3447.25 125594 129046
3514.65 120199 123625
3583.37 115035 118435
3653.43 110093 113466
3724.87 549284 552630
3797.7 522154 525472
3871.95 496363 499653
3947.66 471847 475108
4024.84 448540 451773
4103.54 426386 429589
4183.77 405325 408498
4265.58 385305 388448
4348.98 366274 369386
4434.02 348182 351263
4520.71 330985 334035
4609.1 314636 317655
4699.22 299096 302082
4791.1 284323 287278
4884.78 270279 273201
4980.29 256929 259819
5077.67 244239 247096
5176.95 232175 234999
5278.17 220707 223498
5381.37 209806 212564
5486.59 199443 202167
5593.87 189592 192282
5703.24 180227 182884
5814.75 171326 173949
5928.45 162863 165453
6044.36 154819 157374
6162.55 147172 149694
6283.04 139903 142390
6405.89 132993 135446
6531.14 126424 128843
6658.84 120179 122565
6789.04 114243 116595
6921.78 108601 110918
7057.11 103237 105521
7195.1 98137.3 100388
7335.78 93290.2 95506.8
7479.22 88682.1 90865.3
7625.45 84301.9 86451.7
7774.55 80138 82254.4
7926.56 76179.8 78263
8081.55 72417 74467.2
8239.56 68840.1 70857.5
8400.67 65439.9 67424.7
8564.92 62207.7 64160
8732.38 59135.1 61055
8903.12 56214.2 58102.1
9077.2 53437.6 55293.6
9254.69 50798.2 52622.5
9435.64 48289.2 50082.1
9620.13 45903.9 47665.7
9808.22 43636.7 45367.5
10000 41481.3 43181.4
10195.5 39432.4 41102.1
10394.9 37484.7 39124.3
10598.1 35633.3 37243
10805.3 33873.3 35453.4
11016.6 32200.2 33750.9
11232 30609.7 32131.5
11451.6 29097.8 30590.9
11675.5 27660.6 29125.3
11903.8 26294.3 27731
12136.6 24995.6 26404.5
12373.9 23761 25142.4
12615.8 22587.3 23941.6
12862.5 53662.9 54990.3
13114 51028.5 52329.5
13370.4 48521.8 49796.6
13631.8 46136.8 47385.8
13898.4 43867.5 45091.1
14170.1 41708.5 42907
14447.1 39654.5 40828.3
14729.6 53157.5 54306.8
15017.6 50536.5 51661.7
15311.3 48043 49144.4
15610.6 52978.5 54056.6
15915.9 50361.3 51416.3
16227.1 47871.8 48904.2
16544.3 45504 46514
16867.8 43251.8 44239.8
17197.6 41109.8 42076.1
17533.9 39072.6 40017.6
17876.7 37135.1 38059.2
18226.3 35292.5 36196
18582.6 33540.3 34423.5
18946 31874 32737.4
19316.4 30289.6 31133.4
19694.1 28783 29607.5
20079.2 27350.4 28156
20471.8 25988.3 26775.4
20872 24693.2 25462.1
21280.1 23461.9 24212.9
21696.2 22291.2 23024.7
22120.4 21178.3 21894.6
22552.9 20120.3 20819.7
22993.9 19114.6 19797.4
23443.5 18158.5 18825
23901.9 17249.7 17900.3
24369.2 16385.8 17020.8
24845.7 15564.7 16184.4
25331.5 14784.2 15389
25826.8 14042.5 14632.5
26331.8 13337.5 13913.2
26846.6 12667.5 13229.1
27371.5 12030.7 12578.5
27906.7 11425.6 11960
28452.3 10850.6 11371.8
29008.7 10304.2 10812.4
29575.9 9784.99 10280.5
30154.1 9291.62 9774.83
30743.7 8822.86 9293.98
31344.8 8377.47 8836.78
31957.7 7954.29 8402.05
32582.6 7552.26 7988.73
33219.7 7170.31 7595.74
33869.2 6807.46 7222.12
34531.4 6462.76 6866.89
35206.6 6135.31 6529.17
35894.9 5824.28 6208.09
36596.8 5528.81 5902.82
37312.3 5248.18 5612.63
38041.9 4981.62 5336.74
38785.7 4728.45 5074.46
39544.1 4488 4825.12
40317.3 4259.64 4588.09
41105.6 4042.77 4362.76
41909.3 3836.82 4148.56
42728.7 3641.23 3944.94
43564.2 3455.51 3751.38
44416 3279.15 3567.38
45284.4 3111.7 3392.49
46169.8 2952.7 3226.24
47072.6 2801.72 3068.2
47992.9 2658.39 2917.98
48931.3 2522.3 2775.19
49888.1 2393.11 2639.47
50863.5 2270.45 2510.46
51858 2154.02 2387.84
52871.9 2043.49 2271.29
53905.7 1938.56 2160.5
54959.7 1838.97 2055.2
56034.3 1744.43 1955.12
57129.9 1654.71 1859.99
58247 1569.54 1769.57
59385.8 1488.71 1683.63
60547 1412 1601.95
61730.8 1339.19 1524.32
62937.8 1270.1 1450.53
64168.4 1204.54 1380.4
65423.1 1142.32 1313.74
66702.2 1083.28 1250.39
68006.4 1027.26 1190.18
69336.1 974.104 1132.95
70691.8 923.669 1078.56
72074.1 875.816 1026.86
73483.3 830.416 977.725
74920.1 787.342 931.023
76384.9 746.48 886.637
77878.4 707.715 844.45
79401.2 670.941 804.352
80953.6 636.059 766.243
82536.5 602.968 730.018
84150.3 571.583 695.59
85795.6 2644.61 2765.66
87473.2 2510.13 2628.31
89183.5 2382.44 2497.84
90927.2 2261.2 2373.91
92705.1 2146.11 2256.19
94517.8 2036.85 2144.39
96365.8 1933.13 2038.19
98249.9 1834.68 1937.34
100171 1741.22 1841.56
102130 1652.52 1750.6
104126 1568.33 1664.22
106162 1488.43 1582.2
108238 1412.61 1504.31
110354 1340.64 1430.35
112512 1272.36 1360.12
114712 1207.56 1293.43
116955 1146.06 1230.11
119242 1087.71 1169.98
#S  82 Pb
#N 3
#L PhotonEnergy[eV]  Photoelectric[barn/atom]  Total[barn/atom]
2004.49 447098 451069
2043.68 428014 431981
2083.64 409744 413706
2124.38 392255 396210
2165.92 375511 379460
2208.27 359482 363423
2251.44 344138 348070
2295.47 329449 333372
2340.35 315386 319298
2386.11 301924 305825
2432.76 289036 292925
2480.33 276699 280574
2528.82 264888 268749
2578.27 253582 257428
2628.68 242758 246589
2680.08 232395 236210
2732.48 222476 226273
2785.91 212979 216759
2840.38 203888 207649
2895.92 195185 198927
2952.54 186854 190575
3010.27 178878 182578
3069.12 171243 174922
3129.14 163933 167590
3190.32 156936 160569
3252.7 150237 153847
3316.3 143824 147410
3381.14 137685 141246
3447.25 131808 135343
3514.65 126182 129691
3583.37 120796 124279
3653.43 115640 119095
3724.87 110703 114132
3797.7 105978 109378
3871.95 525712 529083
3947.66 499750 503093
4024.84 475071 478384
4103.54 451611 454894
4183.77 429309 432561
4265.58 408109 411330
4348.98 387955 391146
4434.02 368797 371955
4520.71 350585 353712
4609.1 333272 336366
4699.22 316814 319876
4791.1 301169 304199
4884.78 286296 289293
4980.29 272158 275122
5077.67 258718 261648
5176.95 245942 248838
5278.17 233797 236659
5381.37 222251 225079
5486.59 211276 214070
5593.87 200842 203602
5703.24 190924 193650
5814.75 181496 184187
5928.45 172533 175190
6044.36 164013 166635
6162.55 155914 158500
6283.04 148214 150766
6405.89 140895 143412
6531.14 133937 136420
6658.84 127323 129771
6789.04 121035 123448
6921.78 115058 117437
7057.11 109377 111720
7195.1 103975 106284
7335.78 98840.7 101115
7479.22 93959.6 96200
7625.45 89319.6 91525.8
7774.55 84908.8 87080.8
7926.56 80715.8 82853.8
8081.55 76729.8 78833.9
8239.56 72940.7 75011.2
8400.67 69338.7 71375.7
8564.92 65914.6 67918.3
8732.38 62659.5 64630.1
8903.12 59565.2 61502.9
9077.2 56623.7 58528.7
9254.69 53827.5 55700
9435.64 51169.4 53009.7
9620.13 48642.4 50450.7
9808.22 46240.4 48016.9
10000 43956.8 45701.9
10195.5 41786.2 43500
10394.9 39722.6 41405.5
10598.1 37761.1 39413.3
10805.3 35896.3 37518.2
11016.6 34123.7 35715.4
11232 32438.5 34000.6
11451.6 30836.6 32369.2
11675.5 29313.8 30817.2
11903.8 27866.2 29340.8
12136.6 26490.1 27936.2
12373.9 25182 26599.8
12615.8 23938.4 25328.4
12862.5 22756.3 24118.7
13114 53365.5 54700.8
13370.4 50733.1 52041.5
13631.8 48228.8 49510.8
13898.4 45846.6 47102.4
14170.1 43580.5 44810.5
14447.1 41425.2 42629.7
14729.6 39374.9 40554.4
15017.6 37424.9 38579.7
15311.3 50154.1 51284.5
15610.6 47667 48773.3
15915.9 52550.1 53632.7
16227.1 49940.7 51000
16544.3 47459.4 48495.8
16867.8 45099.7 46113.4
17197.6 42856 43847.5
17533.9 40722.5 41692.1
17876.7 38693.8 39641.9
18226.3 36765 37691.9
18582.6 34931.1 35837.2
18946 33187.5 34073.2
19316.4 31530 32395.6
19694.1 29954.1 30800
20079.2 28456.1 29282.5
20471.8 27032.1 27839.4
20872 25678.4 26467.1
21280.1 24391.7 25162
21696.2 23168.7 23920.9
22120.4 22006.2 22740.8
22552.9 20901.4 21618.6
22993.9 19851.3 20551.5
23443.5 18853.4 19536.9
23901.9 17905 18572.1
24369.2 17003.7 17654.8
24845.7 16147.3 16782.6
25331.5 15333.5 15953.4
25826.8 14560.1 15165
26331.8 13825.3 14415.5
26846.6 13127.2 13702.8
27371.5 12463.9 13025.3
27906.7 11833.6 12381.3
28452.3 11234.9 11769
29008.7 10666.1 11186.9
29575.9 10125.8 10633.6
30154.1 9612.47 10107.6
30743.7 9124.88 9607.56
31344.8 8661.73 9132.26
31957.7 8221.78 8680.46
32582.6 7803.94 8251.01
33219.7 7407.06 7842.8
33869.2 7030.14 7454.81
34531.4 6672.16 7086.02
35206.6 6332.2 6735.49
35894.9 6009.35 6402.34
36596.8 5702.76 6085.68
37312.3 5411.65 5784.74
38041.9 5135.2 5498.7
38785.7 4872.72 5226.86
39544.1 4623.49 4968.51
40317.3 4386.86 4722.97
41105.6 4162.2 4489.63
41909.3 3948.92 4267.88
42728.7 3746.43 4057.13
43564.2 3554.2 3856.86
44416 3371.72 3666.53
45284.4 3198.5 3485.67
46169.8 3034.08 3313.81
47072.6 2878.01 3150.48
47992.9 2729.87 2995.27
48931.3 2589.27 2847.79
49888.1 2455.83 2707.65
50863.5 2329.19 2574.48
51858 2209 2447.94
52871.9 2094.94 2327.7
53905.7 1986.7 2213.45
54959.7 1883.99 2104.88
56034.3 1786.53 2001.72
57129.9 1694.06 1903.71
58247 1606.31 1810.58
59385.8 1523.06 1722.08
60547 1444.07 1638
61730.8 1369.14 1558.1
62937.8 1298.04 1482.19
64168.4 1230.6 1410.06
65423.1 1166.62 1341.53
66702.2 1105.93 1276.41
68006.4 1048.36 1214.55
69336.1 993.755 1155.76
70691.8 941.961 1099.91
72074.1 892.835 1046.84
73483.3 846.243 996.416
74920.1 802.054 948.505
76384.9 760.148 902.986
77878.4 720.406 859.734
79401.2 682.718 818.639
80953.6 646.981 779.593
82536.5 613.092 742.491
84150.3 580.96 707.241
85795.6 550.492 673.746
87473.2 521.604 641.919
89183.5 2375.66 2493.12
90927.2 2262.59 2377.28
92705.1 2154.62 2266.63
94517.8 2051.56 2160.96
96365.8 1953.21 2060.08
98249.9 1859.36 1963.77
100171 1769.82 1871.85
102130 1684.42 1784.14
104126 1602.96 1700.44
106162 1525.3 1620.6
108238 1451.26 1544.45
110354 1380.68 1471.82
112512 1313.41 1402.56
114712 1249.33 1336.54
116955 1188.26 1273.6
119242 1130.08 1213.62
#S  83 Bi
#N 3
#L PhotonEnergy[eV]  Photoelectric[barn/atom]  Total[barn/atom]
2004.49 477953 482006
2043.68 457051 461100
2083.64 437062 441107
2124.38 417948 421987
2165.92 399670 403702
2208.27 382190 386215
2251.44 365476 369492
2295.47 349492 353500
2340.35 334208 338205
2386.11 319592 323577
2432.76 305615 309588
2480.33 292249 296210
2528.82 279468 283415
2578.27 267246 271178
2628.68 255558 259475
2680.08 244382 248282
2732.48 233694 237577
2785.91 223474 227339
2840.38 213700 217547
2895.92 204354 208181
2952.54 195417 199224
3010.27 186871 190656
3069.12 178698 182462
3129.14 170883 174624
3190.32 163410 167128
3252.7 156264 159958
3316.3 149429 153099
3381.14 142894 146539
3447.25 136645 140264
3514.65 130669 134262
3583.37 124954 128520
3653.43 119490 123028
3724.87 114264 117774
3797.7 109267 112748
3871.95 104488 107941
3947.66 99918.6 103341
4024.84 491965 495357
4103.54 467932 471294
4183.77 445073 448404
4265.58 423331 426631
4348.98 402651 405920
4434.02 382981 386217
4520.71 364273 367476
4609.1 346477 349648
4699.22 329552 332690
4791.1 313454 316558
4884.78 298140 301211
4980.29 283577 286614
5077.67 269723 272726
5176.95 256548 259516
5278.17 244015 246949
5381.37 232095 234994
5486.59 220757 223621
5593.87 209972 212802
5703.24 199715 202509
5814.75 189959 192718
5928.45 180680 183403
6044.36 171853 174541
6162.55 163458 166110
6283.04 155473 158090
6405.89 147878 150459
6531.14 140654 143200
6658.84 133783 136293
6789.04 127248 129722
6921.78 121032 123471
7057.11 115119 117523
7195.1 109495 111864
7335.78 104147 106480
7479.22 99058.9 101357
7625.45 94219.9 96482.6
7774.55 89617.2 91844.9
7926.56 85239.3 87432.2
8081.55 81075.3 83233.6
8239.56 77114.8 79238.5
8400.67 73347.6 75437.1
8564.92 69764.7 71820
8732.38 66356.6 68377.9
8903.12 63115 65102.7
9077.2 60031.8 61985.9
9254.69 57099.2 59020
9435.64 54309.9 56197.7
9620.13 51656.8 53511.7
9808.22 49133.4 50955.8
10000 46733.1 48523.2
10195.5 44450.2 46208.3
10394.9 42278.8 44005.1
10598.1 40213.5 41908.4
10805.3 38249.1 39912.8
11016.6 36380.5 38013.4
11232 34603.3 36205.7
11451.6 32912.9 34485
11675.5 31305.1 32847.3
11903.8 29775.8 31288.5
12136.6 28321.2 29804.6
12373.9 26937.8 28392.2
12615.8 25621.8 27047.7
12862.5 24370.2 25767.8
13114 23179.7 24549.4
13370.4 22047.3 23389.5
13631.8 49071.9 50386.9
13898.4 46711.1 47999.3
14170.1 44462 45723.7
14447.1 42319.3 43554.8
14729.6 40277.9 41487.7
15017.6 38333.4 39517.8
15311.3 36481.1 37640.5
15610.6 34716.8 35851.5
15915.9 46581.2 47691.7
16227.1 44324.4 45410.9
16544.3 48923.2 49986.1
16867.8 46548.7 47588.4
17197.6 44287.5 45304.4
17533.9 42134.4 43128.8
17876.7 40084.1 41056.4
18226.3 38131.8 39082.4
18582.6 36273.1 37202.3
18946 34503.3 35411.6
19316.4 32818.5 33706.1
19694.1 31214.6 32081.8
20079.2 29687.7 30535
20471.8 28234.2 29062
20872 26850.7 27659.3
21280.1 25533.8 26323.6
21696.2 24280.5 25051.7
22120.4 23087.7 23840.7
22552.9 21952.4 22687.6
22993.9 20872 21589.8
23443.5 19844 20544.6
23901.9 18865.7 19549.5
24369.2 17934.8 18602.2
24845.7 17049.1 17700.3
25331.5 16206.5 16841.9
25826.8 15404.8 16024.7
26331.8 14642 15246.8
26846.6 13916.5 14506.4
27371.5 13226.3 13801.6
27906.7 12569.7 13130.8
28452.3 11945.3 12492.5
29008.7 11351.3 11884.8
29575.9 10786.4 11306.6
30154.1 10249.1 10756.3
30743.7 9738.2 10232.6
31344.8 9252.33 9734.33
31957.7 8790.3 9260.1
32582.6 8350.98 8808.88
33219.7 7933.24 8379.51
33869.2 7536.09 7971
34531.4 7158.49 7582.29
35206.6 6799.5 7212.47
35894.9 6458.23 6860.62
36596.8 6133.81 6525.86
37312.3 5825.43 6207.4
38041.9 5532.31 5904.44
38785.7 5253.69 5616.22
39544.1 4988.89 5342.05
40317.3 4737.23 5081.25
41105.6 4498.05 4833.16
41909.3 4270.77 4597.19
42728.7 4054.78 4372.73
43564.2 3849.55 4159.24
44416 3654.53 3956.18
45284.4 3469.25 3763.06
46169.8 3293.21 3579.38
47072.6 3125.96 3404.69
47992.9 2967.08 3238.55
48931.3 2816.14 3080.56
49888.1 2672.77 2930.31
50863.5 2536.58 2787.43
51858 2407.22 2651.55
52871.9 2284.36 2522.35
53905.7 2167.66 2399.49
54959.7 2056.85 2282.66
56034.3 1951.6 2171.58
57129.9 1851.66 2065.96
58247 1756.76 1965.53
59385.8 1666.65 1870.04
60547 1581.09 1779.26
61730.8 1499.85 1692.94
62937.8 1422.73 1610.87
64168.4 1349.51 1532.85
65423.1 1280 1458.67
66702.2 1214.02 1388.16
68006.4 1151.39 1321.12
69336.1 1091.94 1257.38
70691.8 1035.51 1196.8
72074.1 981.955 1139.2
73483.3 931.129 1084.45
74920.1 882.893 1032.4
76384.9 837.12 982.924
77878.4 793.683 935.891
79401.2 752.467 891.183
80953.6 713.361 848.687
82536.5 676.254 808.289
84150.3 641.05 769.891
85795.6 607.652 733.392
87473.2 575.968 698.697
89183.5 545.911 665.719
90927.2 2447.85 2564.82
92705.1 2328.3 2442.52
94517.8 2214.36 2325.91
96365.8 2105.79 2214.75
98249.9 2002.37 2108.81
100171 1903.84 2007.85
102130 1810.01 1911.65
104126 1720.66 1820
106162 1635.58 1732.7
108238 1554.6 1649.55
110354 1477.51 1570.37
112512 1404.15 1494.97
114712 1334.35 1423.19
116955 1267.93 1354.86
119242 1204.75 1289.82
#S  86 Rn
#N 3
#L PhotonEnergy[eV]  Photoelectric[barn/atom]  Total[barn/atom]
2004.49 564549 568868
2043.68 541748 546065
2083.64 519868 524181
2124.38 498871 503180
2165.92 478722 483025
2208.27 459387 463683
2251.44 440834 445122
2295.47 423030 427308
2340.35 405944 410213
2386.11 389548 393807
2432.76 373815 378062
2480.33 358718 362951
2528.82 344229 348449
2578.27 330327 334532
2628.68 316985 321175
2680.08 304183 308356
2732.48 291898 296053
2785.91 280108 284245
2840.38 268795 272913
2895.92 257939 262036
2952.54 247521 251598
3010.27 237524 241579
3069.12 227931 231964
3129.14 218725 222734
3190.32 209891 213876
3252.7 201414 205375
3316.3 193279 197214
3381.14 185473 189382
3447.25 177982 181864
3514.65 170794 174648
3583.37 163896 167721
3653.43 157276 161073
3724.87 150924 154691
3797.7 144829 148565
3871.95 138979 142685
3947.66 133366 137041
4024.84 127980 131623
4103.54 122811 126422
4183.77 117851 121429
4265.58 113091 116636
4348.98 108524 112035
4434.02 104140 107617
4520.71 426430 429872
4609.1 405418 408825
4699.22 385442 388814
4791.1 366450 369787
4884.78 348393 351694
4980.29 331227 334492
5077.67 314906 318134
5176.95 299390 302581
5278.17 284637 287792
5381.37 270612 273730
5486.59 257278 260359
5593.87 244601 247644
5703.24 232549 235554
5814.75 221090 224058
5928.45 210196 213126
6044.36 199839 202731
6162.55 189993 192847
6283.04 180631 183447
6405.89 171731 174508
6531.14 163269 166008
6658.84 155224 157925
6789.04 147575 150239
6921.78 140304 142929
7057.11 133391 135978
7195.1 126818 129367
7335.78 120570 123081
7479.22 114628 117102
7625.45 108980 111416
7774.55 103610 106008
7926.56 98505.3 100866
8081.55 93651.4 95974.8
8239.56 89036.9 91323.1
8400.67 84649.7 86899
8564.92 80478.8 82691.4
8732.38 76513.4 78689.4
8903.12 72743.3 74882.9
9077.2 69159 71262.5
9254.69 65751.2 67818.9
9435.64 62511.5 64543.6
9620.13 59431.3 61428
9808.22 56502.9 58464.6
10000 53718.8 55645.7
10195.5 51071.9 52964.3
10394.9 48555.3 50413.5
10598.1 46162.9 47987.1
10805.3 43888.3 45679
11016.6 41725.7 43483.1
11232 39669.8 41394.3
11451.6 37715.1 39406.9
11675.5 35856.8 37516.4
11903.8 34089.9 35717.6
12136.6 32410.2 34006.3
12373.9 30813.2 32378.2
12615.8 29295 30829.1
12862.5 27851.5 29355.1
13114 26479.2 27952.7
13370.4 25174.5 26618.2
13631.8 23934 25348.4
13898.4 22754.7 24140.2
14170.1 21633.5 22990.4
14447.1 20567.5 21896.2
14729.6 44650.5 45951.4
15017.6 42507.6 43781.1
15311.3 40465.2 41711.7
15610.6 38519 39738.8
15915.9 36664.4 37858
16227.1 34897.1 36064.8
16544.3 33213.2 34355.5
16867.8 31608.8 32726.1
17197.6 30080.4 31173
17533.9 40360.2 41428.6
17876.7 38404.3 39448.8
18226.3 42387.9 43409
18582.6 40329.4 41327.4
18946 38368.8 39344.1
19316.4 36501.6 37454.6
19694.1 34723.2 35654.4
20079.2 33029.8 33939.5
20471.8 31417.3 32305.8
20872 29881.8 30749.6
21280.1 28419.9 29267.3
21696.2 27027.9 27855.4
22120.4 25702.8 26510.7
22552.9 24441.3 25229.9
22993.9 23240.5 24010.3
23443.5 22097.4 22848.7
23901.9 21009.4 21742.6
24369.2 19974 20689.4
24845.7 18988.5 19686.5
25331.5 18050.7 18731.6
25826.8 17158.2 17822.5
26331.8 16309 16956.8
26846.6 15501 16132.8
27371.5 14732.1 15348.3
27906.7 14000.7 14601.6
28452.3 13304.9 13890.7
29008.7 12643 13214.1
29575.9 12013.3 12570.1
30154.1 11414.4 11957.1
30743.7 10844.7 11373.7
31344.8 10303 10818.5
31957.7 9787.71 10290.1
32582.6 9297.74 9787.3
33219.7 8831.79 9308.82
33869.2 8388.75 8853.54
34531.4 7967.5 8420.33
35206.6 7566.99 8008.15
35894.9 7186.24 7615.99
36596.8 6824.24 7242.87
37312.3 6480.16 6887.93
38041.9 6153.07 6550.24
38785.7 5842.19 6229.02
39544.1 5546.71 5923.46
40317.3 5265.88 5632.8
41105.6 4999 5356.32
41909.3 4745.4 5093.37
42728.7 4504.4 4843.26
43564.2 4275.42 4605.4
44416 4057.86 4379.18
45284.4 3851.16 4164.05
46169.8 3654.8 3959.46
47072.6 3468.24 3764.91
47992.9 3291.04 3579.91
48931.3 3122.72 3404
49888.1 2962.85 3236.74
50863.5 2811.01 3077.71
51858 2666.81 2926.5
52871.9 2529.87 2782.75
53905.7 2399.82 2646.08
54959.7 2276.34 2516.15
56034.3 2159.1 2392.63
57129.9 2047.78 2275.21
58247 1942.1 2163.59
59385.8 1841.77 2057.49
60547 1746.53 1956.64
61730.8 1656.12 1860.78
62937.8 1570.31 1769.67
64168.4 1488.87 1683.07
65423.1 1411.57 1600.76
66702.2 1338.21 1522.54
68006.4 1268.59 1448.2
69336.1 1202.54 1377.55
70691.8 1139.86 1310.41
72074.1 1080.38 1246.6
73483.3 1023.96 1185.97
74920.1 970.427 1128.35
76384.9 919.645 1073.6
77878.4 871.473 1021.58
79401.2 825.779 972.145
80953.6 782.439 925.176
82536.5 741.332 880.545
84150.3 702.348 838.142
85795.6 665.377 797.852
87473.2 630.318 759.573
89183.5 597.074 723.203
90927.2 565.553 688.65
92705.1 535.667 655.822
94517.8 507.331 624.632
96365.8 480.47 595.001
98249.9 455.006 566.851
100171 2135.71 2244.95
102130 2028.79 2135.5
104126 1927.2 2031.46
106162 1830.7 1932.58
108238 1739.01 1838.58
110354 1651.92 1749.25
112512 1569.18 1664.34
114712 1490.59 1583.65
116955 1415.94 1506.96
119242 1345.04 1434.08
#S  90 Th
#N 3
#L PhotonEnergy[eV]  Photoelectric[barn/atom]  Total[barn/atom]
2004.49 689327 693957
2043.68 664274 668903
2083.64 640131 644758
2124.38 616865 621488
2165.92 594445 599064
2208.27 572840 577453
2251.44 552020 556626
2295.47 531957 536556
2340.35 512622 517212
2386.11 493991 498571
2432.76 476037 480606
2480.33 458736 463292
2528.82 442062 446606
2578.27 425996 430525
2628.68 410513 415027
2680.08 395593 400090
2732.48 381215 385695
2785.91 367360 371821
2840.38 354008 358450
2895.92 341141 345563
2952.54 328742 333143
3010.27 316794 321173
3069.12 305280 309636
3129.14 294185 298516
3190.32 283493 287800
3252.7 273190 277471
3316.3 263260 267515
3381.14 253692 257920
3447.25 244471 248671
3514.65 235586 239758
3583.37 227024 231166
3653.43 218772 222884
3724.87 210821 214902
3797.7 203159 207208
3871.95 195775 199792
3947.66 188660 192644
4024.84 181803 185754
4103.54 175195 179112
4183.77 168828 172710
4265.58 162691 166539
4348.98 156779 160590
4434.02 151080 154856
4520.71 145589 149329
4609.1 140298 144000
4699.22 135199 138864
4791.1 130285 133912
4884.78 125550 129139
4980.29 120987 124537
5077.67 116589 120101
5176.95 112352 115824
5278.17 343450 346884
5381.37 326678 330071
5486.59 310724 314078
5593.87 295550 298863
5703.24 281116 284389
5814.75 267388 270620
5928.45 254330 257522
6044.36 241909 245060
6162.55 230095 233206
6283.04 218858 221928
6405.89 208170 211199
6531.14 198004 200991
6658.84 188334 191281
6789.04 179136 182042
6921.78 170388 173253
7057.11 162067 164891
7195.1 154152 156935
7335.78 146624 149366
7479.22 139464 142164
7625.45 132653 135313
7774.55 126175 128794
7926.56 120013 122592
8081.55 114152 116690
8239.56 108577 111075
8400.67 103275 105733
8564.92 98231.2 100650
8732.38 93434 95812.7
8903.12 88871 91210.4
9077.2 84530.8 86831
9254.69 80402.8 82664
9435.64 76476.3 78698.9
9620.13 72741.3 74925.5
9808.22 69189.1 71335.1
10000 65810 67918.3
10195.5 62596.2 64666.9
10394.9 59539.1 61572.6
10598.1 56631.6 58628.2
10805.3 53865.9 55826
11016.6 51235.2 53159.1
11232 48733.2 50621.2
11451.6 46353.2 48205.6
11675.5 44089.5 45906.8
11903.8 41936.3 43718.9
12136.6 39888.3 41636.4
12373.9 37940.4 39654.4
12615.8 36087.5 37767.9
12862.5 34325.1 35972.2
13114 32648.8 34263.1
13370.4 31054.4 32636.2
13631.8 29537.8 31087.6
13898.4 28095.3 29613.4
14170.1 26723.2 28210.1
14447.1 25418.2 26874.3
14729.6 24176.8 25602.5
15017.6 22996.2 24391.8
15311.3 21873.1 23239.2
15610.6 20804.9 22141.9
15915.9 19788.9 21097.2
16227.1 18822.5 20102.5
16544.3 42709.7 43961.9
16867.8 40567.5 41792.3
17197.6 38532.7 39730.5
17533.9 36599.7 37770.9
17876.7 34763.4 35908.4
18226.3 33019.1 34138.4
18582.6 31362 32456.1
18946 29788.1 30857.3
19316.4 28292.9 29337.7
19694.1 37890.4 38911.2
20079.2 35988.1 36985.3
20471.8 39650.1 40624.1
20872 37658.9 38610.2
21280.1 35767.7 36696.6
21696.2 33971.1 34878.1
22120.4 32264.6 33150.2
22552.9 30643.7 31508.1
22993.9 29104 29947.7
23443.5 27641.5 28465
23901.9 26252.4 27055.9
24369.2 24932.9 25716.9
24845.7 23679.5 24444.4
25331.5 22489.1 23235.3
25826.8 21358.4 22086.2
26331.8 20284.4 20994.2
26846.6 19264.3 19956.5
27371.5 18295.4 18970.4
27906.7 17375.1 18033.2
28452.3 16501 17142.7
29008.7 15670.8 16296.3
29575.9 14882.3 15492
30154.1 14133.4 14727.6
30743.7 13422.1 14001.2
31344.8 12746.5 13310.8
31957.7 12104.8 12654.7
32582.6 11495.4 12031.2
33219.7 10916.6 11438.6
33869.2 10366.8 10875.4
34531.4 9844.74 10340.1
35206.6 9348.87 9831.4
35894.9 8877.94 9347.93
36596.8 8430.66 8888.4
37312.3 8005.89 8451.68
38041.9 7602.46 8036.59
38785.7 7219.32 7642.07
39544.1 6855.44 7267.1
40317.3 6509.88 6910.71
41105.6 6181.69 6571.97
41909.3 5870.01 6250
42728.7 5574.01 5943.96
43564.2 5292.92 5653.09
44416 5025.96 5376.6
45284.4 4772.45 5113.8
46169.8 4531.69 4864
47072.6 4303.05 4626.55
47992.9 4085.92 4400.84
48931.3 3879.73 4186.29
49888.1 3683.92 3982.34
50863.5 3497.97 3788.48
51858 3321.39 3604.19
52871.9 3153.71 3429
53905.7 2994.47 3262.46
54959.7 2843.26 3104.15
56034.3 2699.66 2953.64
57129.9 2563.3 2810.57
58247 2433.81 2674.55
59385.8 2310.86 2545.24
60547 2194.1 2422.3
61730.8 2083.23 2305.43
62937.8 1977.94 2194.31
64168.4 1877.98 2088.67
65423.1 1783.04 1988.22
66702.2 1692.9 1892.73
68006.4 1607.31 1801.93
69336.1 1526.04 1715.6
70691.8 1448.86 1633.52
72074.1 1375.58 1555.47
73483.3 1306 1481.26
74920.1 1239.93 1410.69
76384.9 1177.2 1343.6
77878.4 1117.64 1279.79
79401.2 1061.08 1219.12
80953.6 1007.38 1161.43
82536.5 956.387 1106.56
84150.3 907.974 1054.39
85795.6 862.005 1004.77
87473.2 818.358 957.583
89183.5 776.918 912.707
90927.2 737.572 870.027
92705.1 700.214 829.436
94517.8 664.743 790.828
96365.8 631.067 754.109
98249.9 599.093 719.184
100171 568.735 685.963
102130 539.913 654.365
104126 512.548 624.307
106162 486.567 595.716
108238 461.9 568.516
110354 1926.55 2030.7
112512 1831.41 1933.19
114712 1740.95 1840.42
116955 1654.92 1752.15
119242 1573.12 1668.18
#S  92 U
#N 3
#L PhotonEnergy[eV]  Photoelectric[barn/atom]  Total[barn/atom]
2004.49 678979 683853
2043.68 651652 656525
2083.64 625424 630295
2124.38 600253 605120
2165.92 576094 580956
2208.27 552907 557763
2251.44 530655 535504
2295.47 509297 514138
2340.35 488799 493630
2386.11 469126 473946
2432.76 450245 455054
2480.33 432123 436919
2528.82 414731 419513
2578.27 398040 402807
2628.68 382019 386770
2680.08 366644 371378
2732.48 351887 356603
2785.91 337725 342421
2840.38 324132 328808
2895.92 311086 315741
2952.54 298566 303198
3010.27 286549 291158
3069.12 275017 279602
3129.14 263948 268507
3190.32 253324 257858
3252.7 243129 247636
3316.3 233344 237822
3381.14 223952 228402
3447.25 214938 219359
3514.65 206288 210678
3583.37 197985 202345
3653.43 190017 194344
3724.87 182369 186664
3797.7 175029 179291
3871.95 167985 172213
3947.66 161224 165418
4024.84 154735 158894
4103.54 148507 152630
4183.77 142530 146616
4265.58 136794 140843
4348.98 131288 135300
4434.02 126004 129978
4520.71 120932 124868
4609.1 116065 119962
4699.22 111394 115252
4791.1 106911 110729
4884.78 102608 106385
4980.29 98478.1 102215
5077.67 94514.5 98210.9
5176.95 90710.6 94365.8
5278.17 87059.6 90673.4
5381.37 83555.7 87127.8
5486.59 80192.8 83722.8
5593.87 300221 303709
5703.24 285652 289097
5814.75 271789 275192
5928.45 258600 261960
6044.36 246050 249367
6162.55 234110 237384
6283.04 222748 225979
6405.89 211939 215127
6531.14 201653 204798
6658.84 191867 194969
6789.04 182556 185614
6921.78 173697 176712
7057.11 165268 168240
7195.1 157247 160176
7335.78 149616 152502
7479.22 142355 145198
7625.45 135447 138247
7774.55 128874 131631
7926.56 122620 125334
8081.55 116669 119341
8239.56 111007 113637
8400.67 105620 108208
8564.92 100494 103040
8732.38 95617.7 98121.7
8903.12 90977.3 93439.9
9077.2 86562.3 88983.7
9254.69 82361.5 84741.9
9435.64 78364.7 80704.4
9620.13 74561.6 76860.9
9808.22 70943.3 73202.4
10000 67500.4 69719.7
10195.5 64224.7 66404.5
10394.9 61107.8 63248.5
10598.1 58142.3 60244.2
10805.3 55320.8 57384.2
11016.6 52636.1 54661.3
11232 50081.7 52069.2
11451.6 47651.2 49601.3
11675.5 45338.8 47251.9
11903.8 43138.6 45015
12136.6 41045.1 42885.3
12373.9 39053.2 40857.6
12615.8 37158 38926.9
12862.5 35354.7 37088.6
13114 33639 35338.4
13370.4 32006.5 33671.7
13631.8 30453.3 32084.7
13898.4 28975.4 30573.5
14170.1 27569.3 29134.5
14447.1 26231.4 27764.2
14729.6 24958.3 26459.1
15017.6 23747.2 25216.4
15311.3 22594.7 24032.8
15610.6 21498.2 22905.6
15915.9 20455 21832.2
16227.1 19462.2 20809.7
16544.3 18517.8 19835.9
16867.8 17619.1 18908.4
17197.6 0 1260.82
17533.9 0 1232.85
17876.7 0 1205.33
18226.3 0 1178.26
18582.6 0 1151.64
18946 0 1125.46
19316.4 0 1099.74
19694.1 0 1074.46
20079.2 0 1049.62
20471.8 0 1025.22
20872 0 1001.26
21280.1 0 977.743
21696.2 0 954.655
22120.4 0 931.998
22552.9 0 909.767
22993.9 0 887.962
23443.5 0 866.578
23901.9 0 845.611
24369.2 0 825.058
24845.7 0 804.914
25331.5 0 785.177
25826.8 0 765.841
26331.8 0 746.903
26846.6 0 728.358
27371.5 0 710.202
27906.7 0 692.43
28452.3 0 675.038
29008.7 0 658.02
29575.9 0 641.373
30154.1 0 625.091
30743.7 0 609.17
31344.8 0 593.604
31957.7 0 578.388
32582.6 0 563.519
33219.7 0 548.988
33869.2 0 534.793
34531.4 0 520.928
35206.6 0 507.388
35894.9 0 494.168
36596.8 0 481.262
37312.3 0 468.665
38041.9 0 456.372
38785.7 0 444.378
39544.1 0 432.677
40317.3 0 421.264
41105.6 0 410.134
41909.3 0 399.282
42728.7 0 388.703
43564.2 0 378.391
44416 0 368.341
45284.4 0 358.55
46169.8 0 349.01
47072.6 0 339.717
47992.9 0 330.666
48931.3 0 321.852
49888.1 0 313.271
50863.5 0 304.918
51858 0 296.786
52871.9 0 288.873
53905.7 0 281.173
54959.7 0 273.681
56034.3 0 266.393
57129.9 0 259.304
58247 0 252.41
59385.8 0 245.706
60547 0 239.188
61730.8 0 232.851
62937.8 0 226.692
64168.4 0 220.706
65423.1 0 214.888
66702.2 0 209.235
68006.4 0 203.744
69336.1 0 198.409
70691.8 0 193.226
72074.1 0 188.193
73483.3 0 183.305
74920.1 0 178.559
76384.9 0 173.951
77878.4 0 169.477
79401.2 0 165.134
80953.6 0 160.919
82536.5 0 156.827
84150.3 0 152.856
85795.6 0 149.003
87473.2 0 145.264
89183.5 0 141.636
90927.2 0 138.117
92705.1 0 134.702
94517.8 0 131.39
96365.8 0 128.177
98249.9 0 125.061
100171 0 122.038
102130 0 119.107
104126 0 116.264
106162 0 113.507
108238 0 110.834
110354 0 108.242
112512 0 105.728
114712 0 103.29
116955 1810.65 1911.58
119242 1720.82 1819.45
#S  94 Pu
#N 3
#L PhotonEnergy[eV]  Photoelectric[barn/atom]  Total[barn/atom]
2004.49 765302 770431
2043.68 737981 743109
2083.64 711636 716761
2124.38 686230 691352
2165.92 661732 666849
2208.27 638109 643219
2251.44 615329 620432
2295.47 593362 598456
2340.35 572179 577263
2386.11 551753 556826
2432.76 532056 537116
2480.33 513061 518108
2528.82 494745 499777
2578.27 477084 482100
2628.68 460052 465051
2680.08 443628 448609
2732.48 427791 432753
2785.91 412519 417460
2840.38 397792 402712
2895.92 383591 388489
2952.54 369897 374771
3010.27 356692 361542
3069.12 343958 348783
3129.14 331679 336477
3190.32 319838 324609
3252.7 308421 313163
3316.3 297410 302123
3381.14 286793 291476
3447.25 276554 281206
3514.65 266682 271302
3583.37 257161 261749
3653.43 247980 252535
3724.87 239128 243648
3797.7 230591 235076
3871.95 222359 226809
3947.66 214421 218834
4024.84 206766 211142
4103.54 199385 203724
4183.77 192267 196567
4265.58 185403 189665
4348.98 178784 183007
4434.02 172402 176584
4520.71 166247 170389
4609.1 160312 164413
4699.22 154589 158649
4791.1 149070 153088
4884.78 143748 147724
4980.29 138617 142550
5077.67 133668 137558
5176.95 128896 132743
5278.17 124295 128098
5381.37 119858 123617
5486.59 115579 119294
5593.87 111453 115123
5703.24 107474 111100
5814.75 103637 107218
5928.45 305408 308944
6044.36 290291 293782
6162.55 275922 279368
6283.04 262264 265665
6405.89 249283 252638
6531.14 236944 240254
6658.84 225216 228480
6789.04 214068 217287
6921.78 203472 206646
7057.11 193401 196529
7195.1 183828 186910
7335.78 174729 177766
7479.22 166080 169072
7625.45 157859 160806
7774.55 150045 152948
7926.56 142619 145476
8081.55 135559 138372
8239.56 128849 131618
8400.67 122471 125195
8564.92 116410 119089
8732.38 110648 113283
8903.12 105171 107763
9077.2 99965 102514
9254.69 95016.8 97522.6
9435.64 90313.8 92776.8
9620.13 85843.3 88263.8
9808.22 81594.3 83972.6
10000 77555.5 79891.9
10195.5 73716.7 76011.6
10394.9 70067.8 72321.4
10598.1 66599.7 68812.4
10805.3 63303.2 65475.4
11016.6 60169.7 62301.9
11232 57191.5 59283.9
11451.6 54360.6 56413.7
11675.5 51669.9 53684
11903.8 49112.3 51087.9
12136.6 46681.4 48618.8
12373.9 44370.7 46270.4
12615.8 42174.5 44036.9
12862.5 40086.9 41912.5
13114 38102.7 39891.9
13370.4 36216.7 37969.9
13631.8 34424 36141.7
13898.4 32720.1 34402.8
14170.1 31100.5 32748.5
14447.1 29561.1 31175
14729.6 28097.9 29678.1
15017.6 26707.1 28254.1
15311.3 25385.2 26899.3
15610.6 24128.7 25610.6
15915.9 22934.4 24384.5
16227.1 21799.1 23217.9
16544.3 20720.1 22108
16867.8 19694.5 21052
17197.6 18719.7 20047.2
17533.9 17793.1 19091.2
17876.7 16912.4 18181.5
18226.3 36240.9 37481.5
18582.6 34527.7 35740.2
18946 32893.3 34078.3
19316.4 31334.4 32492.3
19694.1 29847.6 30978.9
20079.2 28429.5 29534.7
20471.8 27077.2 28156.6
20872 25787.5 26841.8
21280.1 24557.9 25587.3
21696.2 23385.3 24390.4
22120.4 22267.4 23248.7
22552.9 29894.3 30852.1
22993.9 28461.8 29396.7
23443.5 31431.6 32343.9
23901.9 29921.6 30811.9
24369.2 28482.5 29351.1
24845.7 27110.8 27958.2
25331.5 25803.7 26630.3
25826.8 24558 25364.3
26331.8 23371.1 24157.4
26846.6 22240.1 23006.9
27371.5 21162.6 21910.2
27906.7 20136 20864.9
28452.3 19158.1 19868.6
29008.7 18226.5 18919.1
29575.9 17339.2 18014.2
30154.1 16494 17151.9
30743.7 15689 16330.1
31344.8 14922.5 15547.2
31957.7 14192.5 14801.1
32582.6 13497.3 14090.3
33219.7 12835.5 13413.1
33869.2 12205.3 12768
34531.4 11605.4 12153.5
35206.6 11034.2 11568
35894.9 10490.6 11010.4
36596.8 9973.03 10479.3
37312.3 9480.5 9973.48
38041.9 9011.7 9491.72
38785.7 8565.57 9032.94
39544.1 8141.01 8596.03
40317.3 7737.02 8180.01
41105.6 7352.63 7783.88
41909.3 6986.91 7406.71
42728.7 6638.95 7047.6
43564.2 6307.96 6705.72
44416 5993.07 6380.24
45284.4 5693.57 6070.4
46169.8 5408.7 5775.47
47072.6 5137.76 5494.72
47992.9 4880.1 5227.51
48931.3 4635.07 4973.18
49888.1 4402.07 4731.13
50863.5 4180.52 4500.77
51858 3969.88 4281.55
52871.9 3769.63 4072.94
53905.7 3579.24 3874.43
54959.7 3398.28 3685.55
56034.3 3226.25 3505.83
57129.9 3062.75 3334.85
58247 2907.35 3172.17
59385.8 2759.67 3017.41
60547 2619.33 2870.19
61730.8 2485.97 2730.14
62937.8 2359.26 2596.92
64168.4 2238.87 2470.21
65423.1 2124.48 2349.69
66702.2 2015.82 2235.06
68006.4 1912.6 2126.03
69336.1 1814.55 2022.35
70691.8 1721.43 1923.75
72074.1 1632.97 1829.98
73483.3 1548.97 1740.82
74920.1 1469.2 1656.04
76384.9 1393.46 1575.42
77878.4 1321.53 1498.77
79401.2 1253.24 1425.9
80953.6 1188.41 1356.61
82536.5 1126.86 1290.74
84150.3 1068.43 1228.12
85795.6 1012.97 1168.59
87473.2 960.331 1111.99
89183.5 910.369 1058.2
90927.2 862.954 1007.07
92705.1 817.958 958.462
94517.8 775.259 912.264
96365.8 734.745 868.355
98249.9 696.306 826.623
100171 659.835 786.959
102130 625.237 749.264
104126 592.416 713.439
106162 561.284 679.395
108238 531.754 647.041
110354 503.748 616.296
112512 477.186 587.078
114712 451.998 559.316
116955 428.112 532.933
119242 405.464 507.865
